finding_id,country_iso3,valid_time,as_of,mechanism_id,mechanism_name,status,severity,score,active_indicator_count,acute_indicator_count,independent_source_count,required_indicators,missing_required_indicators,active_indicators,interpretation,red_team_question,evidence_status
AUS-FX_EXTERNAL_FINANCING_STRESS-20250131,AUS,2025-01-31 00:00:00+00:00,2026-10-03 00:00:00+00:00,FX_EXTERNAL_FINANCING_STRESS,FX and external-financing stress,insufficient_evidence,NOT_ASSESSABLE,,1,0,1,FX_PRESSURE,,FX_PRESSURE,"FX pressure co-occurs with reserve loss, external financing pressure, or sovereign rollover stress. This is a stress pattern, not proof of a currency crisis.","Could the FX movement be a temporary global-risk, valuation, seasonal, or policy-regime event rather than domestic external-financing stress?",MODEL_DERIVED_FROM_VERIFIED_OBSERVATIONS
AUS-SOVEREIGN_REFINANCING_STRESS-20250131,AUS,2025-01-31 00:00:00+00:00,2026-10-03 00:00:00+00:00,SOVEREIGN_REFINANCING_STRESS,Sovereign refinancing and debt-service stress,insufficient_evidence,NOT_ASSESSABLE,,1,0,1,SOVEREIGN_REFINANCING,SOVEREIGN_REFINANCING,FX_PRESSURE,"Rollover/debt-service pressure co-occurs with fiscal cash-flow, hidden-liability, FX, or external-financing stress. It is not a default determination.","Are maturity data complete across central government, SOEs, local government, public banks, and guaranteed entities?",MODEL_DERIVED_FROM_VERIFIED_OBSERVATIONS
AUS-COMPOUND_SYSTEMIC_STRESS-20250131,AUS,2025-01-31 00:00:00+00:00,2026-10-03 00:00:00+00:00,COMPOUND_SYSTEMIC_STRESS,Compound systemic stress,single_source_caution,NOT_ASSESSABLE,,1,0,1,,,FX_PRESSURE,"Several distinct stress families are simultaneously active. This is a prioritization signal for human review, not a formal systemic-crisis declaration.","Do multiple signals genuinely arise from distinct mechanisms, or are they a common shock, common source, or double-counted transformation?",MODEL_DERIVED_FROM_VERIFIED_OBSERVATIONS
AUS-FISCAL_CASHFLOW_AND_HIDDEN_LIABILITY-20220101,AUS,2022-01-01 00:00:00+00:00,2026-10-03 00:00:00+00:00,FISCAL_CASHFLOW_AND_HIDDEN_LIABILITY,Fiscal cash-flow and hidden-liability stress,insufficient_evidence,NOT_ASSESSABLE,,1,0,1,FISCAL_CASHFLOW,FISCAL_CASHFLOW,SOVEREIGN_REFINANCING,"Tax/refund/budget cash-flow pressure overlaps with guarantees, PPPs, SOEs, public banks, refinancing, or company cash-flow deterioration.","Could cash-flow volatility reflect calendar effects, tax amnesties, one-off transfers, accounting reclassification, or delayed publication?",MODEL_DERIVED_FROM_VERIFIED_OBSERVATIONS
AUS-THORNTON_SKYSCRAPER_MALINVESTMENT-20220101,AUS,2022-01-01 00:00:00+00:00,2026-10-03 00:00:00+00:00,THORNTON_SKYSCRAPER_MALINVESTMENT,Thornton malinvestment and time-to-build cycle stress,insufficient_evidence,NOT_ASSESSABLE,,1,0,1,REAL_ACTIVITY,REAL_ACTIVITY,SOVEREIGN_REFINANCING,Overextension in long-gestation capital goods / megaprojects and artificial credit expansion enters the time-to-build completion phase as liquidity tightens (Thornton Skyscraper Curse). Malinvestment becomes stranded.,"Are construction or capital expenditure surges driven by genuine demographic demand and productive infrastructure, or by subsidized interest rates and speculative prestige projects?",MODEL_DERIVED_FROM_VERIFIED_OBSERVATIONS
AUS-SOVEREIGN_HOSTAGE_BANK_NEXUS-20220101,AUS,2022-01-01 00:00:00+00:00,2026-10-03 00:00:00+00:00,SOVEREIGN_HOSTAGE_BANK_NEXUS,Sovereign-bank nexus and bailout hostage stress,insufficient_evidence,NOT_ASSESSABLE,,1,0,1,BANK_CAPITAL,BANK_CAPITAL,SOVEREIGN_REFINANCING,Severe banking distress in an oversized financial system threatens to socialize bank private losses onto the sovereign balance sheet (Talbott Hostage Nexus / Doom Loop).,Does the jurisdiction possess a credible bail-in resolution framework (BRRD / FDIC style) or will public balance sheets be forced into an unconditional 0% haircut bailout?,MODEL_DERIVED_FROM_VERIFIED_OBSERVATIONS
AUS-HOUSEHOLD_DEBT_AND_COST_OF_LIVING-20201231,AUS,2020-12-31 00:00:00+00:00,2026-10-03 00:00:00+00:00,HOUSEHOLD_DEBT_AND_COST_OF_LIVING,Household debt and cost-of-living stress,insufficient_evidence,NOT_ASSESSABLE,,1,1,1,HOUSEHOLD_DEBT,HOUSEHOLD_DEBT,REAL_ACTIVITY,"Debt-service/delinquency pressure overlaps with essential-cost inflation, income-distribution stress, or real-activity deterioration.","Are household debt, income, arrears and delinquency definitions stable and representative, including informal households?",MODEL_DERIVED_FROM_VERIFIED_OBSERVATIONS
AUS-CORPORATE_CASHFLOW_AND_REAL_ACTIVITY-20201231,AUS,2020-12-31 00:00:00+00:00,2026-10-03 00:00:00+00:00,CORPORATE_CASHFLOW_AND_REAL_ACTIVITY,Corporate cash-flow and real-activity stress,insufficient_evidence,NOT_ASSESSABLE,,1,1,1,FIRM_CASHFLOW,FIRM_CASHFLOW,REAL_ACTIVITY,"Insolvency/payment-delay stress overlaps with contraction, input-cost pressure, asset-quality deterioration, or public-payment strain.","Are insolvency filings affected by legal reforms, moratoria, backlog clearance, or changes in reporting coverage?",MODEL_DERIVED_FROM_VERIFIED_OBSERVATIONS
AUS-INFLATION_ENERGY_REAL_INCOME_SHOCK-20201231,AUS,2020-12-31 00:00:00+00:00,2026-10-03 00:00:00+00:00,INFLATION_ENERGY_REAL_INCOME_SHOCK,"Inflation, energy and real-income shock",insufficient_evidence,NOT_ASSESSABLE,,1,1,1,INFLATION_ENERGY,INFLATION_ENERGY,REAL_ACTIVITY,"Inflation or energy stress coincides with falling real-income conditions, real contraction, fiscal strain, or household debt stress.","Is the shock imported and temporary, or is it persistent and broad enough to create domestic second-round effects?",MODEL_DERIVED_FROM_VERIFIED_OBSERVATIONS
AUS-TALBOTT_DIVERGENCE_BUBBLE-20201231,AUS,2020-12-31 00:00:00+00:00,2026-10-03 00:00:00+00:00,TALBOTT_DIVERGENCE_BUBBLE,Talbott asset-divergence and subprime credit stress,insufficient_evidence,NOT_ASSESSABLE,,1,1,1,BANK_ASSET_QUALITY,BANK_ASSET_QUALITY,REAL_ACTIVITY,"Asset price or real expansion co-occurs with rising delinquencies, insolvency filings, or non-performing credit (Talbott Divergence Rule). Signals unsustainable credit quality deterioration prior to systemic repricing.",Could the observed divergence stem from regulatory NPL reclassification or localized debt-collection moratorium rather than nationwide subprime-style collateral rot?,MODEL_DERIVED_FROM_VERIFIED_OBSERVATIONS
AUS-DESAI_ENDOGENOUS_CREDIT_PONZI_DESTABILIZATION-20201231,AUS,2020-12-31 00:00:00+00:00,2026-10-03 00:00:00+00:00,DESAI_ENDOGENOUS_CREDIT_PONZI_DESTABILIZATION,Desai endogenous credit expansion and Ponzi destabilization,insufficient_evidence,NOT_ASSESSABLE,,1,1,1,HOUSEHOLD_DEBT,HOUSEHOLD_DEBT,REAL_ACTIVITY,Endogenous banking credit creation transitions from hedge to speculative to Ponzi financing (Minsky Moment) masked by mainstream DSGE equilibrium illusions until systemic debt service collapses (Desai Hubris).,"Can private sector debtors service their obligations from organic operational cash flows, or are they relying on perpetual rollover, capital appreciation, and monetary accommodation?",MODEL_DERIVED_FROM_VERIFIED_OBSERVATIONS
AUS-BRANTLINGER_PANEM_ET_CIRCENSES_EROSION-20201231,AUS,2020-12-31 00:00:00+00:00,2026-10-03 00:00:00+00:00,BRANTLINGER_PANEM_ET_CIRCENSES_EROSION,Brantlinger bread and circuses bio-cognitive and institutional erosion,insufficient_evidence,NOT_ASSESSABLE,,1,1,1,DISTRIBUTIONAL_STRESS,DISTRIBUTIONAL_STRESS,REAL_ACTIVITY,"State reliance on debt-financed consumption subsidies (bread) and limbic/media spectacle (circuses) fails to outpace structural inflation, eroding prefrontal public trust and accelerating bio-cognitive decay (Brantlinger Social Decay / T2SAIM HLI).",Are consumption transfers and social support payments financed by productive real revenue or by inflationary debt issuance that exacerbates underlying living-standard collapse?,MODEL_DERIVED_FROM_VERIFIED_OBSERVATIONS
BRA-FX_EXTERNAL_FINANCING_STRESS-20250228,BRA,2025-02-28 00:00:00+00:00,2026-10-03 00:00:00+00:00,FX_EXTERNAL_FINANCING_STRESS,FX and external-financing stress,acute,ACUTE,2.9906319742815537,2,1,1,FX_PRESSURE,,FX_PRESSURE|RESERVE_LOSS,"FX pressure co-occurs with reserve loss, external financing pressure, or sovereign rollover stress. This is a stress pattern, not proof of a currency crisis.","Could the FX movement be a temporary global-risk, valuation, seasonal, or policy-regime event rather than domestic external-financing stress?",MODEL_DERIVED_FROM_VERIFIED_OBSERVATIONS
BRA-SOVEREIGN_REFINANCING_STRESS-20250228,BRA,2025-02-28 00:00:00+00:00,2026-10-03 00:00:00+00:00,SOVEREIGN_REFINANCING_STRESS,Sovereign refinancing and debt-service stress,insufficient_evidence,NOT_ASSESSABLE,,1,0,1,SOVEREIGN_REFINANCING,SOVEREIGN_REFINANCING,FX_PRESSURE,"Rollover/debt-service pressure co-occurs with fiscal cash-flow, hidden-liability, FX, or external-financing stress. It is not a default determination.","Are maturity data complete across central government, SOEs, local government, public banks, and guaranteed entities?",MODEL_DERIVED_FROM_VERIFIED_OBSERVATIONS
BRA-COMPOUND_SYSTEMIC_STRESS-20250228,BRA,2025-02-28 00:00:00+00:00,2026-10-03 00:00:00+00:00,COMPOUND_SYSTEMIC_STRESS,Compound systemic stress,insufficient_evidence,NOT_ASSESSABLE,,3,2,2,,,BANK_ASSET_QUALITY|FX_PRESSURE|RESERVE_LOSS,"Several distinct stress families are simultaneously active. This is a prioritization signal for human review, not a formal systemic-crisis declaration.","Do multiple signals genuinely arise from distinct mechanisms, or are they a common shock, common source, or double-counted transformation?",MODEL_DERIVED_FROM_VERIFIED_OBSERVATIONS
BRA-BANKING_LIQUIDITY_SOLVENCY_STRESS-20250101,BRA,2025-01-01 00:00:00+00:00,2026-10-03 00:00:00+00:00,BANKING_LIQUIDITY_SOLVENCY_STRESS,Banking liquidity and solvency stress,insufficient_evidence,NOT_ASSESSABLE,,1,1,1,BANK_ASSET_QUALITY,,BANK_ASSET_QUALITY,Asset-quality stress co-occurs with capital/liquidity pressure or debtor distress. It requires regulator and balance-sheet review before any banking-crisis label.,"Did an accounting, prudential, NPL-definition, forbearance, or provisioning rule change create the observed movement?",MODEL_DERIVED_FROM_VERIFIED_OBSERVATIONS
BRA-CORPORATE_CASHFLOW_AND_REAL_ACTIVITY-20250101,BRA,2025-01-01 00:00:00+00:00,2026-10-03 00:00:00+00:00,CORPORATE_CASHFLOW_AND_REAL_ACTIVITY,Corporate cash-flow and real-activity stress,insufficient_evidence,NOT_ASSESSABLE,,1,1,1,FIRM_CASHFLOW,FIRM_CASHFLOW,BANK_ASSET_QUALITY,"Insolvency/payment-delay stress overlaps with contraction, input-cost pressure, asset-quality deterioration, or public-payment strain.","Are insolvency filings affected by legal reforms, moratoria, backlog clearance, or changes in reporting coverage?",MODEL_DERIVED_FROM_VERIFIED_OBSERVATIONS
BRA-TALBOTT_DIVERGENCE_BUBBLE-20250101,BRA,2025-01-01 00:00:00+00:00,2026-10-03 00:00:00+00:00,TALBOTT_DIVERGENCE_BUBBLE,Talbott asset-divergence and subprime credit stress,insufficient_evidence,NOT_ASSESSABLE,,1,1,1,BANK_ASSET_QUALITY,,BANK_ASSET_QUALITY,"Asset price or real expansion co-occurs with rising delinquencies, insolvency filings, or non-performing credit (Talbott Divergence Rule). Signals unsustainable credit quality deterioration prior to systemic repricing.",Could the observed divergence stem from regulatory NPL reclassification or localized debt-collection moratorium rather than nationwide subprime-style collateral rot?,MODEL_DERIVED_FROM_VERIFIED_OBSERVATIONS
BRA-SOVEREIGN_HOSTAGE_BANK_NEXUS-20250101,BRA,2025-01-01 00:00:00+00:00,2026-10-03 00:00:00+00:00,SOVEREIGN_HOSTAGE_BANK_NEXUS,Sovereign-bank nexus and bailout hostage stress,insufficient_evidence,NOT_ASSESSABLE,,1,1,1,BANK_CAPITAL,BANK_CAPITAL,BANK_ASSET_QUALITY,Severe banking distress in an oversized financial system threatens to socialize bank private losses onto the sovereign balance sheet (Talbott Hostage Nexus / Doom Loop).,Does the jurisdiction possess a credible bail-in resolution framework (BRRD / FDIC style) or will public balance sheets be forced into an unconditional 0% haircut bailout?,MODEL_DERIVED_FROM_VERIFIED_OBSERVATIONS
BRA-BOOKSTABER_LIQUIDITY_FIRE_SALE_CASCADE-20250101,BRA,2025-01-01 00:00:00+00:00,2026-10-03 00:00:00+00:00,BOOKSTABER_LIQUIDITY_FIRE_SALE_CASCADE,Bookstaber non-ergodic fire-sale and liquidity dry-up cascade,insufficient_evidence,NOT_ASSESSABLE,,1,1,1,BANK_LIQUIDITY,BANK_LIQUIDITY,BANK_ASSET_QUALITY,"Non-ergodic cascade where margin calls on leveraged entities force mechanical liquidations (fire-sales), draining market depth and triggering funding liquidity evaporation across network nodes (Bookstaber End of Theory).","Is the liquidity drain a temporary friction in a single collateral asset, or is it cascading across interbank repo markets and creating systemic funding freeze?",MODEL_DERIVED_FROM_VERIFIED_OBSERVATIONS
BRA-DESAI_ENDOGENOUS_CREDIT_PONZI_DESTABILIZATION-20250101,BRA,2025-01-01 00:00:00+00:00,2026-10-03 00:00:00+00:00,DESAI_ENDOGENOUS_CREDIT_PONZI_DESTABILIZATION,Desai endogenous credit expansion and Ponzi destabilization,insufficient_evidence,NOT_ASSESSABLE,,1,1,1,HOUSEHOLD_DEBT,HOUSEHOLD_DEBT,BANK_ASSET_QUALITY,Endogenous banking credit creation transitions from hedge to speculative to Ponzi financing (Minsky Moment) masked by mainstream DSGE equilibrium illusions until systemic debt service collapses (Desai Hubris).,"Can private sector debtors service their obligations from organic operational cash flows, or are they relying on perpetual rollover, capital appreciation, and monetary accommodation?",MODEL_DERIVED_FROM_VERIFIED_OBSERVATIONS
BRA-HOUSEHOLD_DEBT_AND_COST_OF_LIVING-20220831,BRA,2022-08-31 00:00:00+00:00,2026-10-03 00:00:00+00:00,HOUSEHOLD_DEBT_AND_COST_OF_LIVING,Household debt and cost-of-living stress,insufficient_evidence,NOT_ASSESSABLE,,1,1,1,HOUSEHOLD_DEBT,HOUSEHOLD_DEBT,INFLATION_ENERGY,"Debt-service/delinquency pressure overlaps with essential-cost inflation, income-distribution stress, or real-activity deterioration.","Are household debt, income, arrears and delinquency definitions stable and representative, including informal households?",MODEL_DERIVED_FROM_VERIFIED_OBSERVATIONS
BRA-INFLATION_ENERGY_REAL_INCOME_SHOCK-20220831,BRA,2022-08-31 00:00:00+00:00,2026-10-03 00:00:00+00:00,INFLATION_ENERGY_REAL_INCOME_SHOCK,"Inflation, energy and real-income shock",insufficient_evidence,NOT_ASSESSABLE,,1,1,1,INFLATION_ENERGY,,INFLATION_ENERGY,"Inflation or energy stress coincides with falling real-income conditions, real contraction, fiscal strain, or household debt stress.","Is the shock imported and temporary, or is it persistent and broad enough to create domestic second-round effects?",MODEL_DERIVED_FROM_VERIFIED_OBSERVATIONS
BRA-BRANTLINGER_PANEM_ET_CIRCENSES_EROSION-20220831,BRA,2022-08-31 00:00:00+00:00,2026-10-03 00:00:00+00:00,BRANTLINGER_PANEM_ET_CIRCENSES_EROSION,Brantlinger bread and circuses bio-cognitive and institutional erosion,insufficient_evidence,NOT_ASSESSABLE,,1,1,1,DISTRIBUTIONAL_STRESS,DISTRIBUTIONAL_STRESS,INFLATION_ENERGY,"State reliance on debt-financed consumption subsidies (bread) and limbic/media spectacle (circuses) fails to outpace structural inflation, eroding prefrontal public trust and accelerating bio-cognitive decay (Brantlinger Social Decay / T2SAIM HLI).",Are consumption transfers and social support payments financed by productive real revenue or by inflationary debt issuance that exacerbates underlying living-standard collapse?,MODEL_DERIVED_FROM_VERIFIED_OBSERVATIONS
BRA-THORNTON_SKYSCRAPER_MALINVESTMENT-20201231,BRA,2020-12-31 00:00:00+00:00,2026-10-03 00:00:00+00:00,THORNTON_SKYSCRAPER_MALINVESTMENT,Thornton malinvestment and time-to-build cycle stress,insufficient_evidence,NOT_ASSESSABLE,,1,0,1,REAL_ACTIVITY,,REAL_ACTIVITY,Overextension in long-gestation capital goods / megaprojects and artificial credit expansion enters the time-to-build completion phase as liquidity tightens (Thornton Skyscraper Curse). Malinvestment becomes stranded.,"Are construction or capital expenditure surges driven by genuine demographic demand and productive infrastructure, or by subsidized interest rates and speculative prestige projects?",MODEL_DERIVED_FROM_VERIFIED_OBSERVATIONS
CAN-FX_EXTERNAL_FINANCING_STRESS-20250131,CAN,2025-01-31 00:00:00+00:00,2026-10-03 00:00:00+00:00,FX_EXTERNAL_FINANCING_STRESS,FX and external-financing stress,watch,WATCH,1.6768170473384978,2,0,1,FX_PRESSURE,,FX_PRESSURE|RESERVE_LOSS,"FX pressure co-occurs with reserve loss, external financing pressure, or sovereign rollover stress. This is a stress pattern, not proof of a currency crisis.","Could the FX movement be a temporary global-risk, valuation, seasonal, or policy-regime event rather than domestic external-financing stress?",MODEL_DERIVED_FROM_VERIFIED_OBSERVATIONS
CAN-SOVEREIGN_REFINANCING_STRESS-20250131,CAN,2025-01-31 00:00:00+00:00,2026-10-03 00:00:00+00:00,SOVEREIGN_REFINANCING_STRESS,Sovereign refinancing and debt-service stress,insufficient_evidence,NOT_ASSESSABLE,,1,0,1,SOVEREIGN_REFINANCING,SOVEREIGN_REFINANCING,FX_PRESSURE,"Rollover/debt-service pressure co-occurs with fiscal cash-flow, hidden-liability, FX, or external-financing stress. It is not a default determination.","Are maturity data complete across central government, SOEs, local government, public banks, and guaranteed entities?",MODEL_DERIVED_FROM_VERIFIED_OBSERVATIONS
CAN-COMPOUND_SYSTEMIC_STRESS-20250131,CAN,2025-01-31 00:00:00+00:00,2026-10-03 00:00:00+00:00,COMPOUND_SYSTEMIC_STRESS,Compound systemic stress,insufficient_evidence,NOT_ASSESSABLE,,3,0,2,,,BANK_ASSET_QUALITY|FX_PRESSURE|RESERVE_LOSS,"Several distinct stress families are simultaneously active. This is a prioritization signal for human review, not a formal systemic-crisis declaration.","Do multiple signals genuinely arise from distinct mechanisms, or are they a common shock, common source, or double-counted transformation?",MODEL_DERIVED_FROM_VERIFIED_OBSERVATIONS
CAN-BANKING_LIQUIDITY_SOLVENCY_STRESS-20250101,CAN,2025-01-01 00:00:00+00:00,2026-10-03 00:00:00+00:00,BANKING_LIQUIDITY_SOLVENCY_STRESS,Banking liquidity and solvency stress,insufficient_evidence,NOT_ASSESSABLE,,1,0,1,BANK_ASSET_QUALITY,,BANK_ASSET_QUALITY,Asset-quality stress co-occurs with capital/liquidity pressure or debtor distress. It requires regulator and balance-sheet review before any banking-crisis label.,"Did an accounting, prudential, NPL-definition, forbearance, or provisioning rule change create the observed movement?",MODEL_DERIVED_FROM_VERIFIED_OBSERVATIONS
CAN-CORPORATE_CASHFLOW_AND_REAL_ACTIVITY-20250101,CAN,2025-01-01 00:00:00+00:00,2026-10-03 00:00:00+00:00,CORPORATE_CASHFLOW_AND_REAL_ACTIVITY,Corporate cash-flow and real-activity stress,insufficient_evidence,NOT_ASSESSABLE,,1,0,1,FIRM_CASHFLOW,FIRM_CASHFLOW,BANK_ASSET_QUALITY,"Insolvency/payment-delay stress overlaps with contraction, input-cost pressure, asset-quality deterioration, or public-payment strain.","Are insolvency filings affected by legal reforms, moratoria, backlog clearance, or changes in reporting coverage?",MODEL_DERIVED_FROM_VERIFIED_OBSERVATIONS
CAN-TALBOTT_DIVERGENCE_BUBBLE-20250101,CAN,2025-01-01 00:00:00+00:00,2026-10-03 00:00:00+00:00,TALBOTT_DIVERGENCE_BUBBLE,Talbott asset-divergence and subprime credit stress,insufficient_evidence,NOT_ASSESSABLE,,1,0,1,BANK_ASSET_QUALITY,,BANK_ASSET_QUALITY,"Asset price or real expansion co-occurs with rising delinquencies, insolvency filings, or non-performing credit (Talbott Divergence Rule). Signals unsustainable credit quality deterioration prior to systemic repricing.",Could the observed divergence stem from regulatory NPL reclassification or localized debt-collection moratorium rather than nationwide subprime-style collateral rot?,MODEL_DERIVED_FROM_VERIFIED_OBSERVATIONS
CAN-SOVEREIGN_HOSTAGE_BANK_NEXUS-20250101,CAN,2025-01-01 00:00:00+00:00,2026-10-03 00:00:00+00:00,SOVEREIGN_HOSTAGE_BANK_NEXUS,Sovereign-bank nexus and bailout hostage stress,insufficient_evidence,NOT_ASSESSABLE,,1,0,1,BANK_CAPITAL,BANK_CAPITAL,BANK_ASSET_QUALITY,Severe banking distress in an oversized financial system threatens to socialize bank private losses onto the sovereign balance sheet (Talbott Hostage Nexus / Doom Loop).,Does the jurisdiction possess a credible bail-in resolution framework (BRRD / FDIC style) or will public balance sheets be forced into an unconditional 0% haircut bailout?,MODEL_DERIVED_FROM_VERIFIED_OBSERVATIONS
CAN-BOOKSTABER_LIQUIDITY_FIRE_SALE_CASCADE-20250101,CAN,2025-01-01 00:00:00+00:00,2026-10-03 00:00:00+00:00,BOOKSTABER_LIQUIDITY_FIRE_SALE_CASCADE,Bookstaber non-ergodic fire-sale and liquidity dry-up cascade,insufficient_evidence,NOT_ASSESSABLE,,1,0,1,BANK_LIQUIDITY,BANK_LIQUIDITY,BANK_ASSET_QUALITY,"Non-ergodic cascade where margin calls on leveraged entities force mechanical liquidations (fire-sales), draining market depth and triggering funding liquidity evaporation across network nodes (Bookstaber End of Theory).","Is the liquidity drain a temporary friction in a single collateral asset, or is it cascading across interbank repo markets and creating systemic funding freeze?",MODEL_DERIVED_FROM_VERIFIED_OBSERVATIONS
CAN-DESAI_ENDOGENOUS_CREDIT_PONZI_DESTABILIZATION-20250101,CAN,2025-01-01 00:00:00+00:00,2026-10-03 00:00:00+00:00,DESAI_ENDOGENOUS_CREDIT_PONZI_DESTABILIZATION,Desai endogenous credit expansion and Ponzi destabilization,insufficient_evidence,NOT_ASSESSABLE,,1,0,1,HOUSEHOLD_DEBT,HOUSEHOLD_DEBT,BANK_ASSET_QUALITY,Endogenous banking credit creation transitions from hedge to speculative to Ponzi financing (Minsky Moment) masked by mainstream DSGE equilibrium illusions until systemic debt service collapses (Desai Hubris).,"Can private sector debtors service their obligations from organic operational cash flows, or are they relying on perpetual rollover, capital appreciation, and monetary accommodation?",MODEL_DERIVED_FROM_VERIFIED_OBSERVATIONS
CAN-FISCAL_CASHFLOW_AND_HIDDEN_LIABILITY-20240101,CAN,2024-01-01 00:00:00+00:00,2026-10-03 00:00:00+00:00,FISCAL_CASHFLOW_AND_HIDDEN_LIABILITY,Fiscal cash-flow and hidden-liability stress,insufficient_evidence,NOT_ASSESSABLE,,1,0,1,FISCAL_CASHFLOW,FISCAL_CASHFLOW,SOVEREIGN_REFINANCING,"Tax/refund/budget cash-flow pressure overlaps with guarantees, PPPs, SOEs, public banks, refinancing, or company cash-flow deterioration.","Could cash-flow volatility reflect calendar effects, tax amnesties, one-off transfers, accounting reclassification, or delayed publication?",MODEL_DERIVED_FROM_VERIFIED_OBSERVATIONS
CAN-THORNTON_SKYSCRAPER_MALINVESTMENT-20240101,CAN,2024-01-01 00:00:00+00:00,2026-10-03 00:00:00+00:00,THORNTON_SKYSCRAPER_MALINVESTMENT,Thornton malinvestment and time-to-build cycle stress,insufficient_evidence,NOT_ASSESSABLE,,1,0,1,REAL_ACTIVITY,REAL_ACTIVITY,SOVEREIGN_REFINANCING,Overextension in long-gestation capital goods / megaprojects and artificial credit expansion enters the time-to-build completion phase as liquidity tightens (Thornton Skyscraper Curse). Malinvestment becomes stranded.,"Are construction or capital expenditure surges driven by genuine demographic demand and productive infrastructure, or by subsidized interest rates and speculative prestige projects?",MODEL_DERIVED_FROM_VERIFIED_OBSERVATIONS
CAN-HOUSEHOLD_DEBT_AND_COST_OF_LIVING-20230228,CAN,2023-02-28 00:00:00+00:00,2026-10-03 00:00:00+00:00,HOUSEHOLD_DEBT_AND_COST_OF_LIVING,Household debt and cost-of-living stress,insufficient_evidence,NOT_ASSESSABLE,,1,1,1,HOUSEHOLD_DEBT,HOUSEHOLD_DEBT,INFLATION_ENERGY,"Debt-service/delinquency pressure overlaps with essential-cost inflation, income-distribution stress, or real-activity deterioration.","Are household debt, income, arrears and delinquency definitions stable and representative, including informal households?",MODEL_DERIVED_FROM_VERIFIED_OBSERVATIONS
CAN-INFLATION_ENERGY_REAL_INCOME_SHOCK-20230228,CAN,2023-02-28 00:00:00+00:00,2026-10-03 00:00:00+00:00,INFLATION_ENERGY_REAL_INCOME_SHOCK,"Inflation, energy and real-income shock",insufficient_evidence,NOT_ASSESSABLE,,1,1,1,INFLATION_ENERGY,,INFLATION_ENERGY,"Inflation or energy stress coincides with falling real-income conditions, real contraction, fiscal strain, or household debt stress.","Is the shock imported and temporary, or is it persistent and broad enough to create domestic second-round effects?",MODEL_DERIVED_FROM_VERIFIED_OBSERVATIONS
CAN-BRANTLINGER_PANEM_ET_CIRCENSES_EROSION-20230228,CAN,2023-02-28 00:00:00+00:00,2026-10-03 00:00:00+00:00,BRANTLINGER_PANEM_ET_CIRCENSES_EROSION,Brantlinger bread and circuses bio-cognitive and institutional erosion,insufficient_evidence,NOT_ASSESSABLE,,1,1,1,DISTRIBUTIONAL_STRESS,DISTRIBUTIONAL_STRESS,INFLATION_ENERGY,"State reliance on debt-financed consumption subsidies (bread) and limbic/media spectacle (circuses) fails to outpace structural inflation, eroding prefrontal public trust and accelerating bio-cognitive decay (Brantlinger Social Decay / T2SAIM HLI).",Are consumption transfers and social support payments financed by productive real revenue or by inflationary debt issuance that exacerbates underlying living-standard collapse?,MODEL_DERIVED_FROM_VERIFIED_OBSERVATIONS
CHE-FX_EXTERNAL_FINANCING_STRESS-20250131,CHE,2025-01-31 00:00:00+00:00,2026-10-03 00:00:00+00:00,FX_EXTERNAL_FINANCING_STRESS,FX and external-financing stress,insufficient_evidence,NOT_ASSESSABLE,,1,0,1,FX_PRESSURE,,FX_PRESSURE,"FX pressure co-occurs with reserve loss, external financing pressure, or sovereign rollover stress. This is a stress pattern, not proof of a currency crisis.","Could the FX movement be a temporary global-risk, valuation, seasonal, or policy-regime event rather than domestic external-financing stress?",MODEL_DERIVED_FROM_VERIFIED_OBSERVATIONS
CHE-SOVEREIGN_REFINANCING_STRESS-20250131,CHE,2025-01-31 00:00:00+00:00,2026-10-03 00:00:00+00:00,SOVEREIGN_REFINANCING_STRESS,Sovereign refinancing and debt-service stress,insufficient_evidence,NOT_ASSESSABLE,,1,0,1,SOVEREIGN_REFINANCING,SOVEREIGN_REFINANCING,FX_PRESSURE,"Rollover/debt-service pressure co-occurs with fiscal cash-flow, hidden-liability, FX, or external-financing stress. It is not a default determination.","Are maturity data complete across central government, SOEs, local government, public banks, and guaranteed entities?",MODEL_DERIVED_FROM_VERIFIED_OBSERVATIONS
CHE-COMPOUND_SYSTEMIC_STRESS-20250131,CHE,2025-01-31 00:00:00+00:00,2026-10-03 00:00:00+00:00,COMPOUND_SYSTEMIC_STRESS,Compound systemic stress,single_source_caution,NOT_ASSESSABLE,,1,0,1,,,FX_PRESSURE,"Several distinct stress families are simultaneously active. This is a prioritization signal for human review, not a formal systemic-crisis declaration.","Do multiple signals genuinely arise from distinct mechanisms, or are they a common shock, common source, or double-counted transformation?",MODEL_DERIVED_FROM_VERIFIED_OBSERVATIONS
CHE-HOUSEHOLD_DEBT_AND_COST_OF_LIVING-20230430,CHE,2023-04-30 00:00:00+00:00,2026-10-03 00:00:00+00:00,HOUSEHOLD_DEBT_AND_COST_OF_LIVING,Household debt and cost-of-living stress,insufficient_evidence,NOT_ASSESSABLE,,1,1,1,HOUSEHOLD_DEBT,HOUSEHOLD_DEBT,INFLATION_ENERGY,"Debt-service/delinquency pressure overlaps with essential-cost inflation, income-distribution stress, or real-activity deterioration.","Are household debt, income, arrears and delinquency definitions stable and representative, including informal households?",MODEL_DERIVED_FROM_VERIFIED_OBSERVATIONS
CHE-CORPORATE_CASHFLOW_AND_REAL_ACTIVITY-20230430,CHE,2023-04-30 00:00:00+00:00,2026-10-03 00:00:00+00:00,CORPORATE_CASHFLOW_AND_REAL_ACTIVITY,Corporate cash-flow and real-activity stress,insufficient_evidence,NOT_ASSESSABLE,,1,1,1,FIRM_CASHFLOW,FIRM_CASHFLOW,INFLATION_ENERGY,"Insolvency/payment-delay stress overlaps with contraction, input-cost pressure, asset-quality deterioration, or public-payment strain.","Are insolvency filings affected by legal reforms, moratoria, backlog clearance, or changes in reporting coverage?",MODEL_DERIVED_FROM_VERIFIED_OBSERVATIONS
CHE-INFLATION_ENERGY_REAL_INCOME_SHOCK-20230430,CHE,2023-04-30 00:00:00+00:00,2026-10-03 00:00:00+00:00,INFLATION_ENERGY_REAL_INCOME_SHOCK,"Inflation, energy and real-income shock",insufficient_evidence,NOT_ASSESSABLE,,1,1,1,INFLATION_ENERGY,,INFLATION_ENERGY,"Inflation or energy stress coincides with falling real-income conditions, real contraction, fiscal strain, or household debt stress.","Is the shock imported and temporary, or is it persistent and broad enough to create domestic second-round effects?",MODEL_DERIVED_FROM_VERIFIED_OBSERVATIONS
CHE-TALBOTT_DIVERGENCE_BUBBLE-20230430,CHE,2023-04-30 00:00:00+00:00,2026-10-03 00:00:00+00:00,TALBOTT_DIVERGENCE_BUBBLE,Talbott asset-divergence and subprime credit stress,insufficient_evidence,NOT_ASSESSABLE,,1,1,1,BANK_ASSET_QUALITY,BANK_ASSET_QUALITY,INFLATION_ENERGY,"Asset price or real expansion co-occurs with rising delinquencies, insolvency filings, or non-performing credit (Talbott Divergence Rule). Signals unsustainable credit quality deterioration prior to systemic repricing.",Could the observed divergence stem from regulatory NPL reclassification or localized debt-collection moratorium rather than nationwide subprime-style collateral rot?,MODEL_DERIVED_FROM_VERIFIED_OBSERVATIONS
CHE-BRANTLINGER_PANEM_ET_CIRCENSES_EROSION-20230430,CHE,2023-04-30 00:00:00+00:00,2026-10-03 00:00:00+00:00,BRANTLINGER_PANEM_ET_CIRCENSES_EROSION,Brantlinger bread and circuses bio-cognitive and institutional erosion,insufficient_evidence,NOT_ASSESSABLE,,1,1,1,DISTRIBUTIONAL_STRESS,DISTRIBUTIONAL_STRESS,INFLATION_ENERGY,"State reliance on debt-financed consumption subsidies (bread) and limbic/media spectacle (circuses) fails to outpace structural inflation, eroding prefrontal public trust and accelerating bio-cognitive decay (Brantlinger Social Decay / T2SAIM HLI).",Are consumption transfers and social support payments financed by productive real revenue or by inflationary debt issuance that exacerbates underlying living-standard collapse?,MODEL_DERIVED_FROM_VERIFIED_OBSERVATIONS
CHE-THORNTON_SKYSCRAPER_MALINVESTMENT-20201231,CHE,2020-12-31 00:00:00+00:00,2026-10-03 00:00:00+00:00,THORNTON_SKYSCRAPER_MALINVESTMENT,Thornton malinvestment and time-to-build cycle stress,insufficient_evidence,NOT_ASSESSABLE,,1,1,1,REAL_ACTIVITY,,REAL_ACTIVITY,Overextension in long-gestation capital goods / megaprojects and artificial credit expansion enters the time-to-build completion phase as liquidity tightens (Thornton Skyscraper Curse). Malinvestment becomes stranded.,"Are construction or capital expenditure surges driven by genuine demographic demand and productive infrastructure, or by subsidized interest rates and speculative prestige projects?",MODEL_DERIVED_FROM_VERIFIED_OBSERVATIONS
CHE-BOOKSTABER_LIQUIDITY_FIRE_SALE_CASCADE-20201231,CHE,2020-12-31 00:00:00+00:00,2026-10-03 00:00:00+00:00,BOOKSTABER_LIQUIDITY_FIRE_SALE_CASCADE,Bookstaber non-ergodic fire-sale and liquidity dry-up cascade,insufficient_evidence,NOT_ASSESSABLE,,1,1,1,BANK_LIQUIDITY,BANK_LIQUIDITY,EXTERNAL_REFINANCING,"Non-ergodic cascade where margin calls on leveraged entities force mechanical liquidations (fire-sales), draining market depth and triggering funding liquidity evaporation across network nodes (Bookstaber End of Theory).","Is the liquidity drain a temporary friction in a single collateral asset, or is it cascading across interbank repo markets and creating systemic funding freeze?",MODEL_DERIVED_FROM_VERIFIED_OBSERVATIONS
CHE-DESAI_ENDOGENOUS_CREDIT_PONZI_DESTABILIZATION-20201231,CHE,2020-12-31 00:00:00+00:00,2026-10-03 00:00:00+00:00,DESAI_ENDOGENOUS_CREDIT_PONZI_DESTABILIZATION,Desai endogenous credit expansion and Ponzi destabilization,insufficient_evidence,NOT_ASSESSABLE,,1,1,1,HOUSEHOLD_DEBT,HOUSEHOLD_DEBT,REAL_ACTIVITY,Endogenous banking credit creation transitions from hedge to speculative to Ponzi financing (Minsky Moment) masked by mainstream DSGE equilibrium illusions until systemic debt service collapses (Desai Hubris).,"Can private sector debtors service their obligations from organic operational cash flows, or are they relying on perpetual rollover, capital appreciation, and monetary accommodation?",MODEL_DERIVED_FROM_VERIFIED_OBSERVATIONS
DEU-FX_EXTERNAL_FINANCING_STRESS-20260731,DEU,2026-07-31 00:00:00+00:00,2026-10-03 00:00:00+00:00,FX_EXTERNAL_FINANCING_STRESS,FX and external-financing stress,insufficient_evidence,NOT_ASSESSABLE,,1,0,1,FX_PRESSURE,FX_PRESSURE,RESERVE_LOSS,"FX pressure co-occurs with reserve loss, external financing pressure, or sovereign rollover stress. This is a stress pattern, not proof of a currency crisis.","Could the FX movement be a temporary global-risk, valuation, seasonal, or policy-regime event rather than domestic external-financing stress?",MODEL_DERIVED_FROM_VERIFIED_OBSERVATIONS
DEU-COMPOUND_SYSTEMIC_STRESS-20260731,DEU,2026-07-31 00:00:00+00:00,2026-10-03 00:00:00+00:00,COMPOUND_SYSTEMIC_STRESS,Compound systemic stress,single_source_caution,NOT_ASSESSABLE,,1,0,1,,,RESERVE_LOSS,"Several distinct stress families are simultaneously active. This is a prioritization signal for human review, not a formal systemic-crisis declaration.","Do multiple signals genuinely arise from distinct mechanisms, or are they a common shock, common source, or double-counted transformation?",MODEL_DERIVED_FROM_VERIFIED_OBSERVATIONS
DEU-HOUSEHOLD_DEBT_AND_COST_OF_LIVING-20241231,DEU,2024-12-31 00:00:00+00:00,2026-10-03 00:00:00+00:00,HOUSEHOLD_DEBT_AND_COST_OF_LIVING,Household debt and cost-of-living stress,insufficient_evidence,NOT_ASSESSABLE,,1,0,1,HOUSEHOLD_DEBT,HOUSEHOLD_DEBT,REAL_ACTIVITY,"Debt-service/delinquency pressure overlaps with essential-cost inflation, income-distribution stress, or real-activity deterioration.","Are household debt, income, arrears and delinquency definitions stable and representative, including informal households?",MODEL_DERIVED_FROM_VERIFIED_OBSERVATIONS
DEU-CORPORATE_CASHFLOW_AND_REAL_ACTIVITY-20241231,DEU,2024-12-31 00:00:00+00:00,2026-10-03 00:00:00+00:00,CORPORATE_CASHFLOW_AND_REAL_ACTIVITY,Corporate cash-flow and real-activity stress,insufficient_evidence,NOT_ASSESSABLE,,1,0,1,FIRM_CASHFLOW,FIRM_CASHFLOW,REAL_ACTIVITY,"Insolvency/payment-delay stress overlaps with contraction, input-cost pressure, asset-quality deterioration, or public-payment strain.","Are insolvency filings affected by legal reforms, moratoria, backlog clearance, or changes in reporting coverage?",MODEL_DERIVED_FROM_VERIFIED_OBSERVATIONS
DEU-INFLATION_ENERGY_REAL_INCOME_SHOCK-20241231,DEU,2024-12-31 00:00:00+00:00,2026-10-03 00:00:00+00:00,INFLATION_ENERGY_REAL_INCOME_SHOCK,"Inflation, energy and real-income shock",insufficient_evidence,NOT_ASSESSABLE,,1,0,1,INFLATION_ENERGY,INFLATION_ENERGY,REAL_ACTIVITY,"Inflation or energy stress coincides with falling real-income conditions, real contraction, fiscal strain, or household debt stress.","Is the shock imported and temporary, or is it persistent and broad enough to create domestic second-round effects?",MODEL_DERIVED_FROM_VERIFIED_OBSERVATIONS
DEU-TALBOTT_DIVERGENCE_BUBBLE-20241231,DEU,2024-12-31 00:00:00+00:00,2026-10-03 00:00:00+00:00,TALBOTT_DIVERGENCE_BUBBLE,Talbott asset-divergence and subprime credit stress,insufficient_evidence,NOT_ASSESSABLE,,1,0,1,BANK_ASSET_QUALITY,BANK_ASSET_QUALITY,REAL_ACTIVITY,"Asset price or real expansion co-occurs with rising delinquencies, insolvency filings, or non-performing credit (Talbott Divergence Rule). Signals unsustainable credit quality deterioration prior to systemic repricing.",Could the observed divergence stem from regulatory NPL reclassification or localized debt-collection moratorium rather than nationwide subprime-style collateral rot?,MODEL_DERIVED_FROM_VERIFIED_OBSERVATIONS
DEU-THORNTON_SKYSCRAPER_MALINVESTMENT-20241231,DEU,2024-12-31 00:00:00+00:00,2026-10-03 00:00:00+00:00,THORNTON_SKYSCRAPER_MALINVESTMENT,Thornton malinvestment and time-to-build cycle stress,insufficient_evidence,NOT_ASSESSABLE,,1,0,1,REAL_ACTIVITY,,REAL_ACTIVITY,Overextension in long-gestation capital goods / megaprojects and artificial credit expansion enters the time-to-build completion phase as liquidity tightens (Thornton Skyscraper Curse). Malinvestment becomes stranded.,"Are construction or capital expenditure surges driven by genuine demographic demand and productive infrastructure, or by subsidized interest rates and speculative prestige projects?",MODEL_DERIVED_FROM_VERIFIED_OBSERVATIONS
DEU-DESAI_ENDOGENOUS_CREDIT_PONZI_DESTABILIZATION-20241231,DEU,2024-12-31 00:00:00+00:00,2026-10-03 00:00:00+00:00,DESAI_ENDOGENOUS_CREDIT_PONZI_DESTABILIZATION,Desai endogenous credit expansion and Ponzi destabilization,insufficient_evidence,NOT_ASSESSABLE,,1,0,1,HOUSEHOLD_DEBT,HOUSEHOLD_DEBT,REAL_ACTIVITY,Endogenous banking credit creation transitions from hedge to speculative to Ponzi financing (Minsky Moment) masked by mainstream DSGE equilibrium illusions until systemic debt service collapses (Desai Hubris).,"Can private sector debtors service their obligations from organic operational cash flows, or are they relying on perpetual rollover, capital appreciation, and monetary accommodation?",MODEL_DERIVED_FROM_VERIFIED_OBSERVATIONS
DEU-BRANTLINGER_PANEM_ET_CIRCENSES_EROSION-20241231,DEU,2024-12-31 00:00:00+00:00,2026-10-03 00:00:00+00:00,BRANTLINGER_PANEM_ET_CIRCENSES_EROSION,Brantlinger bread and circuses bio-cognitive and institutional erosion,insufficient_evidence,NOT_ASSESSABLE,,1,0,1,DISTRIBUTIONAL_STRESS,DISTRIBUTIONAL_STRESS,REAL_ACTIVITY,"State reliance on debt-financed consumption subsidies (bread) and limbic/media spectacle (circuses) fails to outpace structural inflation, eroding prefrontal public trust and accelerating bio-cognitive decay (Brantlinger Social Decay / T2SAIM HLI).",Are consumption transfers and social support payments financed by productive real revenue or by inflationary debt issuance that exacerbates underlying living-standard collapse?,MODEL_DERIVED_FROM_VERIFIED_OBSERVATIONS
DEU-SOVEREIGN_REFINANCING_STRESS-19981231,DEU,1998-12-31 00:00:00+00:00,2026-10-03 00:00:00+00:00,SOVEREIGN_REFINANCING_STRESS,Sovereign refinancing and debt-service stress,insufficient_evidence,NOT_ASSESSABLE,,1,1,1,SOVEREIGN_REFINANCING,SOVEREIGN_REFINANCING,FX_PRESSURE,"Rollover/debt-service pressure co-occurs with fiscal cash-flow, hidden-liability, FX, or external-financing stress. It is not a default determination.","Are maturity data complete across central government, SOEs, local government, public banks, and guaranteed entities?",MODEL_DERIVED_FROM_VERIFIED_OBSERVATIONS
ESP-FX_EXTERNAL_FINANCING_STRESS-20260630,ESP,2026-06-30 00:00:00+00:00,2026-10-03 00:00:00+00:00,FX_EXTERNAL_FINANCING_STRESS,FX and external-financing stress,insufficient_evidence,NOT_ASSESSABLE,,1,0,1,FX_PRESSURE,FX_PRESSURE,RESERVE_LOSS,"FX pressure co-occurs with reserve loss, external financing pressure, or sovereign rollover stress. This is a stress pattern, not proof of a currency crisis.","Could the FX movement be a temporary global-risk, valuation, seasonal, or policy-regime event rather than domestic external-financing stress?",MODEL_DERIVED_FROM_VERIFIED_OBSERVATIONS
ESP-COMPOUND_SYSTEMIC_STRESS-20260630,ESP,2026-06-30 00:00:00+00:00,2026-10-03 00:00:00+00:00,COMPOUND_SYSTEMIC_STRESS,Compound systemic stress,single_source_caution,NOT_ASSESSABLE,,1,0,1,,,RESERVE_LOSS,"Several distinct stress families are simultaneously active. This is a prioritization signal for human review, not a formal systemic-crisis declaration.","Do multiple signals genuinely arise from distinct mechanisms, or are they a common shock, common source, or double-counted transformation?",MODEL_DERIVED_FROM_VERIFIED_OBSERVATIONS
ESP-HOUSEHOLD_DEBT_AND_COST_OF_LIVING-20230228,ESP,2023-02-28 00:00:00+00:00,2026-10-03 00:00:00+00:00,HOUSEHOLD_DEBT_AND_COST_OF_LIVING,Household debt and cost-of-living stress,insufficient_evidence,NOT_ASSESSABLE,,1,1,1,HOUSEHOLD_DEBT,HOUSEHOLD_DEBT,INFLATION_ENERGY,"Debt-service/delinquency pressure overlaps with essential-cost inflation, income-distribution stress, or real-activity deterioration.","Are household debt, income, arrears and delinquency definitions stable and representative, including informal households?",MODEL_DERIVED_FROM_VERIFIED_OBSERVATIONS
ESP-CORPORATE_CASHFLOW_AND_REAL_ACTIVITY-20230228,ESP,2023-02-28 00:00:00+00:00,2026-10-03 00:00:00+00:00,CORPORATE_CASHFLOW_AND_REAL_ACTIVITY,Corporate cash-flow and real-activity stress,insufficient_evidence,NOT_ASSESSABLE,,1,1,1,FIRM_CASHFLOW,FIRM_CASHFLOW,INFLATION_ENERGY,"Insolvency/payment-delay stress overlaps with contraction, input-cost pressure, asset-quality deterioration, or public-payment strain.","Are insolvency filings affected by legal reforms, moratoria, backlog clearance, or changes in reporting coverage?",MODEL_DERIVED_FROM_VERIFIED_OBSERVATIONS
ESP-INFLATION_ENERGY_REAL_INCOME_SHOCK-20230228,ESP,2023-02-28 00:00:00+00:00,2026-10-03 00:00:00+00:00,INFLATION_ENERGY_REAL_INCOME_SHOCK,"Inflation, energy and real-income shock",insufficient_evidence,NOT_ASSESSABLE,,1,1,1,INFLATION_ENERGY,,INFLATION_ENERGY,"Inflation or energy stress coincides with falling real-income conditions, real contraction, fiscal strain, or household debt stress.","Is the shock imported and temporary, or is it persistent and broad enough to create domestic second-round effects?",MODEL_DERIVED_FROM_VERIFIED_OBSERVATIONS
ESP-TALBOTT_DIVERGENCE_BUBBLE-20230228,ESP,2023-02-28 00:00:00+00:00,2026-10-03 00:00:00+00:00,TALBOTT_DIVERGENCE_BUBBLE,Talbott asset-divergence and subprime credit stress,insufficient_evidence,NOT_ASSESSABLE,,1,1,1,BANK_ASSET_QUALITY,BANK_ASSET_QUALITY,INFLATION_ENERGY,"Asset price or real expansion co-occurs with rising delinquencies, insolvency filings, or non-performing credit (Talbott Divergence Rule). Signals unsustainable credit quality deterioration prior to systemic repricing.",Could the observed divergence stem from regulatory NPL reclassification or localized debt-collection moratorium rather than nationwide subprime-style collateral rot?,MODEL_DERIVED_FROM_VERIFIED_OBSERVATIONS
ESP-BRANTLINGER_PANEM_ET_CIRCENSES_EROSION-20230228,ESP,2023-02-28 00:00:00+00:00,2026-10-03 00:00:00+00:00,BRANTLINGER_PANEM_ET_CIRCENSES_EROSION,Brantlinger bread and circuses bio-cognitive and institutional erosion,insufficient_evidence,NOT_ASSESSABLE,,1,1,1,DISTRIBUTIONAL_STRESS,DISTRIBUTIONAL_STRESS,INFLATION_ENERGY,"State reliance on debt-financed consumption subsidies (bread) and limbic/media spectacle (circuses) fails to outpace structural inflation, eroding prefrontal public trust and accelerating bio-cognitive decay (Brantlinger Social Decay / T2SAIM HLI).",Are consumption transfers and social support payments financed by productive real revenue or by inflationary debt issuance that exacerbates underlying living-standard collapse?,MODEL_DERIVED_FROM_VERIFIED_OBSERVATIONS
ESP-SOVEREIGN_REFINANCING_STRESS-20220101,ESP,2022-01-01 00:00:00+00:00,2026-10-03 00:00:00+00:00,SOVEREIGN_REFINANCING_STRESS,Sovereign refinancing and debt-service stress,insufficient_evidence,NOT_ASSESSABLE,,1,0,1,SOVEREIGN_REFINANCING,,SOVEREIGN_REFINANCING,"Rollover/debt-service pressure co-occurs with fiscal cash-flow, hidden-liability, FX, or external-financing stress. It is not a default determination.","Are maturity data complete across central government, SOEs, local government, public banks, and guaranteed entities?",MODEL_DERIVED_FROM_VERIFIED_OBSERVATIONS
ESP-FISCAL_CASHFLOW_AND_HIDDEN_LIABILITY-20220101,ESP,2022-01-01 00:00:00+00:00,2026-10-03 00:00:00+00:00,FISCAL_CASHFLOW_AND_HIDDEN_LIABILITY,Fiscal cash-flow and hidden-liability stress,insufficient_evidence,NOT_ASSESSABLE,,1,0,1,FISCAL_CASHFLOW,FISCAL_CASHFLOW,SOVEREIGN_REFINANCING,"Tax/refund/budget cash-flow pressure overlaps with guarantees, PPPs, SOEs, public banks, refinancing, or company cash-flow deterioration.","Could cash-flow volatility reflect calendar effects, tax amnesties, one-off transfers, accounting reclassification, or delayed publication?",MODEL_DERIVED_FROM_VERIFIED_OBSERVATIONS
ESP-THORNTON_SKYSCRAPER_MALINVESTMENT-20220101,ESP,2022-01-01 00:00:00+00:00,2026-10-03 00:00:00+00:00,THORNTON_SKYSCRAPER_MALINVESTMENT,Thornton malinvestment and time-to-build cycle stress,insufficient_evidence,NOT_ASSESSABLE,,1,0,1,REAL_ACTIVITY,REAL_ACTIVITY,SOVEREIGN_REFINANCING,Overextension in long-gestation capital goods / megaprojects and artificial credit expansion enters the time-to-build completion phase as liquidity tightens (Thornton Skyscraper Curse). Malinvestment becomes stranded.,"Are construction or capital expenditure surges driven by genuine demographic demand and productive infrastructure, or by subsidized interest rates and speculative prestige projects?",MODEL_DERIVED_FROM_VERIFIED_OBSERVATIONS
ESP-SOVEREIGN_HOSTAGE_BANK_NEXUS-20220101,ESP,2022-01-01 00:00:00+00:00,2026-10-03 00:00:00+00:00,SOVEREIGN_HOSTAGE_BANK_NEXUS,Sovereign-bank nexus and bailout hostage stress,insufficient_evidence,NOT_ASSESSABLE,,1,0,1,BANK_CAPITAL,BANK_CAPITAL,SOVEREIGN_REFINANCING,Severe banking distress in an oversized financial system threatens to socialize bank private losses onto the sovereign balance sheet (Talbott Hostage Nexus / Doom Loop).,Does the jurisdiction possess a credible bail-in resolution framework (BRRD / FDIC style) or will public balance sheets be forced into an unconditional 0% haircut bailout?,MODEL_DERIVED_FROM_VERIFIED_OBSERVATIONS
ESP-DESAI_ENDOGENOUS_CREDIT_PONZI_DESTABILIZATION-20201231,ESP,2020-12-31 00:00:00+00:00,2026-10-03 00:00:00+00:00,DESAI_ENDOGENOUS_CREDIT_PONZI_DESTABILIZATION,Desai endogenous credit expansion and Ponzi destabilization,insufficient_evidence,NOT_ASSESSABLE,,1,1,1,HOUSEHOLD_DEBT,HOUSEHOLD_DEBT,REAL_ACTIVITY,Endogenous banking credit creation transitions from hedge to speculative to Ponzi financing (Minsky Moment) masked by mainstream DSGE equilibrium illusions until systemic debt service collapses (Desai Hubris).,"Can private sector debtors service their obligations from organic operational cash flows, or are they relying on perpetual rollover, capital appreciation, and monetary accommodation?",MODEL_DERIVED_FROM_VERIFIED_OBSERVATIONS
FRA-FX_EXTERNAL_FINANCING_STRESS-20260731,FRA,2026-07-31 00:00:00+00:00,2026-10-03 00:00:00+00:00,FX_EXTERNAL_FINANCING_STRESS,FX and external-financing stress,insufficient_evidence,NOT_ASSESSABLE,,1,0,1,FX_PRESSURE,FX_PRESSURE,RESERVE_LOSS,"FX pressure co-occurs with reserve loss, external financing pressure, or sovereign rollover stress. This is a stress pattern, not proof of a currency crisis.","Could the FX movement be a temporary global-risk, valuation, seasonal, or policy-regime event rather than domestic external-financing stress?",MODEL_DERIVED_FROM_VERIFIED_OBSERVATIONS
FRA-COMPOUND_SYSTEMIC_STRESS-20260731,FRA,2026-07-31 00:00:00+00:00,2026-10-03 00:00:00+00:00,COMPOUND_SYSTEMIC_STRESS,Compound systemic stress,single_source_caution,NOT_ASSESSABLE,,1,0,1,,,RESERVE_LOSS,"Several distinct stress families are simultaneously active. This is a prioritization signal for human review, not a formal systemic-crisis declaration.","Do multiple signals genuinely arise from distinct mechanisms, or are they a common shock, common source, or double-counted transformation?",MODEL_DERIVED_FROM_VERIFIED_OBSERVATIONS
FRA-HOUSEHOLD_DEBT_AND_COST_OF_LIVING-20230930,FRA,2023-09-30 00:00:00+00:00,2026-10-03 00:00:00+00:00,HOUSEHOLD_DEBT_AND_COST_OF_LIVING,Household debt and cost-of-living stress,insufficient_evidence,NOT_ASSESSABLE,,1,0,1,HOUSEHOLD_DEBT,HOUSEHOLD_DEBT,INFLATION_ENERGY,"Debt-service/delinquency pressure overlaps with essential-cost inflation, income-distribution stress, or real-activity deterioration.","Are household debt, income, arrears and delinquency definitions stable and representative, including informal households?",MODEL_DERIVED_FROM_VERIFIED_OBSERVATIONS
FRA-CORPORATE_CASHFLOW_AND_REAL_ACTIVITY-20230930,FRA,2023-09-30 00:00:00+00:00,2026-10-03 00:00:00+00:00,CORPORATE_CASHFLOW_AND_REAL_ACTIVITY,Corporate cash-flow and real-activity stress,insufficient_evidence,NOT_ASSESSABLE,,1,0,1,FIRM_CASHFLOW,FIRM_CASHFLOW,INFLATION_ENERGY,"Insolvency/payment-delay stress overlaps with contraction, input-cost pressure, asset-quality deterioration, or public-payment strain.","Are insolvency filings affected by legal reforms, moratoria, backlog clearance, or changes in reporting coverage?",MODEL_DERIVED_FROM_VERIFIED_OBSERVATIONS
FRA-INFLATION_ENERGY_REAL_INCOME_SHOCK-20230930,FRA,2023-09-30 00:00:00+00:00,2026-10-03 00:00:00+00:00,INFLATION_ENERGY_REAL_INCOME_SHOCK,"Inflation, energy and real-income shock",insufficient_evidence,NOT_ASSESSABLE,,1,0,1,INFLATION_ENERGY,,INFLATION_ENERGY,"Inflation or energy stress coincides with falling real-income conditions, real contraction, fiscal strain, or household debt stress.","Is the shock imported and temporary, or is it persistent and broad enough to create domestic second-round effects?",MODEL_DERIVED_FROM_VERIFIED_OBSERVATIONS
FRA-TALBOTT_DIVERGENCE_BUBBLE-20230930,FRA,2023-09-30 00:00:00+00:00,2026-10-03 00:00:00+00:00,TALBOTT_DIVERGENCE_BUBBLE,Talbott asset-divergence and subprime credit stress,insufficient_evidence,NOT_ASSESSABLE,,1,1,1,BANK_ASSET_QUALITY,BANK_ASSET_QUALITY,INFLATION_ENERGY,"Asset price or real expansion co-occurs with rising delinquencies, insolvency filings, or non-performing credit (Talbott Divergence Rule). Signals unsustainable credit quality deterioration prior to systemic repricing.",Could the observed divergence stem from regulatory NPL reclassification or localized debt-collection moratorium rather than nationwide subprime-style collateral rot?,MODEL_DERIVED_FROM_VERIFIED_OBSERVATIONS
FRA-BRANTLINGER_PANEM_ET_CIRCENSES_EROSION-20230930,FRA,2023-09-30 00:00:00+00:00,2026-10-03 00:00:00+00:00,BRANTLINGER_PANEM_ET_CIRCENSES_EROSION,Brantlinger bread and circuses bio-cognitive and institutional erosion,insufficient_evidence,NOT_ASSESSABLE,,1,1,1,DISTRIBUTIONAL_STRESS,DISTRIBUTIONAL_STRESS,INFLATION_ENERGY,"State reliance on debt-financed consumption subsidies (bread) and limbic/media spectacle (circuses) fails to outpace structural inflation, eroding prefrontal public trust and accelerating bio-cognitive decay (Brantlinger Social Decay / T2SAIM HLI).",Are consumption transfers and social support payments financed by productive real revenue or by inflationary debt issuance that exacerbates underlying living-standard collapse?,MODEL_DERIVED_FROM_VERIFIED_OBSERVATIONS
FRA-SOVEREIGN_REFINANCING_STRESS-20201231,FRA,2020-12-31 00:00:00+00:00,2026-10-03 00:00:00+00:00,SOVEREIGN_REFINANCING_STRESS,Sovereign refinancing and debt-service stress,insufficient_evidence,NOT_ASSESSABLE,,1,0,1,SOVEREIGN_REFINANCING,SOVEREIGN_REFINANCING,EXTERNAL_REFINANCING,"Rollover/debt-service pressure co-occurs with fiscal cash-flow, hidden-liability, FX, or external-financing stress. It is not a default determination.","Are maturity data complete across central government, SOEs, local government, public banks, and guaranteed entities?",MODEL_DERIVED_FROM_VERIFIED_OBSERVATIONS
FRA-THORNTON_SKYSCRAPER_MALINVESTMENT-20201231,FRA,2020-12-31 00:00:00+00:00,2026-10-03 00:00:00+00:00,THORNTON_SKYSCRAPER_MALINVESTMENT,Thornton malinvestment and time-to-build cycle stress,insufficient_evidence,NOT_ASSESSABLE,,1,1,1,REAL_ACTIVITY,,REAL_ACTIVITY,Overextension in long-gestation capital goods / megaprojects and artificial credit expansion enters the time-to-build completion phase as liquidity tightens (Thornton Skyscraper Curse). Malinvestment becomes stranded.,"Are construction or capital expenditure surges driven by genuine demographic demand and productive infrastructure, or by subsidized interest rates and speculative prestige projects?",MODEL_DERIVED_FROM_VERIFIED_OBSERVATIONS
FRA-BOOKSTABER_LIQUIDITY_FIRE_SALE_CASCADE-20201231,FRA,2020-12-31 00:00:00+00:00,2026-10-03 00:00:00+00:00,BOOKSTABER_LIQUIDITY_FIRE_SALE_CASCADE,Bookstaber non-ergodic fire-sale and liquidity dry-up cascade,insufficient_evidence,NOT_ASSESSABLE,,1,0,1,BANK_LIQUIDITY,BANK_LIQUIDITY,EXTERNAL_REFINANCING,"Non-ergodic cascade where margin calls on leveraged entities force mechanical liquidations (fire-sales), draining market depth and triggering funding liquidity evaporation across network nodes (Bookstaber End of Theory).","Is the liquidity drain a temporary friction in a single collateral asset, or is it cascading across interbank repo markets and creating systemic funding freeze?",MODEL_DERIVED_FROM_VERIFIED_OBSERVATIONS
FRA-DESAI_ENDOGENOUS_CREDIT_PONZI_DESTABILIZATION-20201231,FRA,2020-12-31 00:00:00+00:00,2026-10-03 00:00:00+00:00,DESAI_ENDOGENOUS_CREDIT_PONZI_DESTABILIZATION,Desai endogenous credit expansion and Ponzi destabilization,insufficient_evidence,NOT_ASSESSABLE,,1,1,1,HOUSEHOLD_DEBT,HOUSEHOLD_DEBT,REAL_ACTIVITY,Endogenous banking credit creation transitions from hedge to speculative to Ponzi financing (Minsky Moment) masked by mainstream DSGE equilibrium illusions until systemic debt service collapses (Desai Hubris).,"Can private sector debtors service their obligations from organic operational cash flows, or are they relying on perpetual rollover, capital appreciation, and monetary accommodation?",MODEL_DERIVED_FROM_VERIFIED_OBSERVATIONS
GBR-FX_EXTERNAL_FINANCING_STRESS-20250331,GBR,2025-03-31 00:00:00+00:00,2026-10-03 00:00:00+00:00,FX_EXTERNAL_FINANCING_STRESS,FX and external-financing stress,insufficient_evidence,NOT_ASSESSABLE,,1,0,1,FX_PRESSURE,,FX_PRESSURE,"FX pressure co-occurs with reserve loss, external financing pressure, or sovereign rollover stress. This is a stress pattern, not proof of a currency crisis.","Could the FX movement be a temporary global-risk, valuation, seasonal, or policy-regime event rather than domestic external-financing stress?",MODEL_DERIVED_FROM_VERIFIED_OBSERVATIONS
GBR-SOVEREIGN_REFINANCING_STRESS-20250331,GBR,2025-03-31 00:00:00+00:00,2026-10-03 00:00:00+00:00,SOVEREIGN_REFINANCING_STRESS,Sovereign refinancing and debt-service stress,insufficient_evidence,NOT_ASSESSABLE,,1,0,1,SOVEREIGN_REFINANCING,SOVEREIGN_REFINANCING,FX_PRESSURE,"Rollover/debt-service pressure co-occurs with fiscal cash-flow, hidden-liability, FX, or external-financing stress. It is not a default determination.","Are maturity data complete across central government, SOEs, local government, public banks, and guaranteed entities?",MODEL_DERIVED_FROM_VERIFIED_OBSERVATIONS
GBR-COMPOUND_SYSTEMIC_STRESS-20250331,GBR,2025-03-31 00:00:00+00:00,2026-10-03 00:00:00+00:00,COMPOUND_SYSTEMIC_STRESS,Compound systemic stress,single_source_caution,NOT_ASSESSABLE,,1,0,1,,,FX_PRESSURE,"Several distinct stress families are simultaneously active. This is a prioritization signal for human review, not a formal systemic-crisis declaration.","Do multiple signals genuinely arise from distinct mechanisms, or are they a common shock, common source, or double-counted transformation?",MODEL_DERIVED_FROM_VERIFIED_OBSERVATIONS
GBR-INFLATION_ENERGY_REAL_INCOME_SHOCK-20231231,GBR,2023-12-31 00:00:00+00:00,2026-10-03 00:00:00+00:00,INFLATION_ENERGY_REAL_INCOME_SHOCK,"Inflation, energy and real-income shock",watch,WATCH,2.1832142399670507,2,0,2,INFLATION_ENERGY,,INFLATION_ENERGY|REAL_ACTIVITY,"Inflation or energy stress coincides with falling real-income conditions, real contraction, fiscal strain, or household debt stress.","Is the shock imported and temporary, or is it persistent and broad enough to create domestic second-round effects?",MODEL_DERIVED_FROM_VERIFIED_OBSERVATIONS
GBR-HOUSEHOLD_DEBT_AND_COST_OF_LIVING-20231231,GBR,2023-12-31 00:00:00+00:00,2026-10-03 00:00:00+00:00,HOUSEHOLD_DEBT_AND_COST_OF_LIVING,Household debt and cost-of-living stress,insufficient_required_evidence,NOT_ASSESSABLE,,2,0,2,HOUSEHOLD_DEBT,HOUSEHOLD_DEBT,INFLATION_ENERGY|REAL_ACTIVITY,"Debt-service/delinquency pressure overlaps with essential-cost inflation, income-distribution stress, or real-activity deterioration.","Are household debt, income, arrears and delinquency definitions stable and representative, including informal households?",MODEL_DERIVED_FROM_VERIFIED_OBSERVATIONS
GBR-CORPORATE_CASHFLOW_AND_REAL_ACTIVITY-20231231,GBR,2023-12-31 00:00:00+00:00,2026-10-03 00:00:00+00:00,CORPORATE_CASHFLOW_AND_REAL_ACTIVITY,Corporate cash-flow and real-activity stress,insufficient_required_evidence,NOT_ASSESSABLE,,2,0,2,FIRM_CASHFLOW,FIRM_CASHFLOW,INFLATION_ENERGY|REAL_ACTIVITY,"Insolvency/payment-delay stress overlaps with contraction, input-cost pressure, asset-quality deterioration, or public-payment strain.","Are insolvency filings affected by legal reforms, moratoria, backlog clearance, or changes in reporting coverage?",MODEL_DERIVED_FROM_VERIFIED_OBSERVATIONS
GBR-TALBOTT_DIVERGENCE_BUBBLE-20231231,GBR,2023-12-31 00:00:00+00:00,2026-10-03 00:00:00+00:00,TALBOTT_DIVERGENCE_BUBBLE,Talbott asset-divergence and subprime credit stress,insufficient_required_evidence,NOT_ASSESSABLE,,2,1,2,BANK_ASSET_QUALITY,BANK_ASSET_QUALITY,INFLATION_ENERGY|REAL_ACTIVITY,"Asset price or real expansion co-occurs with rising delinquencies, insolvency filings, or non-performing credit (Talbott Divergence Rule). Signals unsustainable credit quality deterioration prior to systemic repricing.",Could the observed divergence stem from regulatory NPL reclassification or localized debt-collection moratorium rather than nationwide subprime-style collateral rot?,MODEL_DERIVED_FROM_VERIFIED_OBSERVATIONS
GBR-THORNTON_SKYSCRAPER_MALINVESTMENT-20231231,GBR,2023-12-31 00:00:00+00:00,2026-10-03 00:00:00+00:00,THORNTON_SKYSCRAPER_MALINVESTMENT,Thornton malinvestment and time-to-build cycle stress,insufficient_evidence,NOT_ASSESSABLE,,1,0,1,REAL_ACTIVITY,,REAL_ACTIVITY,Overextension in long-gestation capital goods / megaprojects and artificial credit expansion enters the time-to-build completion phase as liquidity tightens (Thornton Skyscraper Curse). Malinvestment becomes stranded.,"Are construction or capital expenditure surges driven by genuine demographic demand and productive infrastructure, or by subsidized interest rates and speculative prestige projects?",MODEL_DERIVED_FROM_VERIFIED_OBSERVATIONS
GBR-DESAI_ENDOGENOUS_CREDIT_PONZI_DESTABILIZATION-20231231,GBR,2023-12-31 00:00:00+00:00,2026-10-03 00:00:00+00:00,DESAI_ENDOGENOUS_CREDIT_PONZI_DESTABILIZATION,Desai endogenous credit expansion and Ponzi destabilization,insufficient_evidence,NOT_ASSESSABLE,,1,0,1,HOUSEHOLD_DEBT,HOUSEHOLD_DEBT,REAL_ACTIVITY,Endogenous banking credit creation transitions from hedge to speculative to Ponzi financing (Minsky Moment) masked by mainstream DSGE equilibrium illusions until systemic debt service collapses (Desai Hubris).,"Can private sector debtors service their obligations from organic operational cash flows, or are they relying on perpetual rollover, capital appreciation, and monetary accommodation?",MODEL_DERIVED_FROM_VERIFIED_OBSERVATIONS
GBR-BRANTLINGER_PANEM_ET_CIRCENSES_EROSION-20231231,GBR,2023-12-31 00:00:00+00:00,2026-10-03 00:00:00+00:00,BRANTLINGER_PANEM_ET_CIRCENSES_EROSION,Brantlinger bread and circuses bio-cognitive and institutional erosion,insufficient_required_evidence,NOT_ASSESSABLE,,2,1,2,DISTRIBUTIONAL_STRESS,DISTRIBUTIONAL_STRESS,INFLATION_ENERGY|REAL_ACTIVITY,"State reliance on debt-financed consumption subsidies (bread) and limbic/media spectacle (circuses) fails to outpace structural inflation, eroding prefrontal public trust and accelerating bio-cognitive decay (Brantlinger Social Decay / T2SAIM HLI).",Are consumption transfers and social support payments financed by productive real revenue or by inflationary debt issuance that exacerbates underlying living-standard collapse?,MODEL_DERIVED_FROM_VERIFIED_OBSERVATIONS
GBR-FISCAL_CASHFLOW_AND_HIDDEN_LIABILITY-20210101,GBR,2021-01-01 00:00:00+00:00,2026-10-03 00:00:00+00:00,FISCAL_CASHFLOW_AND_HIDDEN_LIABILITY,Fiscal cash-flow and hidden-liability stress,insufficient_evidence,NOT_ASSESSABLE,,1,1,1,FISCAL_CASHFLOW,FISCAL_CASHFLOW,SOVEREIGN_REFINANCING,"Tax/refund/budget cash-flow pressure overlaps with guarantees, PPPs, SOEs, public banks, refinancing, or company cash-flow deterioration.","Could cash-flow volatility reflect calendar effects, tax amnesties, one-off transfers, accounting reclassification, or delayed publication?",MODEL_DERIVED_FROM_VERIFIED_OBSERVATIONS
GBR-SOVEREIGN_HOSTAGE_BANK_NEXUS-20210101,GBR,2021-01-01 00:00:00+00:00,2026-10-03 00:00:00+00:00,SOVEREIGN_HOSTAGE_BANK_NEXUS,Sovereign-bank nexus and bailout hostage stress,insufficient_evidence,NOT_ASSESSABLE,,1,1,1,BANK_CAPITAL,BANK_CAPITAL,SOVEREIGN_REFINANCING,Severe banking distress in an oversized financial system threatens to socialize bank private losses onto the sovereign balance sheet (Talbott Hostage Nexus / Doom Loop).,Does the jurisdiction possess a credible bail-in resolution framework (BRRD / FDIC style) or will public balance sheets be forced into an unconditional 0% haircut bailout?,MODEL_DERIVED_FROM_VERIFIED_OBSERVATIONS
GRC-FX_EXTERNAL_FINANCING_STRESS-20260731,GRC,2026-07-31 00:00:00+00:00,2026-10-03 00:00:00+00:00,FX_EXTERNAL_FINANCING_STRESS,FX and external-financing stress,insufficient_evidence,NOT_ASSESSABLE,,1,0,1,FX_PRESSURE,FX_PRESSURE,RESERVE_LOSS,"FX pressure co-occurs with reserve loss, external financing pressure, or sovereign rollover stress. This is a stress pattern, not proof of a currency crisis.","Could the FX movement be a temporary global-risk, valuation, seasonal, or policy-regime event rather than domestic external-financing stress?",MODEL_DERIVED_FROM_VERIFIED_OBSERVATIONS
GRC-COMPOUND_SYSTEMIC_STRESS-20260731,GRC,2026-07-31 00:00:00+00:00,2026-10-03 00:00:00+00:00,COMPOUND_SYSTEMIC_STRESS,Compound systemic stress,single_source_caution,NOT_ASSESSABLE,,2,0,1,,,INFLATION_ENERGY|RESERVE_LOSS,"Several distinct stress families are simultaneously active. This is a prioritization signal for human review, not a formal systemic-crisis declaration.","Do multiple signals genuinely arise from distinct mechanisms, or are they a common shock, common source, or double-counted transformation?",MODEL_DERIVED_FROM_VERIFIED_OBSERVATIONS
GRC-HOUSEHOLD_DEBT_AND_COST_OF_LIVING-20260531,GRC,2026-05-31 00:00:00+00:00,2026-10-03 00:00:00+00:00,HOUSEHOLD_DEBT_AND_COST_OF_LIVING,Household debt and cost-of-living stress,insufficient_evidence,NOT_ASSESSABLE,,1,1,1,HOUSEHOLD_DEBT,HOUSEHOLD_DEBT,INFLATION_ENERGY,"Debt-service/delinquency pressure overlaps with essential-cost inflation, income-distribution stress, or real-activity deterioration.","Are household debt, income, arrears and delinquency definitions stable and representative, including informal households?",MODEL_DERIVED_FROM_VERIFIED_OBSERVATIONS
GRC-CORPORATE_CASHFLOW_AND_REAL_ACTIVITY-20260531,GRC,2026-05-31 00:00:00+00:00,2026-10-03 00:00:00+00:00,CORPORATE_CASHFLOW_AND_REAL_ACTIVITY,Corporate cash-flow and real-activity stress,insufficient_evidence,NOT_ASSESSABLE,,1,1,1,FIRM_CASHFLOW,FIRM_CASHFLOW,INFLATION_ENERGY,"Insolvency/payment-delay stress overlaps with contraction, input-cost pressure, asset-quality deterioration, or public-payment strain.","Are insolvency filings affected by legal reforms, moratoria, backlog clearance, or changes in reporting coverage?",MODEL_DERIVED_FROM_VERIFIED_OBSERVATIONS
GRC-INFLATION_ENERGY_REAL_INCOME_SHOCK-20260531,GRC,2026-05-31 00:00:00+00:00,2026-10-03 00:00:00+00:00,INFLATION_ENERGY_REAL_INCOME_SHOCK,"Inflation, energy and real-income shock",insufficient_evidence,NOT_ASSESSABLE,,1,1,1,INFLATION_ENERGY,,INFLATION_ENERGY,"Inflation or energy stress coincides with falling real-income conditions, real contraction, fiscal strain, or household debt stress.","Is the shock imported and temporary, or is it persistent and broad enough to create domestic second-round effects?",MODEL_DERIVED_FROM_VERIFIED_OBSERVATIONS
GRC-TALBOTT_DIVERGENCE_BUBBLE-20260531,GRC,2026-05-31 00:00:00+00:00,2026-10-03 00:00:00+00:00,TALBOTT_DIVERGENCE_BUBBLE,Talbott asset-divergence and subprime credit stress,insufficient_evidence,NOT_ASSESSABLE,,1,1,1,BANK_ASSET_QUALITY,BANK_ASSET_QUALITY,INFLATION_ENERGY,"Asset price or real expansion co-occurs with rising delinquencies, insolvency filings, or non-performing credit (Talbott Divergence Rule). Signals unsustainable credit quality deterioration prior to systemic repricing.",Could the observed divergence stem from regulatory NPL reclassification or localized debt-collection moratorium rather than nationwide subprime-style collateral rot?,MODEL_DERIVED_FROM_VERIFIED_OBSERVATIONS
GRC-BRANTLINGER_PANEM_ET_CIRCENSES_EROSION-20260531,GRC,2026-05-31 00:00:00+00:00,2026-10-03 00:00:00+00:00,BRANTLINGER_PANEM_ET_CIRCENSES_EROSION,Brantlinger bread and circuses bio-cognitive and institutional erosion,insufficient_evidence,NOT_ASSESSABLE,,1,1,1,DISTRIBUTIONAL_STRESS,DISTRIBUTIONAL_STRESS,INFLATION_ENERGY,"State reliance on debt-financed consumption subsidies (bread) and limbic/media spectacle (circuses) fails to outpace structural inflation, eroding prefrontal public trust and accelerating bio-cognitive decay (Brantlinger Social Decay / T2SAIM HLI).",Are consumption transfers and social support payments financed by productive real revenue or by inflationary debt issuance that exacerbates underlying living-standard collapse?,MODEL_DERIVED_FROM_VERIFIED_OBSERVATIONS
GRC-THORNTON_SKYSCRAPER_MALINVESTMENT-20201231,GRC,2020-12-31 00:00:00+00:00,2026-10-03 00:00:00+00:00,THORNTON_SKYSCRAPER_MALINVESTMENT,Thornton malinvestment and time-to-build cycle stress,insufficient_evidence,NOT_ASSESSABLE,,1,1,1,REAL_ACTIVITY,,REAL_ACTIVITY,Overextension in long-gestation capital goods / megaprojects and artificial credit expansion enters the time-to-build completion phase as liquidity tightens (Thornton Skyscraper Curse). Malinvestment becomes stranded.,"Are construction or capital expenditure surges driven by genuine demographic demand and productive infrastructure, or by subsidized interest rates and speculative prestige projects?",MODEL_DERIVED_FROM_VERIFIED_OBSERVATIONS
GRC-DESAI_ENDOGENOUS_CREDIT_PONZI_DESTABILIZATION-20201231,GRC,2020-12-31 00:00:00+00:00,2026-10-03 00:00:00+00:00,DESAI_ENDOGENOUS_CREDIT_PONZI_DESTABILIZATION,Desai endogenous credit expansion and Ponzi destabilization,insufficient_evidence,NOT_ASSESSABLE,,1,1,1,HOUSEHOLD_DEBT,HOUSEHOLD_DEBT,REAL_ACTIVITY,Endogenous banking credit creation transitions from hedge to speculative to Ponzi financing (Minsky Moment) masked by mainstream DSGE equilibrium illusions until systemic debt service collapses (Desai Hubris).,"Can private sector debtors service their obligations from organic operational cash flows, or are they relying on perpetual rollover, capital appreciation, and monetary accommodation?",MODEL_DERIVED_FROM_VERIFIED_OBSERVATIONS
GRC-SOVEREIGN_REFINANCING_STRESS-20001231,GRC,2000-12-31 00:00:00+00:00,2026-10-03 00:00:00+00:00,SOVEREIGN_REFINANCING_STRESS,Sovereign refinancing and debt-service stress,insufficient_evidence,NOT_ASSESSABLE,,1,1,1,SOVEREIGN_REFINANCING,SOVEREIGN_REFINANCING,FX_PRESSURE,"Rollover/debt-service pressure co-occurs with fiscal cash-flow, hidden-liability, FX, or external-financing stress. It is not a default determination.","Are maturity data complete across central government, SOEs, local government, public banks, and guaranteed entities?",MODEL_DERIVED_FROM_VERIFIED_OBSERVATIONS
IDN-FX_EXTERNAL_FINANCING_STRESS-20260731,IDN,2026-07-31 00:00:00+00:00,2026-10-03 00:00:00+00:00,FX_EXTERNAL_FINANCING_STRESS,FX and external-financing stress,insufficient_evidence,NOT_ASSESSABLE,,1,0,1,FX_PRESSURE,,FX_PRESSURE,"FX pressure co-occurs with reserve loss, external financing pressure, or sovereign rollover stress. This is a stress pattern, not proof of a currency crisis.","Could the FX movement be a temporary global-risk, valuation, seasonal, or policy-regime event rather than domestic external-financing stress?",MODEL_DERIVED_FROM_VERIFIED_OBSERVATIONS
IDN-SOVEREIGN_REFINANCING_STRESS-20260731,IDN,2026-07-31 00:00:00+00:00,2026-10-03 00:00:00+00:00,SOVEREIGN_REFINANCING_STRESS,Sovereign refinancing and debt-service stress,insufficient_evidence,NOT_ASSESSABLE,,1,0,1,SOVEREIGN_REFINANCING,SOVEREIGN_REFINANCING,FX_PRESSURE,"Rollover/debt-service pressure co-occurs with fiscal cash-flow, hidden-liability, FX, or external-financing stress. It is not a default determination.","Are maturity data complete across central government, SOEs, local government, public banks, and guaranteed entities?",MODEL_DERIVED_FROM_VERIFIED_OBSERVATIONS
IDN-COMPOUND_SYSTEMIC_STRESS-20260731,IDN,2026-07-31 00:00:00+00:00,2026-10-03 00:00:00+00:00,COMPOUND_SYSTEMIC_STRESS,Compound systemic stress,single_source_caution,NOT_ASSESSABLE,,1,0,1,,,FX_PRESSURE,"Several distinct stress families are simultaneously active. This is a prioritization signal for human review, not a formal systemic-crisis declaration.","Do multiple signals genuinely arise from distinct mechanisms, or are they a common shock, common source, or double-counted transformation?",MODEL_DERIVED_FROM_VERIFIED_OBSERVATIONS
IDN-HOUSEHOLD_DEBT_AND_COST_OF_LIVING-20260228,IDN,2026-02-28 00:00:00+00:00,2026-10-03 00:00:00+00:00,HOUSEHOLD_DEBT_AND_COST_OF_LIVING,Household debt and cost-of-living stress,insufficient_evidence,NOT_ASSESSABLE,,1,0,1,HOUSEHOLD_DEBT,HOUSEHOLD_DEBT,INFLATION_ENERGY,"Debt-service/delinquency pressure overlaps with essential-cost inflation, income-distribution stress, or real-activity deterioration.","Are household debt, income, arrears and delinquency definitions stable and representative, including informal households?",MODEL_DERIVED_FROM_VERIFIED_OBSERVATIONS
IDN-CORPORATE_CASHFLOW_AND_REAL_ACTIVITY-20260228,IDN,2026-02-28 00:00:00+00:00,2026-10-03 00:00:00+00:00,CORPORATE_CASHFLOW_AND_REAL_ACTIVITY,Corporate cash-flow and real-activity stress,insufficient_evidence,NOT_ASSESSABLE,,1,0,1,FIRM_CASHFLOW,FIRM_CASHFLOW,INFLATION_ENERGY,"Insolvency/payment-delay stress overlaps with contraction, input-cost pressure, asset-quality deterioration, or public-payment strain.","Are insolvency filings affected by legal reforms, moratoria, backlog clearance, or changes in reporting coverage?",MODEL_DERIVED_FROM_VERIFIED_OBSERVATIONS
IDN-INFLATION_ENERGY_REAL_INCOME_SHOCK-20260228,IDN,2026-02-28 00:00:00+00:00,2026-10-03 00:00:00+00:00,INFLATION_ENERGY_REAL_INCOME_SHOCK,"Inflation, energy and real-income shock",insufficient_evidence,NOT_ASSESSABLE,,1,0,1,INFLATION_ENERGY,,INFLATION_ENERGY,"Inflation or energy stress coincides with falling real-income conditions, real contraction, fiscal strain, or household debt stress.","Is the shock imported and temporary, or is it persistent and broad enough to create domestic second-round effects?",MODEL_DERIVED_FROM_VERIFIED_OBSERVATIONS
IDN-TALBOTT_DIVERGENCE_BUBBLE-20260228,IDN,2026-02-28 00:00:00+00:00,2026-10-03 00:00:00+00:00,TALBOTT_DIVERGENCE_BUBBLE,Talbott asset-divergence and subprime credit stress,insufficient_evidence,NOT_ASSESSABLE,,1,0,1,BANK_ASSET_QUALITY,BANK_ASSET_QUALITY,INFLATION_ENERGY,"Asset price or real expansion co-occurs with rising delinquencies, insolvency filings, or non-performing credit (Talbott Divergence Rule). Signals unsustainable credit quality deterioration prior to systemic repricing.",Could the observed divergence stem from regulatory NPL reclassification or localized debt-collection moratorium rather than nationwide subprime-style collateral rot?,MODEL_DERIVED_FROM_VERIFIED_OBSERVATIONS
IDN-BRANTLINGER_PANEM_ET_CIRCENSES_EROSION-20260228,IDN,2026-02-28 00:00:00+00:00,2026-10-03 00:00:00+00:00,BRANTLINGER_PANEM_ET_CIRCENSES_EROSION,Brantlinger bread and circuses bio-cognitive and institutional erosion,insufficient_evidence,NOT_ASSESSABLE,,1,0,1,DISTRIBUTIONAL_STRESS,DISTRIBUTIONAL_STRESS,INFLATION_ENERGY,"State reliance on debt-financed consumption subsidies (bread) and limbic/media spectacle (circuses) fails to outpace structural inflation, eroding prefrontal public trust and accelerating bio-cognitive decay (Brantlinger Social Decay / T2SAIM HLI).",Are consumption transfers and social support payments financed by productive real revenue or by inflationary debt issuance that exacerbates underlying living-standard collapse?,MODEL_DERIVED_FROM_VERIFIED_OBSERVATIONS
IDN-THORNTON_SKYSCRAPER_MALINVESTMENT-20211231,IDN,2021-12-31 00:00:00+00:00,2026-10-03 00:00:00+00:00,THORNTON_SKYSCRAPER_MALINVESTMENT,Thornton malinvestment and time-to-build cycle stress,insufficient_evidence,NOT_ASSESSABLE,,1,0,1,REAL_ACTIVITY,,REAL_ACTIVITY,Overextension in long-gestation capital goods / megaprojects and artificial credit expansion enters the time-to-build completion phase as liquidity tightens (Thornton Skyscraper Curse). Malinvestment becomes stranded.,"Are construction or capital expenditure surges driven by genuine demographic demand and productive infrastructure, or by subsidized interest rates and speculative prestige projects?",MODEL_DERIVED_FROM_VERIFIED_OBSERVATIONS
IDN-DESAI_ENDOGENOUS_CREDIT_PONZI_DESTABILIZATION-20211231,IDN,2021-12-31 00:00:00+00:00,2026-10-03 00:00:00+00:00,DESAI_ENDOGENOUS_CREDIT_PONZI_DESTABILIZATION,Desai endogenous credit expansion and Ponzi destabilization,insufficient_evidence,NOT_ASSESSABLE,,1,0,1,HOUSEHOLD_DEBT,HOUSEHOLD_DEBT,REAL_ACTIVITY,Endogenous banking credit creation transitions from hedge to speculative to Ponzi financing (Minsky Moment) masked by mainstream DSGE equilibrium illusions until systemic debt service collapses (Desai Hubris).,"Can private sector debtors service their obligations from organic operational cash flows, or are they relying on perpetual rollover, capital appreciation, and monetary accommodation?",MODEL_DERIVED_FROM_VERIFIED_OBSERVATIONS
IND-FX_EXTERNAL_FINANCING_STRESS-20260531,IND,2026-05-31 00:00:00+00:00,2026-10-03 00:00:00+00:00,FX_EXTERNAL_FINANCING_STRESS,FX and external-financing stress,acute,ACUTE,2.793528341776014,2,1,1,FX_PRESSURE,,FX_PRESSURE|RESERVE_LOSS,"FX pressure co-occurs with reserve loss, external financing pressure, or sovereign rollover stress. This is a stress pattern, not proof of a currency crisis.","Could the FX movement be a temporary global-risk, valuation, seasonal, or policy-regime event rather than domestic external-financing stress?",MODEL_DERIVED_FROM_VERIFIED_OBSERVATIONS
IND-SOVEREIGN_REFINANCING_STRESS-20260531,IND,2026-05-31 00:00:00+00:00,2026-10-03 00:00:00+00:00,SOVEREIGN_REFINANCING_STRESS,Sovereign refinancing and debt-service stress,insufficient_evidence,NOT_ASSESSABLE,,1,1,1,SOVEREIGN_REFINANCING,SOVEREIGN_REFINANCING,FX_PRESSURE,"Rollover/debt-service pressure co-occurs with fiscal cash-flow, hidden-liability, FX, or external-financing stress. It is not a default determination.","Are maturity data complete across central government, SOEs, local government, public banks, and guaranteed entities?",MODEL_DERIVED_FROM_VERIFIED_OBSERVATIONS
IND-COMPOUND_SYSTEMIC_STRESS-20260531,IND,2026-05-31 00:00:00+00:00,2026-10-03 00:00:00+00:00,COMPOUND_SYSTEMIC_STRESS,Compound systemic stress,single_source_caution,NOT_ASSESSABLE,,2,1,1,,,FX_PRESSURE|RESERVE_LOSS,"Several distinct stress families are simultaneously active. This is a prioritization signal for human review, not a formal systemic-crisis declaration.","Do multiple signals genuinely arise from distinct mechanisms, or are they a common shock, common source, or double-counted transformation?",MODEL_DERIVED_FROM_VERIFIED_OBSERVATIONS
IND-BOOKSTABER_LIQUIDITY_FIRE_SALE_CASCADE-20221231,IND,2022-12-31 00:00:00+00:00,2026-10-03 00:00:00+00:00,BOOKSTABER_LIQUIDITY_FIRE_SALE_CASCADE,Bookstaber non-ergodic fire-sale and liquidity dry-up cascade,insufficient_evidence,NOT_ASSESSABLE,,1,0,1,BANK_LIQUIDITY,BANK_LIQUIDITY,EXTERNAL_REFINANCING,"Non-ergodic cascade where margin calls on leveraged entities force mechanical liquidations (fire-sales), draining market depth and triggering funding liquidity evaporation across network nodes (Bookstaber End of Theory).","Is the liquidity drain a temporary friction in a single collateral asset, or is it cascading across interbank repo markets and creating systemic funding freeze?",MODEL_DERIVED_FROM_VERIFIED_OBSERVATIONS
IND-HOUSEHOLD_DEBT_AND_COST_OF_LIVING-20220430,IND,2022-04-30 00:00:00+00:00,2026-10-03 00:00:00+00:00,HOUSEHOLD_DEBT_AND_COST_OF_LIVING,Household debt and cost-of-living stress,insufficient_evidence,NOT_ASSESSABLE,,1,0,1,HOUSEHOLD_DEBT,HOUSEHOLD_DEBT,INFLATION_ENERGY,"Debt-service/delinquency pressure overlaps with essential-cost inflation, income-distribution stress, or real-activity deterioration.","Are household debt, income, arrears and delinquency definitions stable and representative, including informal households?",MODEL_DERIVED_FROM_VERIFIED_OBSERVATIONS
IND-CORPORATE_CASHFLOW_AND_REAL_ACTIVITY-20220430,IND,2022-04-30 00:00:00+00:00,2026-10-03 00:00:00+00:00,CORPORATE_CASHFLOW_AND_REAL_ACTIVITY,Corporate cash-flow and real-activity stress,insufficient_evidence,NOT_ASSESSABLE,,1,0,1,FIRM_CASHFLOW,FIRM_CASHFLOW,INFLATION_ENERGY,"Insolvency/payment-delay stress overlaps with contraction, input-cost pressure, asset-quality deterioration, or public-payment strain.","Are insolvency filings affected by legal reforms, moratoria, backlog clearance, or changes in reporting coverage?",MODEL_DERIVED_FROM_VERIFIED_OBSERVATIONS
IND-INFLATION_ENERGY_REAL_INCOME_SHOCK-20220430,IND,2022-04-30 00:00:00+00:00,2026-10-03 00:00:00+00:00,INFLATION_ENERGY_REAL_INCOME_SHOCK,"Inflation, energy and real-income shock",insufficient_evidence,NOT_ASSESSABLE,,1,0,1,INFLATION_ENERGY,,INFLATION_ENERGY,"Inflation or energy stress coincides with falling real-income conditions, real contraction, fiscal strain, or household debt stress.","Is the shock imported and temporary, or is it persistent and broad enough to create domestic second-round effects?",MODEL_DERIVED_FROM_VERIFIED_OBSERVATIONS
IND-TALBOTT_DIVERGENCE_BUBBLE-20220430,IND,2022-04-30 00:00:00+00:00,2026-10-03 00:00:00+00:00,TALBOTT_DIVERGENCE_BUBBLE,Talbott asset-divergence and subprime credit stress,insufficient_evidence,NOT_ASSESSABLE,,1,0,1,BANK_ASSET_QUALITY,BANK_ASSET_QUALITY,INFLATION_ENERGY,"Asset price or real expansion co-occurs with rising delinquencies, insolvency filings, or non-performing credit (Talbott Divergence Rule). Signals unsustainable credit quality deterioration prior to systemic repricing.",Could the observed divergence stem from regulatory NPL reclassification or localized debt-collection moratorium rather than nationwide subprime-style collateral rot?,MODEL_DERIVED_FROM_VERIFIED_OBSERVATIONS
IND-BRANTLINGER_PANEM_ET_CIRCENSES_EROSION-20220430,IND,2022-04-30 00:00:00+00:00,2026-10-03 00:00:00+00:00,BRANTLINGER_PANEM_ET_CIRCENSES_EROSION,Brantlinger bread and circuses bio-cognitive and institutional erosion,insufficient_evidence,NOT_ASSESSABLE,,1,0,1,DISTRIBUTIONAL_STRESS,DISTRIBUTIONAL_STRESS,INFLATION_ENERGY,"State reliance on debt-financed consumption subsidies (bread) and limbic/media spectacle (circuses) fails to outpace structural inflation, eroding prefrontal public trust and accelerating bio-cognitive decay (Brantlinger Social Decay / T2SAIM HLI).",Are consumption transfers and social support payments financed by productive real revenue or by inflationary debt issuance that exacerbates underlying living-standard collapse?,MODEL_DERIVED_FROM_VERIFIED_OBSERVATIONS
IND-THORNTON_SKYSCRAPER_MALINVESTMENT-20201231,IND,2020-12-31 00:00:00+00:00,2026-10-03 00:00:00+00:00,THORNTON_SKYSCRAPER_MALINVESTMENT,Thornton malinvestment and time-to-build cycle stress,insufficient_evidence,NOT_ASSESSABLE,,1,1,1,REAL_ACTIVITY,,REAL_ACTIVITY,Overextension in long-gestation capital goods / megaprojects and artificial credit expansion enters the time-to-build completion phase as liquidity tightens (Thornton Skyscraper Curse). Malinvestment becomes stranded.,"Are construction or capital expenditure surges driven by genuine demographic demand and productive infrastructure, or by subsidized interest rates and speculative prestige projects?",MODEL_DERIVED_FROM_VERIFIED_OBSERVATIONS
IND-DESAI_ENDOGENOUS_CREDIT_PONZI_DESTABILIZATION-20201231,IND,2020-12-31 00:00:00+00:00,2026-10-03 00:00:00+00:00,DESAI_ENDOGENOUS_CREDIT_PONZI_DESTABILIZATION,Desai endogenous credit expansion and Ponzi destabilization,insufficient_evidence,NOT_ASSESSABLE,,1,1,1,HOUSEHOLD_DEBT,HOUSEHOLD_DEBT,REAL_ACTIVITY,Endogenous banking credit creation transitions from hedge to speculative to Ponzi financing (Minsky Moment) masked by mainstream DSGE equilibrium illusions until systemic debt service collapses (Desai Hubris).,"Can private sector debtors service their obligations from organic operational cash flows, or are they relying on perpetual rollover, capital appreciation, and monetary accommodation?",MODEL_DERIVED_FROM_VERIFIED_OBSERVATIONS
ITA-FX_EXTERNAL_FINANCING_STRESS-20260731,ITA,2026-07-31 00:00:00+00:00,2026-10-03 00:00:00+00:00,FX_EXTERNAL_FINANCING_STRESS,FX and external-financing stress,insufficient_evidence,NOT_ASSESSABLE,,1,0,1,FX_PRESSURE,FX_PRESSURE,RESERVE_LOSS,"FX pressure co-occurs with reserve loss, external financing pressure, or sovereign rollover stress. This is a stress pattern, not proof of a currency crisis.","Could the FX movement be a temporary global-risk, valuation, seasonal, or policy-regime event rather than domestic external-financing stress?",MODEL_DERIVED_FROM_VERIFIED_OBSERVATIONS
ITA-COMPOUND_SYSTEMIC_STRESS-20260731,ITA,2026-07-31 00:00:00+00:00,2026-10-03 00:00:00+00:00,COMPOUND_SYSTEMIC_STRESS,Compound systemic stress,single_source_caution,NOT_ASSESSABLE,,1,0,1,,,RESERVE_LOSS,"Several distinct stress families are simultaneously active. This is a prioritization signal for human review, not a formal systemic-crisis declaration.","Do multiple signals genuinely arise from distinct mechanisms, or are they a common shock, common source, or double-counted transformation?",MODEL_DERIVED_FROM_VERIFIED_OBSERVATIONS
ITA-HOUSEHOLD_DEBT_AND_COST_OF_LIVING-20230930,ITA,2023-09-30 00:00:00+00:00,2026-10-03 00:00:00+00:00,HOUSEHOLD_DEBT_AND_COST_OF_LIVING,Household debt and cost-of-living stress,insufficient_evidence,NOT_ASSESSABLE,,1,1,1,HOUSEHOLD_DEBT,HOUSEHOLD_DEBT,INFLATION_ENERGY,"Debt-service/delinquency pressure overlaps with essential-cost inflation, income-distribution stress, or real-activity deterioration.","Are household debt, income, arrears and delinquency definitions stable and representative, including informal households?",MODEL_DERIVED_FROM_VERIFIED_OBSERVATIONS
ITA-CORPORATE_CASHFLOW_AND_REAL_ACTIVITY-20230930,ITA,2023-09-30 00:00:00+00:00,2026-10-03 00:00:00+00:00,CORPORATE_CASHFLOW_AND_REAL_ACTIVITY,Corporate cash-flow and real-activity stress,insufficient_evidence,NOT_ASSESSABLE,,1,1,1,FIRM_CASHFLOW,FIRM_CASHFLOW,INFLATION_ENERGY,"Insolvency/payment-delay stress overlaps with contraction, input-cost pressure, asset-quality deterioration, or public-payment strain.","Are insolvency filings affected by legal reforms, moratoria, backlog clearance, or changes in reporting coverage?",MODEL_DERIVED_FROM_VERIFIED_OBSERVATIONS
ITA-INFLATION_ENERGY_REAL_INCOME_SHOCK-20230930,ITA,2023-09-30 00:00:00+00:00,2026-10-03 00:00:00+00:00,INFLATION_ENERGY_REAL_INCOME_SHOCK,"Inflation, energy and real-income shock",insufficient_evidence,NOT_ASSESSABLE,,1,1,1,INFLATION_ENERGY,,INFLATION_ENERGY,"Inflation or energy stress coincides with falling real-income conditions, real contraction, fiscal strain, or household debt stress.","Is the shock imported and temporary, or is it persistent and broad enough to create domestic second-round effects?",MODEL_DERIVED_FROM_VERIFIED_OBSERVATIONS
ITA-TALBOTT_DIVERGENCE_BUBBLE-20230930,ITA,2023-09-30 00:00:00+00:00,2026-10-03 00:00:00+00:00,TALBOTT_DIVERGENCE_BUBBLE,Talbott asset-divergence and subprime credit stress,insufficient_evidence,NOT_ASSESSABLE,,1,1,1,BANK_ASSET_QUALITY,BANK_ASSET_QUALITY,INFLATION_ENERGY,"Asset price or real expansion co-occurs with rising delinquencies, insolvency filings, or non-performing credit (Talbott Divergence Rule). Signals unsustainable credit quality deterioration prior to systemic repricing.",Could the observed divergence stem from regulatory NPL reclassification or localized debt-collection moratorium rather than nationwide subprime-style collateral rot?,MODEL_DERIVED_FROM_VERIFIED_OBSERVATIONS
ITA-BRANTLINGER_PANEM_ET_CIRCENSES_EROSION-20230930,ITA,2023-09-30 00:00:00+00:00,2026-10-03 00:00:00+00:00,BRANTLINGER_PANEM_ET_CIRCENSES_EROSION,Brantlinger bread and circuses bio-cognitive and institutional erosion,insufficient_evidence,NOT_ASSESSABLE,,1,1,1,DISTRIBUTIONAL_STRESS,DISTRIBUTIONAL_STRESS,INFLATION_ENERGY,"State reliance on debt-financed consumption subsidies (bread) and limbic/media spectacle (circuses) fails to outpace structural inflation, eroding prefrontal public trust and accelerating bio-cognitive decay (Brantlinger Social Decay / T2SAIM HLI).",Are consumption transfers and social support payments financed by productive real revenue or by inflationary debt issuance that exacerbates underlying living-standard collapse?,MODEL_DERIVED_FROM_VERIFIED_OBSERVATIONS
ITA-THORNTON_SKYSCRAPER_MALINVESTMENT-20201231,ITA,2020-12-31 00:00:00+00:00,2026-10-03 00:00:00+00:00,THORNTON_SKYSCRAPER_MALINVESTMENT,Thornton malinvestment and time-to-build cycle stress,insufficient_evidence,NOT_ASSESSABLE,,1,1,1,REAL_ACTIVITY,,REAL_ACTIVITY,Overextension in long-gestation capital goods / megaprojects and artificial credit expansion enters the time-to-build completion phase as liquidity tightens (Thornton Skyscraper Curse). Malinvestment becomes stranded.,"Are construction or capital expenditure surges driven by genuine demographic demand and productive infrastructure, or by subsidized interest rates and speculative prestige projects?",MODEL_DERIVED_FROM_VERIFIED_OBSERVATIONS
ITA-DESAI_ENDOGENOUS_CREDIT_PONZI_DESTABILIZATION-20201231,ITA,2020-12-31 00:00:00+00:00,2026-10-03 00:00:00+00:00,DESAI_ENDOGENOUS_CREDIT_PONZI_DESTABILIZATION,Desai endogenous credit expansion and Ponzi destabilization,insufficient_evidence,NOT_ASSESSABLE,,1,1,1,HOUSEHOLD_DEBT,HOUSEHOLD_DEBT,REAL_ACTIVITY,Endogenous banking credit creation transitions from hedge to speculative to Ponzi financing (Minsky Moment) masked by mainstream DSGE equilibrium illusions until systemic debt service collapses (Desai Hubris).,"Can private sector debtors service their obligations from organic operational cash flows, or are they relying on perpetual rollover, capital appreciation, and monetary accommodation?",MODEL_DERIVED_FROM_VERIFIED_OBSERVATIONS
ITA-SOVEREIGN_REFINANCING_STRESS-19981130,ITA,1998-11-30 00:00:00+00:00,2026-10-03 00:00:00+00:00,SOVEREIGN_REFINANCING_STRESS,Sovereign refinancing and debt-service stress,insufficient_evidence,NOT_ASSESSABLE,,1,0,1,SOVEREIGN_REFINANCING,SOVEREIGN_REFINANCING,FX_PRESSURE,"Rollover/debt-service pressure co-occurs with fiscal cash-flow, hidden-liability, FX, or external-financing stress. It is not a default determination.","Are maturity data complete across central government, SOEs, local government, public banks, and guaranteed entities?",MODEL_DERIVED_FROM_VERIFIED_OBSERVATIONS
JPN-FX_EXTERNAL_FINANCING_STRESS-20260831,JPN,2026-08-31 00:00:00+00:00,2026-10-03 00:00:00+00:00,FX_EXTERNAL_FINANCING_STRESS,FX and external-financing stress,insufficient_evidence,NOT_ASSESSABLE,,1,1,1,FX_PRESSURE,FX_PRESSURE,RESERVE_LOSS,"FX pressure co-occurs with reserve loss, external financing pressure, or sovereign rollover stress. This is a stress pattern, not proof of a currency crisis.","Could the FX movement be a temporary global-risk, valuation, seasonal, or policy-regime event rather than domestic external-financing stress?",MODEL_DERIVED_FROM_VERIFIED_OBSERVATIONS
JPN-COMPOUND_SYSTEMIC_STRESS-20260831,JPN,2026-08-31 00:00:00+00:00,2026-10-03 00:00:00+00:00,COMPOUND_SYSTEMIC_STRESS,Compound systemic stress,single_source_caution,NOT_ASSESSABLE,,1,1,1,,,RESERVE_LOSS,"Several distinct stress families are simultaneously active. This is a prioritization signal for human review, not a formal systemic-crisis declaration.","Do multiple signals genuinely arise from distinct mechanisms, or are they a common shock, common source, or double-counted transformation?",MODEL_DERIVED_FROM_VERIFIED_OBSERVATIONS
JPN-HOUSEHOLD_DEBT_AND_COST_OF_LIVING-20241231,JPN,2024-12-31 00:00:00+00:00,2026-10-03 00:00:00+00:00,HOUSEHOLD_DEBT_AND_COST_OF_LIVING,Household debt and cost-of-living stress,insufficient_evidence,NOT_ASSESSABLE,,1,0,1,HOUSEHOLD_DEBT,HOUSEHOLD_DEBT,REAL_ACTIVITY,"Debt-service/delinquency pressure overlaps with essential-cost inflation, income-distribution stress, or real-activity deterioration.","Are household debt, income, arrears and delinquency definitions stable and representative, including informal households?",MODEL_DERIVED_FROM_VERIFIED_OBSERVATIONS
JPN-CORPORATE_CASHFLOW_AND_REAL_ACTIVITY-20241231,JPN,2024-12-31 00:00:00+00:00,2026-10-03 00:00:00+00:00,CORPORATE_CASHFLOW_AND_REAL_ACTIVITY,Corporate cash-flow and real-activity stress,insufficient_evidence,NOT_ASSESSABLE,,1,0,1,FIRM_CASHFLOW,FIRM_CASHFLOW,REAL_ACTIVITY,"Insolvency/payment-delay stress overlaps with contraction, input-cost pressure, asset-quality deterioration, or public-payment strain.","Are insolvency filings affected by legal reforms, moratoria, backlog clearance, or changes in reporting coverage?",MODEL_DERIVED_FROM_VERIFIED_OBSERVATIONS
JPN-INFLATION_ENERGY_REAL_INCOME_SHOCK-20241231,JPN,2024-12-31 00:00:00+00:00,2026-10-03 00:00:00+00:00,INFLATION_ENERGY_REAL_INCOME_SHOCK,"Inflation, energy and real-income shock",insufficient_evidence,NOT_ASSESSABLE,,1,0,1,INFLATION_ENERGY,INFLATION_ENERGY,REAL_ACTIVITY,"Inflation or energy stress coincides with falling real-income conditions, real contraction, fiscal strain, or household debt stress.","Is the shock imported and temporary, or is it persistent and broad enough to create domestic second-round effects?",MODEL_DERIVED_FROM_VERIFIED_OBSERVATIONS
JPN-TALBOTT_DIVERGENCE_BUBBLE-20241231,JPN,2024-12-31 00:00:00+00:00,2026-10-03 00:00:00+00:00,TALBOTT_DIVERGENCE_BUBBLE,Talbott asset-divergence and subprime credit stress,insufficient_evidence,NOT_ASSESSABLE,,1,0,1,BANK_ASSET_QUALITY,BANK_ASSET_QUALITY,REAL_ACTIVITY,"Asset price or real expansion co-occurs with rising delinquencies, insolvency filings, or non-performing credit (Talbott Divergence Rule). Signals unsustainable credit quality deterioration prior to systemic repricing.",Could the observed divergence stem from regulatory NPL reclassification or localized debt-collection moratorium rather than nationwide subprime-style collateral rot?,MODEL_DERIVED_FROM_VERIFIED_OBSERVATIONS
JPN-THORNTON_SKYSCRAPER_MALINVESTMENT-20241231,JPN,2024-12-31 00:00:00+00:00,2026-10-03 00:00:00+00:00,THORNTON_SKYSCRAPER_MALINVESTMENT,Thornton malinvestment and time-to-build cycle stress,insufficient_evidence,NOT_ASSESSABLE,,1,0,1,REAL_ACTIVITY,,REAL_ACTIVITY,Overextension in long-gestation capital goods / megaprojects and artificial credit expansion enters the time-to-build completion phase as liquidity tightens (Thornton Skyscraper Curse). Malinvestment becomes stranded.,"Are construction or capital expenditure surges driven by genuine demographic demand and productive infrastructure, or by subsidized interest rates and speculative prestige projects?",MODEL_DERIVED_FROM_VERIFIED_OBSERVATIONS
JPN-DESAI_ENDOGENOUS_CREDIT_PONZI_DESTABILIZATION-20241231,JPN,2024-12-31 00:00:00+00:00,2026-10-03 00:00:00+00:00,DESAI_ENDOGENOUS_CREDIT_PONZI_DESTABILIZATION,Desai endogenous credit expansion and Ponzi destabilization,insufficient_evidence,NOT_ASSESSABLE,,1,0,1,HOUSEHOLD_DEBT,HOUSEHOLD_DEBT,REAL_ACTIVITY,Endogenous banking credit creation transitions from hedge to speculative to Ponzi financing (Minsky Moment) masked by mainstream DSGE equilibrium illusions until systemic debt service collapses (Desai Hubris).,"Can private sector debtors service their obligations from organic operational cash flows, or are they relying on perpetual rollover, capital appreciation, and monetary accommodation?",MODEL_DERIVED_FROM_VERIFIED_OBSERVATIONS
JPN-BRANTLINGER_PANEM_ET_CIRCENSES_EROSION-20241231,JPN,2024-12-31 00:00:00+00:00,2026-10-03 00:00:00+00:00,BRANTLINGER_PANEM_ET_CIRCENSES_EROSION,Brantlinger bread and circuses bio-cognitive and institutional erosion,insufficient_evidence,NOT_ASSESSABLE,,1,0,1,DISTRIBUTIONAL_STRESS,DISTRIBUTIONAL_STRESS,REAL_ACTIVITY,"State reliance on debt-financed consumption subsidies (bread) and limbic/media spectacle (circuses) fails to outpace structural inflation, eroding prefrontal public trust and accelerating bio-cognitive decay (Brantlinger Social Decay / T2SAIM HLI).",Are consumption transfers and social support payments financed by productive real revenue or by inflationary debt issuance that exacerbates underlying living-standard collapse?,MODEL_DERIVED_FROM_VERIFIED_OBSERVATIONS
JPN-SOVEREIGN_REFINANCING_STRESS-20241130,JPN,2024-11-30 00:00:00+00:00,2026-10-03 00:00:00+00:00,SOVEREIGN_REFINANCING_STRESS,Sovereign refinancing and debt-service stress,insufficient_evidence,NOT_ASSESSABLE,,1,1,1,SOVEREIGN_REFINANCING,SOVEREIGN_REFINANCING,FX_PRESSURE,"Rollover/debt-service pressure co-occurs with fiscal cash-flow, hidden-liability, FX, or external-financing stress. It is not a default determination.","Are maturity data complete across central government, SOEs, local government, public banks, and guaranteed entities?",MODEL_DERIVED_FROM_VERIFIED_OBSERVATIONS
KOR-FX_EXTERNAL_FINANCING_STRESS-20260831,KOR,2026-08-31 00:00:00+00:00,2026-10-03 00:00:00+00:00,FX_EXTERNAL_FINANCING_STRESS,FX and external-financing stress,insufficient_evidence,NOT_ASSESSABLE,,1,1,1,FX_PRESSURE,,FX_PRESSURE,"FX pressure co-occurs with reserve loss, external financing pressure, or sovereign rollover stress. This is a stress pattern, not proof of a currency crisis.","Could the FX movement be a temporary global-risk, valuation, seasonal, or policy-regime event rather than domestic external-financing stress?",MODEL_DERIVED_FROM_VERIFIED_OBSERVATIONS
KOR-SOVEREIGN_REFINANCING_STRESS-20260831,KOR,2026-08-31 00:00:00+00:00,2026-10-03 00:00:00+00:00,SOVEREIGN_REFINANCING_STRESS,Sovereign refinancing and debt-service stress,insufficient_evidence,NOT_ASSESSABLE,,1,1,1,SOVEREIGN_REFINANCING,SOVEREIGN_REFINANCING,FX_PRESSURE,"Rollover/debt-service pressure co-occurs with fiscal cash-flow, hidden-liability, FX, or external-financing stress. It is not a default determination.","Are maturity data complete across central government, SOEs, local government, public banks, and guaranteed entities?",MODEL_DERIVED_FROM_VERIFIED_OBSERVATIONS
KOR-COMPOUND_SYSTEMIC_STRESS-20260831,KOR,2026-08-31 00:00:00+00:00,2026-10-03 00:00:00+00:00,COMPOUND_SYSTEMIC_STRESS,Compound systemic stress,single_source_caution,NOT_ASSESSABLE,,1,1,1,,,FX_PRESSURE,"Several distinct stress families are simultaneously active. This is a prioritization signal for human review, not a formal systemic-crisis declaration.","Do multiple signals genuinely arise from distinct mechanisms, or are they a common shock, common source, or double-counted transformation?",MODEL_DERIVED_FROM_VERIFIED_OBSERVATIONS
KOR-HOUSEHOLD_DEBT_AND_COST_OF_LIVING-20230331,KOR,2023-03-31 00:00:00+00:00,2026-10-03 00:00:00+00:00,HOUSEHOLD_DEBT_AND_COST_OF_LIVING,Household debt and cost-of-living stress,insufficient_evidence,NOT_ASSESSABLE,,1,1,1,HOUSEHOLD_DEBT,HOUSEHOLD_DEBT,INFLATION_ENERGY,"Debt-service/delinquency pressure overlaps with essential-cost inflation, income-distribution stress, or real-activity deterioration.","Are household debt, income, arrears and delinquency definitions stable and representative, including informal households?",MODEL_DERIVED_FROM_VERIFIED_OBSERVATIONS
KOR-CORPORATE_CASHFLOW_AND_REAL_ACTIVITY-20230331,KOR,2023-03-31 00:00:00+00:00,2026-10-03 00:00:00+00:00,CORPORATE_CASHFLOW_AND_REAL_ACTIVITY,Corporate cash-flow and real-activity stress,insufficient_evidence,NOT_ASSESSABLE,,1,1,1,FIRM_CASHFLOW,FIRM_CASHFLOW,INFLATION_ENERGY,"Insolvency/payment-delay stress overlaps with contraction, input-cost pressure, asset-quality deterioration, or public-payment strain.","Are insolvency filings affected by legal reforms, moratoria, backlog clearance, or changes in reporting coverage?",MODEL_DERIVED_FROM_VERIFIED_OBSERVATIONS
KOR-INFLATION_ENERGY_REAL_INCOME_SHOCK-20230331,KOR,2023-03-31 00:00:00+00:00,2026-10-03 00:00:00+00:00,INFLATION_ENERGY_REAL_INCOME_SHOCK,"Inflation, energy and real-income shock",insufficient_evidence,NOT_ASSESSABLE,,1,1,1,INFLATION_ENERGY,,INFLATION_ENERGY,"Inflation or energy stress coincides with falling real-income conditions, real contraction, fiscal strain, or household debt stress.","Is the shock imported and temporary, or is it persistent and broad enough to create domestic second-round effects?",MODEL_DERIVED_FROM_VERIFIED_OBSERVATIONS
KOR-TALBOTT_DIVERGENCE_BUBBLE-20230331,KOR,2023-03-31 00:00:00+00:00,2026-10-03 00:00:00+00:00,TALBOTT_DIVERGENCE_BUBBLE,Talbott asset-divergence and subprime credit stress,insufficient_evidence,NOT_ASSESSABLE,,1,1,1,BANK_ASSET_QUALITY,BANK_ASSET_QUALITY,INFLATION_ENERGY,"Asset price or real expansion co-occurs with rising delinquencies, insolvency filings, or non-performing credit (Talbott Divergence Rule). Signals unsustainable credit quality deterioration prior to systemic repricing.",Could the observed divergence stem from regulatory NPL reclassification or localized debt-collection moratorium rather than nationwide subprime-style collateral rot?,MODEL_DERIVED_FROM_VERIFIED_OBSERVATIONS
KOR-BRANTLINGER_PANEM_ET_CIRCENSES_EROSION-20230331,KOR,2023-03-31 00:00:00+00:00,2026-10-03 00:00:00+00:00,BRANTLINGER_PANEM_ET_CIRCENSES_EROSION,Brantlinger bread and circuses bio-cognitive and institutional erosion,insufficient_evidence,NOT_ASSESSABLE,,1,1,1,DISTRIBUTIONAL_STRESS,DISTRIBUTIONAL_STRESS,INFLATION_ENERGY,"State reliance on debt-financed consumption subsidies (bread) and limbic/media spectacle (circuses) fails to outpace structural inflation, eroding prefrontal public trust and accelerating bio-cognitive decay (Brantlinger Social Decay / T2SAIM HLI).",Are consumption transfers and social support payments financed by productive real revenue or by inflationary debt issuance that exacerbates underlying living-standard collapse?,MODEL_DERIVED_FROM_VERIFIED_OBSERVATIONS
KOR-THORNTON_SKYSCRAPER_MALINVESTMENT-20201231,KOR,2020-12-31 00:00:00+00:00,2026-10-03 00:00:00+00:00,THORNTON_SKYSCRAPER_MALINVESTMENT,Thornton malinvestment and time-to-build cycle stress,insufficient_evidence,NOT_ASSESSABLE,,1,0,1,REAL_ACTIVITY,,REAL_ACTIVITY,Overextension in long-gestation capital goods / megaprojects and artificial credit expansion enters the time-to-build completion phase as liquidity tightens (Thornton Skyscraper Curse). Malinvestment becomes stranded.,"Are construction or capital expenditure surges driven by genuine demographic demand and productive infrastructure, or by subsidized interest rates and speculative prestige projects?",MODEL_DERIVED_FROM_VERIFIED_OBSERVATIONS
KOR-DESAI_ENDOGENOUS_CREDIT_PONZI_DESTABILIZATION-20201231,KOR,2020-12-31 00:00:00+00:00,2026-10-03 00:00:00+00:00,DESAI_ENDOGENOUS_CREDIT_PONZI_DESTABILIZATION,Desai endogenous credit expansion and Ponzi destabilization,insufficient_evidence,NOT_ASSESSABLE,,1,0,1,HOUSEHOLD_DEBT,HOUSEHOLD_DEBT,REAL_ACTIVITY,Endogenous banking credit creation transitions from hedge to speculative to Ponzi financing (Minsky Moment) masked by mainstream DSGE equilibrium illusions until systemic debt service collapses (Desai Hubris).,"Can private sector debtors service their obligations from organic operational cash flows, or are they relying on perpetual rollover, capital appreciation, and monetary accommodation?",MODEL_DERIVED_FROM_VERIFIED_OBSERVATIONS
MEX-FX_EXTERNAL_FINANCING_STRESS-20260331,MEX,2026-03-31 00:00:00+00:00,2026-10-03 00:00:00+00:00,FX_EXTERNAL_FINANCING_STRESS,FX and external-financing stress,insufficient_evidence,NOT_ASSESSABLE,,1,0,1,FX_PRESSURE,,FX_PRESSURE,"FX pressure co-occurs with reserve loss, external financing pressure, or sovereign rollover stress. This is a stress pattern, not proof of a currency crisis.","Could the FX movement be a temporary global-risk, valuation, seasonal, or policy-regime event rather than domestic external-financing stress?",MODEL_DERIVED_FROM_VERIFIED_OBSERVATIONS
MEX-SOVEREIGN_REFINANCING_STRESS-20260331,MEX,2026-03-31 00:00:00+00:00,2026-10-03 00:00:00+00:00,SOVEREIGN_REFINANCING_STRESS,Sovereign refinancing and debt-service stress,insufficient_evidence,NOT_ASSESSABLE,,1,0,1,SOVEREIGN_REFINANCING,SOVEREIGN_REFINANCING,FX_PRESSURE,"Rollover/debt-service pressure co-occurs with fiscal cash-flow, hidden-liability, FX, or external-financing stress. It is not a default determination.","Are maturity data complete across central government, SOEs, local government, public banks, and guaranteed entities?",MODEL_DERIVED_FROM_VERIFIED_OBSERVATIONS
MEX-COMPOUND_SYSTEMIC_STRESS-20260331,MEX,2026-03-31 00:00:00+00:00,2026-10-03 00:00:00+00:00,COMPOUND_SYSTEMIC_STRESS,Compound systemic stress,single_source_caution,NOT_ASSESSABLE,,1,0,1,,,FX_PRESSURE,"Several distinct stress families are simultaneously active. This is a prioritization signal for human review, not a formal systemic-crisis declaration.","Do multiple signals genuinely arise from distinct mechanisms, or are they a common shock, common source, or double-counted transformation?",MODEL_DERIVED_FROM_VERIFIED_OBSERVATIONS
MEX-HOUSEHOLD_DEBT_AND_COST_OF_LIVING-20230228,MEX,2023-02-28 00:00:00+00:00,2026-10-03 00:00:00+00:00,HOUSEHOLD_DEBT_AND_COST_OF_LIVING,Household debt and cost-of-living stress,insufficient_evidence,NOT_ASSESSABLE,,1,0,1,HOUSEHOLD_DEBT,HOUSEHOLD_DEBT,INFLATION_ENERGY,"Debt-service/delinquency pressure overlaps with essential-cost inflation, income-distribution stress, or real-activity deterioration.","Are household debt, income, arrears and delinquency definitions stable and representative, including informal households?",MODEL_DERIVED_FROM_VERIFIED_OBSERVATIONS
MEX-CORPORATE_CASHFLOW_AND_REAL_ACTIVITY-20230228,MEX,2023-02-28 00:00:00+00:00,2026-10-03 00:00:00+00:00,CORPORATE_CASHFLOW_AND_REAL_ACTIVITY,Corporate cash-flow and real-activity stress,insufficient_evidence,NOT_ASSESSABLE,,1,0,1,FIRM_CASHFLOW,FIRM_CASHFLOW,INFLATION_ENERGY,"Insolvency/payment-delay stress overlaps with contraction, input-cost pressure, asset-quality deterioration, or public-payment strain.","Are insolvency filings affected by legal reforms, moratoria, backlog clearance, or changes in reporting coverage?",MODEL_DERIVED_FROM_VERIFIED_OBSERVATIONS
MEX-INFLATION_ENERGY_REAL_INCOME_SHOCK-20230228,MEX,2023-02-28 00:00:00+00:00,2026-10-03 00:00:00+00:00,INFLATION_ENERGY_REAL_INCOME_SHOCK,"Inflation, energy and real-income shock",insufficient_evidence,NOT_ASSESSABLE,,1,0,1,INFLATION_ENERGY,,INFLATION_ENERGY,"Inflation or energy stress coincides with falling real-income conditions, real contraction, fiscal strain, or household debt stress.","Is the shock imported and temporary, or is it persistent and broad enough to create domestic second-round effects?",MODEL_DERIVED_FROM_VERIFIED_OBSERVATIONS
MEX-TALBOTT_DIVERGENCE_BUBBLE-20230228,MEX,2023-02-28 00:00:00+00:00,2026-10-03 00:00:00+00:00,TALBOTT_DIVERGENCE_BUBBLE,Talbott asset-divergence and subprime credit stress,insufficient_evidence,NOT_ASSESSABLE,,1,0,1,BANK_ASSET_QUALITY,BANK_ASSET_QUALITY,INFLATION_ENERGY,"Asset price or real expansion co-occurs with rising delinquencies, insolvency filings, or non-performing credit (Talbott Divergence Rule). Signals unsustainable credit quality deterioration prior to systemic repricing.",Could the observed divergence stem from regulatory NPL reclassification or localized debt-collection moratorium rather than nationwide subprime-style collateral rot?,MODEL_DERIVED_FROM_VERIFIED_OBSERVATIONS
MEX-BRANTLINGER_PANEM_ET_CIRCENSES_EROSION-20230228,MEX,2023-02-28 00:00:00+00:00,2026-10-03 00:00:00+00:00,BRANTLINGER_PANEM_ET_CIRCENSES_EROSION,Brantlinger bread and circuses bio-cognitive and institutional erosion,insufficient_evidence,NOT_ASSESSABLE,,1,0,1,DISTRIBUTIONAL_STRESS,DISTRIBUTIONAL_STRESS,INFLATION_ENERGY,"State reliance on debt-financed consumption subsidies (bread) and limbic/media spectacle (circuses) fails to outpace structural inflation, eroding prefrontal public trust and accelerating bio-cognitive decay (Brantlinger Social Decay / T2SAIM HLI).",Are consumption transfers and social support payments financed by productive real revenue or by inflationary debt issuance that exacerbates underlying living-standard collapse?,MODEL_DERIVED_FROM_VERIFIED_OBSERVATIONS
MEX-THORNTON_SKYSCRAPER_MALINVESTMENT-20201231,MEX,2020-12-31 00:00:00+00:00,2026-10-03 00:00:00+00:00,THORNTON_SKYSCRAPER_MALINVESTMENT,Thornton malinvestment and time-to-build cycle stress,insufficient_evidence,NOT_ASSESSABLE,,1,1,1,REAL_ACTIVITY,,REAL_ACTIVITY,Overextension in long-gestation capital goods / megaprojects and artificial credit expansion enters the time-to-build completion phase as liquidity tightens (Thornton Skyscraper Curse). Malinvestment becomes stranded.,"Are construction or capital expenditure surges driven by genuine demographic demand and productive infrastructure, or by subsidized interest rates and speculative prestige projects?",MODEL_DERIVED_FROM_VERIFIED_OBSERVATIONS
MEX-DESAI_ENDOGENOUS_CREDIT_PONZI_DESTABILIZATION-20201231,MEX,2020-12-31 00:00:00+00:00,2026-10-03 00:00:00+00:00,DESAI_ENDOGENOUS_CREDIT_PONZI_DESTABILIZATION,Desai endogenous credit expansion and Ponzi destabilization,insufficient_evidence,NOT_ASSESSABLE,,1,1,1,HOUSEHOLD_DEBT,HOUSEHOLD_DEBT,REAL_ACTIVITY,Endogenous banking credit creation transitions from hedge to speculative to Ponzi financing (Minsky Moment) masked by mainstream DSGE equilibrium illusions until systemic debt service collapses (Desai Hubris).,"Can private sector debtors service their obligations from organic operational cash flows, or are they relying on perpetual rollover, capital appreciation, and monetary accommodation?",MODEL_DERIVED_FROM_VERIFIED_OBSERVATIONS
NLD-FX_EXTERNAL_FINANCING_STRESS-20260731,NLD,2026-07-31 00:00:00+00:00,2026-10-03 00:00:00+00:00,FX_EXTERNAL_FINANCING_STRESS,FX and external-financing stress,insufficient_evidence,NOT_ASSESSABLE,,1,1,1,FX_PRESSURE,FX_PRESSURE,RESERVE_LOSS,"FX pressure co-occurs with reserve loss, external financing pressure, or sovereign rollover stress. This is a stress pattern, not proof of a currency crisis.","Could the FX movement be a temporary global-risk, valuation, seasonal, or policy-regime event rather than domestic external-financing stress?",MODEL_DERIVED_FROM_VERIFIED_OBSERVATIONS
NLD-COMPOUND_SYSTEMIC_STRESS-20260731,NLD,2026-07-31 00:00:00+00:00,2026-10-03 00:00:00+00:00,COMPOUND_SYSTEMIC_STRESS,Compound systemic stress,single_source_caution,NOT_ASSESSABLE,,1,1,1,,,RESERVE_LOSS,"Several distinct stress families are simultaneously active. This is a prioritization signal for human review, not a formal systemic-crisis declaration.","Do multiple signals genuinely arise from distinct mechanisms, or are they a common shock, common source, or double-counted transformation?",MODEL_DERIVED_FROM_VERIFIED_OBSERVATIONS
NLD-HOUSEHOLD_DEBT_AND_COST_OF_LIVING-20231231,NLD,2023-12-31 00:00:00+00:00,2026-10-03 00:00:00+00:00,HOUSEHOLD_DEBT_AND_COST_OF_LIVING,Household debt and cost-of-living stress,insufficient_evidence,NOT_ASSESSABLE,,1,0,1,HOUSEHOLD_DEBT,HOUSEHOLD_DEBT,REAL_ACTIVITY,"Debt-service/delinquency pressure overlaps with essential-cost inflation, income-distribution stress, or real-activity deterioration.","Are household debt, income, arrears and delinquency definitions stable and representative, including informal households?",MODEL_DERIVED_FROM_VERIFIED_OBSERVATIONS
NLD-CORPORATE_CASHFLOW_AND_REAL_ACTIVITY-20231231,NLD,2023-12-31 00:00:00+00:00,2026-10-03 00:00:00+00:00,CORPORATE_CASHFLOW_AND_REAL_ACTIVITY,Corporate cash-flow and real-activity stress,insufficient_evidence,NOT_ASSESSABLE,,1,0,1,FIRM_CASHFLOW,FIRM_CASHFLOW,REAL_ACTIVITY,"Insolvency/payment-delay stress overlaps with contraction, input-cost pressure, asset-quality deterioration, or public-payment strain.","Are insolvency filings affected by legal reforms, moratoria, backlog clearance, or changes in reporting coverage?",MODEL_DERIVED_FROM_VERIFIED_OBSERVATIONS
NLD-INFLATION_ENERGY_REAL_INCOME_SHOCK-20231231,NLD,2023-12-31 00:00:00+00:00,2026-10-03 00:00:00+00:00,INFLATION_ENERGY_REAL_INCOME_SHOCK,"Inflation, energy and real-income shock",insufficient_evidence,NOT_ASSESSABLE,,1,0,1,INFLATION_ENERGY,INFLATION_ENERGY,REAL_ACTIVITY,"Inflation or energy stress coincides with falling real-income conditions, real contraction, fiscal strain, or household debt stress.","Is the shock imported and temporary, or is it persistent and broad enough to create domestic second-round effects?",MODEL_DERIVED_FROM_VERIFIED_OBSERVATIONS
NLD-TALBOTT_DIVERGENCE_BUBBLE-20231231,NLD,2023-12-31 00:00:00+00:00,2026-10-03 00:00:00+00:00,TALBOTT_DIVERGENCE_BUBBLE,Talbott asset-divergence and subprime credit stress,insufficient_evidence,NOT_ASSESSABLE,,1,0,1,BANK_ASSET_QUALITY,BANK_ASSET_QUALITY,REAL_ACTIVITY,"Asset price or real expansion co-occurs with rising delinquencies, insolvency filings, or non-performing credit (Talbott Divergence Rule). Signals unsustainable credit quality deterioration prior to systemic repricing.",Could the observed divergence stem from regulatory NPL reclassification or localized debt-collection moratorium rather than nationwide subprime-style collateral rot?,MODEL_DERIVED_FROM_VERIFIED_OBSERVATIONS
NLD-THORNTON_SKYSCRAPER_MALINVESTMENT-20231231,NLD,2023-12-31 00:00:00+00:00,2026-10-03 00:00:00+00:00,THORNTON_SKYSCRAPER_MALINVESTMENT,Thornton malinvestment and time-to-build cycle stress,insufficient_evidence,NOT_ASSESSABLE,,1,0,1,REAL_ACTIVITY,,REAL_ACTIVITY,Overextension in long-gestation capital goods / megaprojects and artificial credit expansion enters the time-to-build completion phase as liquidity tightens (Thornton Skyscraper Curse). Malinvestment becomes stranded.,"Are construction or capital expenditure surges driven by genuine demographic demand and productive infrastructure, or by subsidized interest rates and speculative prestige projects?",MODEL_DERIVED_FROM_VERIFIED_OBSERVATIONS
NLD-DESAI_ENDOGENOUS_CREDIT_PONZI_DESTABILIZATION-20231231,NLD,2023-12-31 00:00:00+00:00,2026-10-03 00:00:00+00:00,DESAI_ENDOGENOUS_CREDIT_PONZI_DESTABILIZATION,Desai endogenous credit expansion and Ponzi destabilization,insufficient_evidence,NOT_ASSESSABLE,,1,0,1,HOUSEHOLD_DEBT,HOUSEHOLD_DEBT,REAL_ACTIVITY,Endogenous banking credit creation transitions from hedge to speculative to Ponzi financing (Minsky Moment) masked by mainstream DSGE equilibrium illusions until systemic debt service collapses (Desai Hubris).,"Can private sector debtors service their obligations from organic operational cash flows, or are they relying on perpetual rollover, capital appreciation, and monetary accommodation?",MODEL_DERIVED_FROM_VERIFIED_OBSERVATIONS
NLD-BRANTLINGER_PANEM_ET_CIRCENSES_EROSION-20231231,NLD,2023-12-31 00:00:00+00:00,2026-10-03 00:00:00+00:00,BRANTLINGER_PANEM_ET_CIRCENSES_EROSION,Brantlinger bread and circuses bio-cognitive and institutional erosion,insufficient_evidence,NOT_ASSESSABLE,,1,0,1,DISTRIBUTIONAL_STRESS,DISTRIBUTIONAL_STRESS,REAL_ACTIVITY,"State reliance on debt-financed consumption subsidies (bread) and limbic/media spectacle (circuses) fails to outpace structural inflation, eroding prefrontal public trust and accelerating bio-cognitive decay (Brantlinger Social Decay / T2SAIM HLI).",Are consumption transfers and social support payments financed by productive real revenue or by inflationary debt issuance that exacerbates underlying living-standard collapse?,MODEL_DERIVED_FROM_VERIFIED_OBSERVATIONS
NLD-SOVEREIGN_REFINANCING_STRESS-19981231,NLD,1998-12-31 00:00:00+00:00,2026-10-03 00:00:00+00:00,SOVEREIGN_REFINANCING_STRESS,Sovereign refinancing and debt-service stress,insufficient_evidence,NOT_ASSESSABLE,,1,1,1,SOVEREIGN_REFINANCING,SOVEREIGN_REFINANCING,FX_PRESSURE,"Rollover/debt-service pressure co-occurs with fiscal cash-flow, hidden-liability, FX, or external-financing stress. It is not a default determination.","Are maturity data complete across central government, SOEs, local government, public banks, and guaranteed entities?",MODEL_DERIVED_FROM_VERIFIED_OBSERVATIONS
NOR-FX_EXTERNAL_FINANCING_STRESS-20260630,NOR,2026-06-30 00:00:00+00:00,2026-10-03 00:00:00+00:00,FX_EXTERNAL_FINANCING_STRESS,FX and external-financing stress,insufficient_evidence,NOT_ASSESSABLE,,1,0,1,FX_PRESSURE,,FX_PRESSURE,"FX pressure co-occurs with reserve loss, external financing pressure, or sovereign rollover stress. This is a stress pattern, not proof of a currency crisis.","Could the FX movement be a temporary global-risk, valuation, seasonal, or policy-regime event rather than domestic external-financing stress?",MODEL_DERIVED_FROM_VERIFIED_OBSERVATIONS
NOR-SOVEREIGN_REFINANCING_STRESS-20260630,NOR,2026-06-30 00:00:00+00:00,2026-10-03 00:00:00+00:00,SOVEREIGN_REFINANCING_STRESS,Sovereign refinancing and debt-service stress,insufficient_evidence,NOT_ASSESSABLE,,1,0,1,SOVEREIGN_REFINANCING,SOVEREIGN_REFINANCING,FX_PRESSURE,"Rollover/debt-service pressure co-occurs with fiscal cash-flow, hidden-liability, FX, or external-financing stress. It is not a default determination.","Are maturity data complete across central government, SOEs, local government, public banks, and guaranteed entities?",MODEL_DERIVED_FROM_VERIFIED_OBSERVATIONS
NOR-COMPOUND_SYSTEMIC_STRESS-20260630,NOR,2026-06-30 00:00:00+00:00,2026-10-03 00:00:00+00:00,COMPOUND_SYSTEMIC_STRESS,Compound systemic stress,single_source_caution,NOT_ASSESSABLE,,1,0,1,,,FX_PRESSURE,"Several distinct stress families are simultaneously active. This is a prioritization signal for human review, not a formal systemic-crisis declaration.","Do multiple signals genuinely arise from distinct mechanisms, or are they a common shock, common source, or double-counted transformation?",MODEL_DERIVED_FROM_VERIFIED_OBSERVATIONS
NOR-HOUSEHOLD_DEBT_AND_COST_OF_LIVING-20230630,NOR,2023-06-30 00:00:00+00:00,2026-10-03 00:00:00+00:00,HOUSEHOLD_DEBT_AND_COST_OF_LIVING,Household debt and cost-of-living stress,insufficient_evidence,NOT_ASSESSABLE,,1,0,1,HOUSEHOLD_DEBT,HOUSEHOLD_DEBT,INFLATION_ENERGY,"Debt-service/delinquency pressure overlaps with essential-cost inflation, income-distribution stress, or real-activity deterioration.","Are household debt, income, arrears and delinquency definitions stable and representative, including informal households?",MODEL_DERIVED_FROM_VERIFIED_OBSERVATIONS
NOR-CORPORATE_CASHFLOW_AND_REAL_ACTIVITY-20230630,NOR,2023-06-30 00:00:00+00:00,2026-10-03 00:00:00+00:00,CORPORATE_CASHFLOW_AND_REAL_ACTIVITY,Corporate cash-flow and real-activity stress,insufficient_evidence,NOT_ASSESSABLE,,1,0,1,FIRM_CASHFLOW,FIRM_CASHFLOW,INFLATION_ENERGY,"Insolvency/payment-delay stress overlaps with contraction, input-cost pressure, asset-quality deterioration, or public-payment strain.","Are insolvency filings affected by legal reforms, moratoria, backlog clearance, or changes in reporting coverage?",MODEL_DERIVED_FROM_VERIFIED_OBSERVATIONS
NOR-INFLATION_ENERGY_REAL_INCOME_SHOCK-20230630,NOR,2023-06-30 00:00:00+00:00,2026-10-03 00:00:00+00:00,INFLATION_ENERGY_REAL_INCOME_SHOCK,"Inflation, energy and real-income shock",insufficient_evidence,NOT_ASSESSABLE,,1,0,1,INFLATION_ENERGY,,INFLATION_ENERGY,"Inflation or energy stress coincides with falling real-income conditions, real contraction, fiscal strain, or household debt stress.","Is the shock imported and temporary, or is it persistent and broad enough to create domestic second-round effects?",MODEL_DERIVED_FROM_VERIFIED_OBSERVATIONS
NOR-TALBOTT_DIVERGENCE_BUBBLE-20230630,NOR,2023-06-30 00:00:00+00:00,2026-10-03 00:00:00+00:00,TALBOTT_DIVERGENCE_BUBBLE,Talbott asset-divergence and subprime credit stress,insufficient_evidence,NOT_ASSESSABLE,,1,0,1,BANK_ASSET_QUALITY,BANK_ASSET_QUALITY,INFLATION_ENERGY,"Asset price or real expansion co-occurs with rising delinquencies, insolvency filings, or non-performing credit (Talbott Divergence Rule). Signals unsustainable credit quality deterioration prior to systemic repricing.",Could the observed divergence stem from regulatory NPL reclassification or localized debt-collection moratorium rather than nationwide subprime-style collateral rot?,MODEL_DERIVED_FROM_VERIFIED_OBSERVATIONS
NOR-BRANTLINGER_PANEM_ET_CIRCENSES_EROSION-20230630,NOR,2023-06-30 00:00:00+00:00,2026-10-03 00:00:00+00:00,BRANTLINGER_PANEM_ET_CIRCENSES_EROSION,Brantlinger bread and circuses bio-cognitive and institutional erosion,insufficient_evidence,NOT_ASSESSABLE,,1,0,1,DISTRIBUTIONAL_STRESS,DISTRIBUTIONAL_STRESS,INFLATION_ENERGY,"State reliance on debt-financed consumption subsidies (bread) and limbic/media spectacle (circuses) fails to outpace structural inflation, eroding prefrontal public trust and accelerating bio-cognitive decay (Brantlinger Social Decay / T2SAIM HLI).",Are consumption transfers and social support payments financed by productive real revenue or by inflationary debt issuance that exacerbates underlying living-standard collapse?,MODEL_DERIVED_FROM_VERIFIED_OBSERVATIONS
NOR-THORNTON_SKYSCRAPER_MALINVESTMENT-20201231,NOR,2020-12-31 00:00:00+00:00,2026-10-03 00:00:00+00:00,THORNTON_SKYSCRAPER_MALINVESTMENT,Thornton malinvestment and time-to-build cycle stress,insufficient_evidence,NOT_ASSESSABLE,,1,1,1,REAL_ACTIVITY,,REAL_ACTIVITY,Overextension in long-gestation capital goods / megaprojects and artificial credit expansion enters the time-to-build completion phase as liquidity tightens (Thornton Skyscraper Curse). Malinvestment becomes stranded.,"Are construction or capital expenditure surges driven by genuine demographic demand and productive infrastructure, or by subsidized interest rates and speculative prestige projects?",MODEL_DERIVED_FROM_VERIFIED_OBSERVATIONS
NOR-BOOKSTABER_LIQUIDITY_FIRE_SALE_CASCADE-20201231,NOR,2020-12-31 00:00:00+00:00,2026-10-03 00:00:00+00:00,BOOKSTABER_LIQUIDITY_FIRE_SALE_CASCADE,Bookstaber non-ergodic fire-sale and liquidity dry-up cascade,insufficient_evidence,NOT_ASSESSABLE,,1,0,1,BANK_LIQUIDITY,BANK_LIQUIDITY,EXTERNAL_REFINANCING,"Non-ergodic cascade where margin calls on leveraged entities force mechanical liquidations (fire-sales), draining market depth and triggering funding liquidity evaporation across network nodes (Bookstaber End of Theory).","Is the liquidity drain a temporary friction in a single collateral asset, or is it cascading across interbank repo markets and creating systemic funding freeze?",MODEL_DERIVED_FROM_VERIFIED_OBSERVATIONS
NOR-DESAI_ENDOGENOUS_CREDIT_PONZI_DESTABILIZATION-20201231,NOR,2020-12-31 00:00:00+00:00,2026-10-03 00:00:00+00:00,DESAI_ENDOGENOUS_CREDIT_PONZI_DESTABILIZATION,Desai endogenous credit expansion and Ponzi destabilization,insufficient_evidence,NOT_ASSESSABLE,,1,1,1,HOUSEHOLD_DEBT,HOUSEHOLD_DEBT,REAL_ACTIVITY,Endogenous banking credit creation transitions from hedge to speculative to Ponzi financing (Minsky Moment) masked by mainstream DSGE equilibrium illusions until systemic debt service collapses (Desai Hubris).,"Can private sector debtors service their obligations from organic operational cash flows, or are they relying on perpetual rollover, capital appreciation, and monetary accommodation?",MODEL_DERIVED_FROM_VERIFIED_OBSERVATIONS
TUR-FX_EXTERNAL_FINANCING_STRESS-20260430,TUR,2026-04-30 00:00:00+00:00,2026-10-03 00:00:00+00:00,FX_EXTERNAL_FINANCING_STRESS,FX and external-financing stress,insufficient_evidence,NOT_ASSESSABLE,,1,0,1,FX_PRESSURE,FX_PRESSURE,RESERVE_LOSS,"FX pressure co-occurs with reserve loss, external financing pressure, or sovereign rollover stress. This is a stress pattern, not proof of a currency crisis.","Could the FX movement be a temporary global-risk, valuation, seasonal, or policy-regime event rather than domestic external-financing stress?",MODEL_DERIVED_FROM_VERIFIED_OBSERVATIONS
TUR-COMPOUND_SYSTEMIC_STRESS-20260430,TUR,2026-04-30 00:00:00+00:00,2026-10-03 00:00:00+00:00,COMPOUND_SYSTEMIC_STRESS,Compound systemic stress,single_source_caution,NOT_ASSESSABLE,,1,0,1,,,RESERVE_LOSS,"Several distinct stress families are simultaneously active. This is a prioritization signal for human review, not a formal systemic-crisis declaration.","Do multiple signals genuinely arise from distinct mechanisms, or are they a common shock, common source, or double-counted transformation?",MODEL_DERIVED_FROM_VERIFIED_OBSERVATIONS
TUR-HOUSEHOLD_DEBT_AND_COST_OF_LIVING-20240630,TUR,2024-06-30 00:00:00+00:00,2026-10-03 00:00:00+00:00,HOUSEHOLD_DEBT_AND_COST_OF_LIVING,Household debt and cost-of-living stress,insufficient_evidence,NOT_ASSESSABLE,,1,1,1,HOUSEHOLD_DEBT,HOUSEHOLD_DEBT,INFLATION_ENERGY,"Debt-service/delinquency pressure overlaps with essential-cost inflation, income-distribution stress, or real-activity deterioration.","Are household debt, income, arrears and delinquency definitions stable and representative, including informal households?",MODEL_DERIVED_FROM_VERIFIED_OBSERVATIONS
TUR-CORPORATE_CASHFLOW_AND_REAL_ACTIVITY-20240630,TUR,2024-06-30 00:00:00+00:00,2026-10-03 00:00:00+00:00,CORPORATE_CASHFLOW_AND_REAL_ACTIVITY,Corporate cash-flow and real-activity stress,insufficient_evidence,NOT_ASSESSABLE,,1,1,1,FIRM_CASHFLOW,FIRM_CASHFLOW,INFLATION_ENERGY,"Insolvency/payment-delay stress overlaps with contraction, input-cost pressure, asset-quality deterioration, or public-payment strain.","Are insolvency filings affected by legal reforms, moratoria, backlog clearance, or changes in reporting coverage?",MODEL_DERIVED_FROM_VERIFIED_OBSERVATIONS
TUR-INFLATION_ENERGY_REAL_INCOME_SHOCK-20240630,TUR,2024-06-30 00:00:00+00:00,2026-10-03 00:00:00+00:00,INFLATION_ENERGY_REAL_INCOME_SHOCK,"Inflation, energy and real-income shock",insufficient_evidence,NOT_ASSESSABLE,,1,1,1,INFLATION_ENERGY,,INFLATION_ENERGY,"Inflation or energy stress coincides with falling real-income conditions, real contraction, fiscal strain, or household debt stress.","Is the shock imported and temporary, or is it persistent and broad enough to create domestic second-round effects?",MODEL_DERIVED_FROM_VERIFIED_OBSERVATIONS
TUR-TALBOTT_DIVERGENCE_BUBBLE-20240630,TUR,2024-06-30 00:00:00+00:00,2026-10-03 00:00:00+00:00,TALBOTT_DIVERGENCE_BUBBLE,Talbott asset-divergence and subprime credit stress,insufficient_evidence,NOT_ASSESSABLE,,1,1,1,BANK_ASSET_QUALITY,BANK_ASSET_QUALITY,INFLATION_ENERGY,"Asset price or real expansion co-occurs with rising delinquencies, insolvency filings, or non-performing credit (Talbott Divergence Rule). Signals unsustainable credit quality deterioration prior to systemic repricing.",Could the observed divergence stem from regulatory NPL reclassification or localized debt-collection moratorium rather than nationwide subprime-style collateral rot?,MODEL_DERIVED_FROM_VERIFIED_OBSERVATIONS
TUR-BRANTLINGER_PANEM_ET_CIRCENSES_EROSION-20240630,TUR,2024-06-30 00:00:00+00:00,2026-10-03 00:00:00+00:00,BRANTLINGER_PANEM_ET_CIRCENSES_EROSION,Brantlinger bread and circuses bio-cognitive and institutional erosion,insufficient_evidence,NOT_ASSESSABLE,,1,1,1,DISTRIBUTIONAL_STRESS,DISTRIBUTIONAL_STRESS,INFLATION_ENERGY,"State reliance on debt-financed consumption subsidies (bread) and limbic/media spectacle (circuses) fails to outpace structural inflation, eroding prefrontal public trust and accelerating bio-cognitive decay (Brantlinger Social Decay / T2SAIM HLI).",Are consumption transfers and social support payments financed by productive real revenue or by inflationary debt issuance that exacerbates underlying living-standard collapse?,MODEL_DERIVED_FROM_VERIFIED_OBSERVATIONS
TUR-SOVEREIGN_REFINANCING_STRESS-20230831,TUR,2023-08-31 00:00:00+00:00,2026-10-03 00:00:00+00:00,SOVEREIGN_REFINANCING_STRESS,Sovereign refinancing and debt-service stress,insufficient_evidence,NOT_ASSESSABLE,,1,1,1,SOVEREIGN_REFINANCING,SOVEREIGN_REFINANCING,FX_PRESSURE,"Rollover/debt-service pressure co-occurs with fiscal cash-flow, hidden-liability, FX, or external-financing stress. It is not a default determination.","Are maturity data complete across central government, SOEs, local government, public banks, and guaranteed entities?",MODEL_DERIVED_FROM_VERIFIED_OBSERVATIONS
TUR-THORNTON_SKYSCRAPER_MALINVESTMENT-20211231,TUR,2021-12-31 00:00:00+00:00,2026-10-03 00:00:00+00:00,THORNTON_SKYSCRAPER_MALINVESTMENT,Thornton malinvestment and time-to-build cycle stress,insufficient_evidence,NOT_ASSESSABLE,,1,0,1,REAL_ACTIVITY,,REAL_ACTIVITY,Overextension in long-gestation capital goods / megaprojects and artificial credit expansion enters the time-to-build completion phase as liquidity tightens (Thornton Skyscraper Curse). Malinvestment becomes stranded.,"Are construction or capital expenditure surges driven by genuine demographic demand and productive infrastructure, or by subsidized interest rates and speculative prestige projects?",MODEL_DERIVED_FROM_VERIFIED_OBSERVATIONS
TUR-DESAI_ENDOGENOUS_CREDIT_PONZI_DESTABILIZATION-20211231,TUR,2021-12-31 00:00:00+00:00,2026-10-03 00:00:00+00:00,DESAI_ENDOGENOUS_CREDIT_PONZI_DESTABILIZATION,Desai endogenous credit expansion and Ponzi destabilization,insufficient_evidence,NOT_ASSESSABLE,,1,0,1,HOUSEHOLD_DEBT,HOUSEHOLD_DEBT,REAL_ACTIVITY,Endogenous banking credit creation transitions from hedge to speculative to Ponzi financing (Minsky Moment) masked by mainstream DSGE equilibrium illusions until systemic debt service collapses (Desai Hubris).,"Can private sector debtors service their obligations from organic operational cash flows, or are they relying on perpetual rollover, capital appreciation, and monetary accommodation?",MODEL_DERIVED_FROM_VERIFIED_OBSERVATIONS
TUR-BANKING_LIQUIDITY_SOLVENCY_STRESS-20190101,TUR,2019-01-01 00:00:00+00:00,2026-10-03 00:00:00+00:00,BANKING_LIQUIDITY_SOLVENCY_STRESS,Banking liquidity and solvency stress,insufficient_evidence,NOT_ASSESSABLE,,1,1,1,BANK_ASSET_QUALITY,,BANK_ASSET_QUALITY,Asset-quality stress co-occurs with capital/liquidity pressure or debtor distress. It requires regulator and balance-sheet review before any banking-crisis label.,"Did an accounting, prudential, NPL-definition, forbearance, or provisioning rule change create the observed movement?",MODEL_DERIVED_FROM_VERIFIED_OBSERVATIONS
TUR-SOVEREIGN_HOSTAGE_BANK_NEXUS-20190101,TUR,2019-01-01 00:00:00+00:00,2026-10-03 00:00:00+00:00,SOVEREIGN_HOSTAGE_BANK_NEXUS,Sovereign-bank nexus and bailout hostage stress,insufficient_evidence,NOT_ASSESSABLE,,1,1,1,BANK_CAPITAL,BANK_CAPITAL,BANK_ASSET_QUALITY,Severe banking distress in an oversized financial system threatens to socialize bank private losses onto the sovereign balance sheet (Talbott Hostage Nexus / Doom Loop).,Does the jurisdiction possess a credible bail-in resolution framework (BRRD / FDIC style) or will public balance sheets be forced into an unconditional 0% haircut bailout?,MODEL_DERIVED_FROM_VERIFIED_OBSERVATIONS
TUR-BOOKSTABER_LIQUIDITY_FIRE_SALE_CASCADE-20190101,TUR,2019-01-01 00:00:00+00:00,2026-10-03 00:00:00+00:00,BOOKSTABER_LIQUIDITY_FIRE_SALE_CASCADE,Bookstaber non-ergodic fire-sale and liquidity dry-up cascade,insufficient_evidence,NOT_ASSESSABLE,,1,1,1,BANK_LIQUIDITY,BANK_LIQUIDITY,BANK_ASSET_QUALITY,"Non-ergodic cascade where margin calls on leveraged entities force mechanical liquidations (fire-sales), draining market depth and triggering funding liquidity evaporation across network nodes (Bookstaber End of Theory).","Is the liquidity drain a temporary friction in a single collateral asset, or is it cascading across interbank repo markets and creating systemic funding freeze?",MODEL_DERIVED_FROM_VERIFIED_OBSERVATIONS
USA-FX_EXTERNAL_FINANCING_STRESS-20241231,USA,2024-12-31 00:00:00+00:00,2026-10-03 00:00:00+00:00,FX_EXTERNAL_FINANCING_STRESS,FX and external-financing stress,insufficient_evidence,NOT_ASSESSABLE,,1,0,1,FX_PRESSURE,FX_PRESSURE,RESERVE_LOSS,"FX pressure co-occurs with reserve loss, external financing pressure, or sovereign rollover stress. This is a stress pattern, not proof of a currency crisis.","Could the FX movement be a temporary global-risk, valuation, seasonal, or policy-regime event rather than domestic external-financing stress?",MODEL_DERIVED_FROM_VERIFIED_OBSERVATIONS
USA-COMPOUND_SYSTEMIC_STRESS-20241231,USA,2024-12-31 00:00:00+00:00,2026-10-03 00:00:00+00:00,COMPOUND_SYSTEMIC_STRESS,Compound systemic stress,single_source_caution,NOT_ASSESSABLE,,1,0,1,,,RESERVE_LOSS,"Several distinct stress families are simultaneously active. This is a prioritization signal for human review, not a formal systemic-crisis declaration.","Do multiple signals genuinely arise from distinct mechanisms, or are they a common shock, common source, or double-counted transformation?",MODEL_DERIVED_FROM_VERIFIED_OBSERVATIONS
USA-HOUSEHOLD_DEBT_AND_COST_OF_LIVING-20230228,USA,2023-02-28 00:00:00+00:00,2026-10-03 00:00:00+00:00,HOUSEHOLD_DEBT_AND_COST_OF_LIVING,Household debt and cost-of-living stress,insufficient_evidence,NOT_ASSESSABLE,,1,1,1,HOUSEHOLD_DEBT,HOUSEHOLD_DEBT,INFLATION_ENERGY,"Debt-service/delinquency pressure overlaps with essential-cost inflation, income-distribution stress, or real-activity deterioration.","Are household debt, income, arrears and delinquency definitions stable and representative, including informal households?",MODEL_DERIVED_FROM_VERIFIED_OBSERVATIONS
USA-CORPORATE_CASHFLOW_AND_REAL_ACTIVITY-20230228,USA,2023-02-28 00:00:00+00:00,2026-10-03 00:00:00+00:00,CORPORATE_CASHFLOW_AND_REAL_ACTIVITY,Corporate cash-flow and real-activity stress,insufficient_evidence,NOT_ASSESSABLE,,1,1,1,FIRM_CASHFLOW,FIRM_CASHFLOW,INFLATION_ENERGY,"Insolvency/payment-delay stress overlaps with contraction, input-cost pressure, asset-quality deterioration, or public-payment strain.","Are insolvency filings affected by legal reforms, moratoria, backlog clearance, or changes in reporting coverage?",MODEL_DERIVED_FROM_VERIFIED_OBSERVATIONS
USA-INFLATION_ENERGY_REAL_INCOME_SHOCK-20230228,USA,2023-02-28 00:00:00+00:00,2026-10-03 00:00:00+00:00,INFLATION_ENERGY_REAL_INCOME_SHOCK,"Inflation, energy and real-income shock",insufficient_evidence,NOT_ASSESSABLE,,1,1,1,INFLATION_ENERGY,,INFLATION_ENERGY,"Inflation or energy stress coincides with falling real-income conditions, real contraction, fiscal strain, or household debt stress.","Is the shock imported and temporary, or is it persistent and broad enough to create domestic second-round effects?",MODEL_DERIVED_FROM_VERIFIED_OBSERVATIONS
USA-TALBOTT_DIVERGENCE_BUBBLE-20230228,USA,2023-02-28 00:00:00+00:00,2026-10-03 00:00:00+00:00,TALBOTT_DIVERGENCE_BUBBLE,Talbott asset-divergence and subprime credit stress,insufficient_evidence,NOT_ASSESSABLE,,1,1,1,BANK_ASSET_QUALITY,BANK_ASSET_QUALITY,INFLATION_ENERGY,"Asset price or real expansion co-occurs with rising delinquencies, insolvency filings, or non-performing credit (Talbott Divergence Rule). Signals unsustainable credit quality deterioration prior to systemic repricing.",Could the observed divergence stem from regulatory NPL reclassification or localized debt-collection moratorium rather than nationwide subprime-style collateral rot?,MODEL_DERIVED_FROM_VERIFIED_OBSERVATIONS
USA-BRANTLINGER_PANEM_ET_CIRCENSES_EROSION-20230228,USA,2023-02-28 00:00:00+00:00,2026-10-03 00:00:00+00:00,BRANTLINGER_PANEM_ET_CIRCENSES_EROSION,Brantlinger bread and circuses bio-cognitive and institutional erosion,insufficient_evidence,NOT_ASSESSABLE,,1,1,1,DISTRIBUTIONAL_STRESS,DISTRIBUTIONAL_STRESS,INFLATION_ENERGY,"State reliance on debt-financed consumption subsidies (bread) and limbic/media spectacle (circuses) fails to outpace structural inflation, eroding prefrontal public trust and accelerating bio-cognitive decay (Brantlinger Social Decay / T2SAIM HLI).",Are consumption transfers and social support payments financed by productive real revenue or by inflationary debt issuance that exacerbates underlying living-standard collapse?,MODEL_DERIVED_FROM_VERIFIED_OBSERVATIONS
USA-THORNTON_SKYSCRAPER_MALINVESTMENT-20210101,USA,2021-01-01 00:00:00+00:00,2026-10-03 00:00:00+00:00,THORNTON_SKYSCRAPER_MALINVESTMENT,Thornton malinvestment and time-to-build cycle stress,acute,ACUTE,3.0653276783642007,2,1,2,REAL_ACTIVITY,,REAL_ACTIVITY|SOVEREIGN_REFINANCING,Overextension in long-gestation capital goods / megaprojects and artificial credit expansion enters the time-to-build completion phase as liquidity tightens (Thornton Skyscraper Curse). Malinvestment becomes stranded.,"Are construction or capital expenditure surges driven by genuine demographic demand and productive infrastructure, or by subsidized interest rates and speculative prestige projects?",MODEL_DERIVED_FROM_VERIFIED_OBSERVATIONS
USA-SOVEREIGN_REFINANCING_STRESS-20210101,USA,2021-01-01 00:00:00+00:00,2026-10-03 00:00:00+00:00,SOVEREIGN_REFINANCING_STRESS,Sovereign refinancing and debt-service stress,insufficient_evidence,NOT_ASSESSABLE,,1,0,1,SOVEREIGN_REFINANCING,,SOVEREIGN_REFINANCING,"Rollover/debt-service pressure co-occurs with fiscal cash-flow, hidden-liability, FX, or external-financing stress. It is not a default determination.","Are maturity data complete across central government, SOEs, local government, public banks, and guaranteed entities?",MODEL_DERIVED_FROM_VERIFIED_OBSERVATIONS
USA-FISCAL_CASHFLOW_AND_HIDDEN_LIABILITY-20210101,USA,2021-01-01 00:00:00+00:00,2026-10-03 00:00:00+00:00,FISCAL_CASHFLOW_AND_HIDDEN_LIABILITY,Fiscal cash-flow and hidden-liability stress,insufficient_evidence,NOT_ASSESSABLE,,1,0,1,FISCAL_CASHFLOW,FISCAL_CASHFLOW,SOVEREIGN_REFINANCING,"Tax/refund/budget cash-flow pressure overlaps with guarantees, PPPs, SOEs, public banks, refinancing, or company cash-flow deterioration.","Could cash-flow volatility reflect calendar effects, tax amnesties, one-off transfers, accounting reclassification, or delayed publication?",MODEL_DERIVED_FROM_VERIFIED_OBSERVATIONS
USA-SOVEREIGN_HOSTAGE_BANK_NEXUS-20210101,USA,2021-01-01 00:00:00+00:00,2026-10-03 00:00:00+00:00,SOVEREIGN_HOSTAGE_BANK_NEXUS,Sovereign-bank nexus and bailout hostage stress,insufficient_evidence,NOT_ASSESSABLE,,1,0,1,BANK_CAPITAL,BANK_CAPITAL,SOVEREIGN_REFINANCING,Severe banking distress in an oversized financial system threatens to socialize bank private losses onto the sovereign balance sheet (Talbott Hostage Nexus / Doom Loop).,Does the jurisdiction possess a credible bail-in resolution framework (BRRD / FDIC style) or will public balance sheets be forced into an unconditional 0% haircut bailout?,MODEL_DERIVED_FROM_VERIFIED_OBSERVATIONS
USA-DESAI_ENDOGENOUS_CREDIT_PONZI_DESTABILIZATION-20201231,USA,2020-12-31 00:00:00+00:00,2026-10-03 00:00:00+00:00,DESAI_ENDOGENOUS_CREDIT_PONZI_DESTABILIZATION,Desai endogenous credit expansion and Ponzi destabilization,insufficient_evidence,NOT_ASSESSABLE,,1,1,1,HOUSEHOLD_DEBT,HOUSEHOLD_DEBT,REAL_ACTIVITY,Endogenous banking credit creation transitions from hedge to speculative to Ponzi financing (Minsky Moment) masked by mainstream DSGE equilibrium illusions until systemic debt service collapses (Desai Hubris).,"Can private sector debtors service their obligations from organic operational cash flows, or are they relying on perpetual rollover, capital appreciation, and monetary accommodation?",MODEL_DERIVED_FROM_VERIFIED_OBSERVATIONS
ZAF-HOUSEHOLD_DEBT_AND_COST_OF_LIVING-20250101,ZAF,2025-01-01 00:00:00+00:00,2026-10-03 00:00:00+00:00,HOUSEHOLD_DEBT_AND_COST_OF_LIVING,Household debt and cost-of-living stress,insufficient_evidence,NOT_ASSESSABLE,,1,1,1,HOUSEHOLD_DEBT,HOUSEHOLD_DEBT,REAL_ACTIVITY,"Debt-service/delinquency pressure overlaps with essential-cost inflation, income-distribution stress, or real-activity deterioration.","Are household debt, income, arrears and delinquency definitions stable and representative, including informal households?",MODEL_DERIVED_FROM_VERIFIED_OBSERVATIONS
ZAF-CORPORATE_CASHFLOW_AND_REAL_ACTIVITY-20250101,ZAF,2025-01-01 00:00:00+00:00,2026-10-03 00:00:00+00:00,CORPORATE_CASHFLOW_AND_REAL_ACTIVITY,Corporate cash-flow and real-activity stress,insufficient_evidence,NOT_ASSESSABLE,,1,1,1,FIRM_CASHFLOW,FIRM_CASHFLOW,REAL_ACTIVITY,"Insolvency/payment-delay stress overlaps with contraction, input-cost pressure, asset-quality deterioration, or public-payment strain.","Are insolvency filings affected by legal reforms, moratoria, backlog clearance, or changes in reporting coverage?",MODEL_DERIVED_FROM_VERIFIED_OBSERVATIONS
ZAF-INFLATION_ENERGY_REAL_INCOME_SHOCK-20250101,ZAF,2025-01-01 00:00:00+00:00,2026-10-03 00:00:00+00:00,INFLATION_ENERGY_REAL_INCOME_SHOCK,"Inflation, energy and real-income shock",insufficient_evidence,NOT_ASSESSABLE,,1,1,1,INFLATION_ENERGY,INFLATION_ENERGY,REAL_ACTIVITY,"Inflation or energy stress coincides with falling real-income conditions, real contraction, fiscal strain, or household debt stress.","Is the shock imported and temporary, or is it persistent and broad enough to create domestic second-round effects?",MODEL_DERIVED_FROM_VERIFIED_OBSERVATIONS
ZAF-COMPOUND_SYSTEMIC_STRESS-20250101,ZAF,2025-01-01 00:00:00+00:00,2026-10-03 00:00:00+00:00,COMPOUND_SYSTEMIC_STRESS,Compound systemic stress,single_source_caution,NOT_ASSESSABLE,,1,1,1,,,REAL_ACTIVITY,"Several distinct stress families are simultaneously active. This is a prioritization signal for human review, not a formal systemic-crisis declaration.","Do multiple signals genuinely arise from distinct mechanisms, or are they a common shock, common source, or double-counted transformation?",MODEL_DERIVED_FROM_VERIFIED_OBSERVATIONS
ZAF-TALBOTT_DIVERGENCE_BUBBLE-20250101,ZAF,2025-01-01 00:00:00+00:00,2026-10-03 00:00:00+00:00,TALBOTT_DIVERGENCE_BUBBLE,Talbott asset-divergence and subprime credit stress,insufficient_evidence,NOT_ASSESSABLE,,1,1,1,BANK_ASSET_QUALITY,BANK_ASSET_QUALITY,REAL_ACTIVITY,"Asset price or real expansion co-occurs with rising delinquencies, insolvency filings, or non-performing credit (Talbott Divergence Rule). Signals unsustainable credit quality deterioration prior to systemic repricing.",Could the observed divergence stem from regulatory NPL reclassification or localized debt-collection moratorium rather than nationwide subprime-style collateral rot?,MODEL_DERIVED_FROM_VERIFIED_OBSERVATIONS
ZAF-THORNTON_SKYSCRAPER_MALINVESTMENT-20250101,ZAF,2025-01-01 00:00:00+00:00,2026-10-03 00:00:00+00:00,THORNTON_SKYSCRAPER_MALINVESTMENT,Thornton malinvestment and time-to-build cycle stress,insufficient_evidence,NOT_ASSESSABLE,,1,1,1,REAL_ACTIVITY,,REAL_ACTIVITY,Overextension in long-gestation capital goods / megaprojects and artificial credit expansion enters the time-to-build completion phase as liquidity tightens (Thornton Skyscraper Curse). Malinvestment becomes stranded.,"Are construction or capital expenditure surges driven by genuine demographic demand and productive infrastructure, or by subsidized interest rates and speculative prestige projects?",MODEL_DERIVED_FROM_VERIFIED_OBSERVATIONS
ZAF-DESAI_ENDOGENOUS_CREDIT_PONZI_DESTABILIZATION-20250101,ZAF,2025-01-01 00:00:00+00:00,2026-10-03 00:00:00+00:00,DESAI_ENDOGENOUS_CREDIT_PONZI_DESTABILIZATION,Desai endogenous credit expansion and Ponzi destabilization,insufficient_evidence,NOT_ASSESSABLE,,1,1,1,HOUSEHOLD_DEBT,HOUSEHOLD_DEBT,REAL_ACTIVITY,Endogenous banking credit creation transitions from hedge to speculative to Ponzi financing (Minsky Moment) masked by mainstream DSGE equilibrium illusions until systemic debt service collapses (Desai Hubris).,"Can private sector debtors service their obligations from organic operational cash flows, or are they relying on perpetual rollover, capital appreciation, and monetary accommodation?",MODEL_DERIVED_FROM_VERIFIED_OBSERVATIONS
ZAF-BRANTLINGER_PANEM_ET_CIRCENSES_EROSION-20250101,ZAF,2025-01-01 00:00:00+00:00,2026-10-03 00:00:00+00:00,BRANTLINGER_PANEM_ET_CIRCENSES_EROSION,Brantlinger bread and circuses bio-cognitive and institutional erosion,insufficient_evidence,NOT_ASSESSABLE,,1,1,1,DISTRIBUTIONAL_STRESS,DISTRIBUTIONAL_STRESS,REAL_ACTIVITY,"State reliance on debt-financed consumption subsidies (bread) and limbic/media spectacle (circuses) fails to outpace structural inflation, eroding prefrontal public trust and accelerating bio-cognitive decay (Brantlinger Social Decay / T2SAIM HLI).",Are consumption transfers and social support payments financed by productive real revenue or by inflationary debt issuance that exacerbates underlying living-standard collapse?,MODEL_DERIVED_FROM_VERIFIED_OBSERVATIONS
ZAF-BANKING_LIQUIDITY_SOLVENCY_STRESS-20200101,ZAF,2020-01-01 00:00:00+00:00,2026-10-03 00:00:00+00:00,BANKING_LIQUIDITY_SOLVENCY_STRESS,Banking liquidity and solvency stress,insufficient_evidence,NOT_ASSESSABLE,,1,0,1,BANK_ASSET_QUALITY,,BANK_ASSET_QUALITY,Asset-quality stress co-occurs with capital/liquidity pressure or debtor distress. It requires regulator and balance-sheet review before any banking-crisis label.,"Did an accounting, prudential, NPL-definition, forbearance, or provisioning rule change create the observed movement?",MODEL_DERIVED_FROM_VERIFIED_OBSERVATIONS
ZAF-SOVEREIGN_HOSTAGE_BANK_NEXUS-20200101,ZAF,2020-01-01 00:00:00+00:00,2026-10-03 00:00:00+00:00,SOVEREIGN_HOSTAGE_BANK_NEXUS,Sovereign-bank nexus and bailout hostage stress,insufficient_evidence,NOT_ASSESSABLE,,1,0,1,BANK_CAPITAL,BANK_CAPITAL,BANK_ASSET_QUALITY,Severe banking distress in an oversized financial system threatens to socialize bank private losses onto the sovereign balance sheet (Talbott Hostage Nexus / Doom Loop).,Does the jurisdiction possess a credible bail-in resolution framework (BRRD / FDIC style) or will public balance sheets be forced into an unconditional 0% haircut bailout?,MODEL_DERIVED_FROM_VERIFIED_OBSERVATIONS
ZAF-BOOKSTABER_LIQUIDITY_FIRE_SALE_CASCADE-20200101,ZAF,2020-01-01 00:00:00+00:00,2026-10-03 00:00:00+00:00,BOOKSTABER_LIQUIDITY_FIRE_SALE_CASCADE,Bookstaber non-ergodic fire-sale and liquidity dry-up cascade,insufficient_evidence,NOT_ASSESSABLE,,1,0,1,BANK_LIQUIDITY,BANK_LIQUIDITY,BANK_ASSET_QUALITY,"Non-ergodic cascade where margin calls on leveraged entities force mechanical liquidations (fire-sales), draining market depth and triggering funding liquidity evaporation across network nodes (Bookstaber End of Theory).","Is the liquidity drain a temporary friction in a single collateral asset, or is it cascading across interbank repo markets and creating systemic funding freeze?",MODEL_DERIVED_FROM_VERIFIED_OBSERVATIONS
