observation_id,engine_name,country_iso3,metric_id,value_numeric,unit,valid_time,available_at,retrieved_at,source_name,source_url,source_document_title,source_sha256,source_type,verification_status,missing_reason,is_model_derived,is_synthetic,concept_note,raw_value
fdb132ba-eb36-4e36-96b3-1d8562751461,HARM,AUS,INTENTIONAL_HOMICIDE_RATE_PER_100K,1.93386535571719,PER_100K,1996-12-31,,2026-10-05T21:30:25.675437+00:00,World Bank API v2,https://api.worldbank.org/v2/country/AUS;BRA;CAN;CHE;DEU;ESP;FRA;GBR;GRC;IDN;IND;ITA;JPN;KOR;MEX;NLD;NOR;TUR;USA;ZAF/indicator/VC.IHR.PSRC.P5?format=json&date=1996:2024&per_page=20000,"Intentional homicides (per 100,000 people)",sha256:e9a648c0c7b58588f02986817d1638cb82d3073ee9615c0bb8913cf6ee17339f,OFFICIAL_API,VERIFIED,,False,False,World Bank published intentional-homicide rate.,1.93386535571719
f9032198-1726-4519-afc8-ade42a7c2473,HARM,AUS,INTENTIONAL_HOMICIDE_RATE_PER_100K,1.96704523731198,PER_100K,1997-12-31,,2026-10-05T21:30:25.675437+00:00,World Bank API v2,https://api.worldbank.org/v2/country/AUS;BRA;CAN;CHE;DEU;ESP;FRA;GBR;GRC;IDN;IND;ITA;JPN;KOR;MEX;NLD;NOR;TUR;USA;ZAF/indicator/VC.IHR.PSRC.P5?format=json&date=1996:2024&per_page=20000,"Intentional homicides (per 100,000 people)",sha256:e9a648c0c7b58588f02986817d1638cb82d3073ee9615c0bb8913cf6ee17339f,OFFICIAL_API,VERIFIED,,False,False,World Bank published intentional-homicide rate.,1.96704523731198
93af7ea6-29ec-458c-835f-117f07ef4202,HARM,AUS,INTENTIONAL_HOMICIDE_RATE_PER_100K,1.78593227563009,PER_100K,1998-12-31,,2026-10-05T21:30:25.675437+00:00,World Bank API v2,https://api.worldbank.org/v2/country/AUS;BRA;CAN;CHE;DEU;ESP;FRA;GBR;GRC;IDN;IND;ITA;JPN;KOR;MEX;NLD;NOR;TUR;USA;ZAF/indicator/VC.IHR.PSRC.P5?format=json&date=1996:2024&per_page=20000,"Intentional homicides (per 100,000 people)",sha256:e9a648c0c7b58588f02986817d1638cb82d3073ee9615c0bb8913cf6ee17339f,OFFICIAL_API,VERIFIED,,False,False,World Bank published intentional-homicide rate.,1.78593227563009
ff152e18-4677-423d-a44e-d3baebae8725,HARM,AUS,INTENTIONAL_HOMICIDE_RATE_PER_100K,2.03596185527632,PER_100K,1999-12-31,,2026-10-05T21:30:25.675437+00:00,World Bank API v2,https://api.worldbank.org/v2/country/AUS;BRA;CAN;CHE;DEU;ESP;FRA;GBR;GRC;IDN;IND;ITA;JPN;KOR;MEX;NLD;NOR;TUR;USA;ZAF/indicator/VC.IHR.PSRC.P5?format=json&date=1996:2024&per_page=20000,"Intentional homicides (per 100,000 people)",sha256:e9a648c0c7b58588f02986817d1638cb82d3073ee9615c0bb8913cf6ee17339f,OFFICIAL_API,VERIFIED,,False,False,World Bank published intentional-homicide rate.,2.03596185527632
66da069f-deba-477d-ab97-31f96fe2bd4e,HARM,AUS,INTENTIONAL_HOMICIDE_RATE_PER_100K,1.89207133777963,PER_100K,2000-12-31,,2026-10-05T21:30:25.675437+00:00,World Bank API v2,https://api.worldbank.org/v2/country/AUS;BRA;CAN;CHE;DEU;ESP;FRA;GBR;GRC;IDN;IND;ITA;JPN;KOR;MEX;NLD;NOR;TUR;USA;ZAF/indicator/VC.IHR.PSRC.P5?format=json&date=1996:2024&per_page=20000,"Intentional homicides (per 100,000 people)",sha256:e9a648c0c7b58588f02986817d1638cb82d3073ee9615c0bb8913cf6ee17339f,OFFICIAL_API,VERIFIED,,False,False,World Bank published intentional-homicide rate.,1.89207133777963
a7cf4f79-6389-41ab-9c68-4486abb21326,HARM,AUS,INTENTIONAL_HOMICIDE_RATE_PER_100K,1.79185252403083,PER_100K,2001-12-31,,2026-10-05T21:30:25.675437+00:00,World Bank API v2,https://api.worldbank.org/v2/country/AUS;BRA;CAN;CHE;DEU;ESP;FRA;GBR;GRC;IDN;IND;ITA;JPN;KOR;MEX;NLD;NOR;TUR;USA;ZAF/indicator/VC.IHR.PSRC.P5?format=json&date=1996:2024&per_page=20000,"Intentional homicides (per 100,000 people)",sha256:e9a648c0c7b58588f02986817d1638cb82d3073ee9615c0bb8913cf6ee17339f,OFFICIAL_API,VERIFIED,,False,False,World Bank published intentional-homicide rate.,1.79185252403083
7f2392b9-3ed9-4d50-9486-2b8120566700,HARM,AUS,INTENTIONAL_HOMICIDE_RATE_PER_100K,1.86778958584828,PER_100K,2002-12-31,,2026-10-05T21:30:25.675437+00:00,World Bank API v2,https://api.worldbank.org/v2/country/AUS;BRA;CAN;CHE;DEU;ESP;FRA;GBR;GRC;IDN;IND;ITA;JPN;KOR;MEX;NLD;NOR;TUR;USA;ZAF/indicator/VC.IHR.PSRC.P5?format=json&date=1996:2024&per_page=20000,"Intentional homicides (per 100,000 people)",sha256:e9a648c0c7b58588f02986817d1638cb82d3073ee9615c0bb8913cf6ee17339f,OFFICIAL_API,VERIFIED,,False,False,World Bank published intentional-homicide rate.,1.86778958584828
670aa5dc-2c78-4256-9752-be2dd13234ec,HARM,AUS,INTENTIONAL_HOMICIDE_RATE_PER_100K,1.52375535865531,PER_100K,2003-12-31,,2026-10-05T21:30:25.675437+00:00,World Bank API v2,https://api.worldbank.org/v2/country/AUS;BRA;CAN;CHE;DEU;ESP;FRA;GBR;GRC;IDN;IND;ITA;JPN;KOR;MEX;NLD;NOR;TUR;USA;ZAF/indicator/VC.IHR.PSRC.P5?format=json&date=1996:2024&per_page=20000,"Intentional homicides (per 100,000 people)",sha256:e9a648c0c7b58588f02986817d1638cb82d3073ee9615c0bb8913cf6ee17339f,OFFICIAL_API,VERIFIED,,False,False,World Bank published intentional-homicide rate.,1.52375535865531
dc4a2d34-6cd8-4472-a46f-afb23046bd37,HARM,AUS,INTENTIONAL_HOMICIDE_RATE_PER_100K,1.31193813318786,PER_100K,2004-12-31,,2026-10-05T21:30:25.675437+00:00,World Bank API v2,https://api.worldbank.org/v2/country/AUS;BRA;CAN;CHE;DEU;ESP;FRA;GBR;GRC;IDN;IND;ITA;JPN;KOR;MEX;NLD;NOR;TUR;USA;ZAF/indicator/VC.IHR.PSRC.P5?format=json&date=1996:2024&per_page=20000,"Intentional homicides (per 100,000 people)",sha256:e9a648c0c7b58588f02986817d1638cb82d3073ee9615c0bb8913cf6ee17339f,OFFICIAL_API,VERIFIED,,False,False,World Bank published intentional-homicide rate.,1.31193813318786
6239665d-094a-49fa-80cc-40e0724ee715,HARM,AUS,INTENTIONAL_HOMICIDE_RATE_PER_100K,1.27620846840694,PER_100K,2005-12-31,,2026-10-05T21:30:25.675437+00:00,World Bank API v2,https://api.worldbank.org/v2/country/AUS;BRA;CAN;CHE;DEU;ESP;FRA;GBR;GRC;IDN;IND;ITA;JPN;KOR;MEX;NLD;NOR;TUR;USA;ZAF/indicator/VC.IHR.PSRC.P5?format=json&date=1996:2024&per_page=20000,"Intentional homicides (per 100,000 people)",sha256:e9a648c0c7b58588f02986817d1638cb82d3073ee9615c0bb8913cf6ee17339f,OFFICIAL_API,VERIFIED,,False,False,World Bank published intentional-homicide rate.,1.27620846840694
1814ba49-9c56-41df-959e-0773165840ce,HARM,AUS,INTENTIONAL_HOMICIDE_RATE_PER_100K,1.36470308152627,PER_100K,2006-12-31,,2026-10-05T21:30:25.675437+00:00,World Bank API v2,https://api.worldbank.org/v2/country/AUS;BRA;CAN;CHE;DEU;ESP;FRA;GBR;GRC;IDN;IND;ITA;JPN;KOR;MEX;NLD;NOR;TUR;USA;ZAF/indicator/VC.IHR.PSRC.P5?format=json&date=1996:2024&per_page=20000,"Intentional homicides (per 100,000 people)",sha256:e9a648c0c7b58588f02986817d1638cb82d3073ee9615c0bb8913cf6ee17339f,OFFICIAL_API,VERIFIED,,False,False,World Bank published intentional-homicide rate.,1.36470308152627
bbaf69d7-dfa1-4ead-a647-2d69253d4a55,HARM,AUS,INTENTIONAL_HOMICIDE_RATE_PER_100K,1.21691956283382,PER_100K,2007-12-31,,2026-10-05T21:30:25.675437+00:00,World Bank API v2,https://api.worldbank.org/v2/country/AUS;BRA;CAN;CHE;DEU;ESP;FRA;GBR;GRC;IDN;IND;ITA;JPN;KOR;MEX;NLD;NOR;TUR;USA;ZAF/indicator/VC.IHR.PSRC.P5?format=json&date=1996:2024&per_page=20000,"Intentional homicides (per 100,000 people)",sha256:e9a648c0c7b58588f02986817d1638cb82d3073ee9615c0bb8913cf6ee17339f,OFFICIAL_API,VERIFIED,,False,False,World Bank published intentional-homicide rate.,1.21691956283382
56a161b8-e029-4b4b-b139-57f7f1668d26,HARM,AUS,INTENTIONAL_HOMICIDE_RATE_PER_100K,1.2213046917262,PER_100K,2008-12-31,,2026-10-05T21:30:25.675437+00:00,World Bank API v2,https://api.worldbank.org/v2/country/AUS;BRA;CAN;CHE;DEU;ESP;FRA;GBR;GRC;IDN;IND;ITA;JPN;KOR;MEX;NLD;NOR;TUR;USA;ZAF/indicator/VC.IHR.PSRC.P5?format=json&date=1996:2024&per_page=20000,"Intentional homicides (per 100,000 people)",sha256:e9a648c0c7b58588f02986817d1638cb82d3073ee9615c0bb8913cf6ee17339f,OFFICIAL_API,VERIFIED,,False,False,World Bank published intentional-homicide rate.,1.2213046917262
ba2413a7-dfbf-4d40-8e75-35ea3462072c,HARM,AUS,INTENTIONAL_HOMICIDE_RATE_PER_100K,1.20736293068024,PER_100K,2009-12-31,,2026-10-05T21:30:25.675437+00:00,World Bank API v2,https://api.worldbank.org/v2/country/AUS;BRA;CAN;CHE;DEU;ESP;FRA;GBR;GRC;IDN;IND;ITA;JPN;KOR;MEX;NLD;NOR;TUR;USA;ZAF/indicator/VC.IHR.PSRC.P5?format=json&date=1996:2024&per_page=20000,"Intentional homicides (per 100,000 people)",sha256:e9a648c0c7b58588f02986817d1638cb82d3073ee9615c0bb8913cf6ee17339f,OFFICIAL_API,VERIFIED,,False,False,World Bank published intentional-homicide rate.,1.20736293068024
9f7c45d7-5f4d-4a62-b864-500976f17810,HARM,AUS,INTENTIONAL_HOMICIDE_RATE_PER_100K,1.04328595693519,PER_100K,2010-12-31,,2026-10-05T21:30:25.675437+00:00,World Bank API v2,https://api.worldbank.org/v2/country/AUS;BRA;CAN;CHE;DEU;ESP;FRA;GBR;GRC;IDN;IND;ITA;JPN;KOR;MEX;NLD;NOR;TUR;USA;ZAF/indicator/VC.IHR.PSRC.P5?format=json&date=1996:2024&per_page=20000,"Intentional homicides (per 100,000 people)",sha256:e9a648c0c7b58588f02986817d1638cb82d3073ee9615c0bb8913cf6ee17339f,OFFICIAL_API,VERIFIED,,False,False,World Bank published intentional-homicide rate.,1.04328595693519
2098ae57-f1a9-465b-ae95-3c4f153e0d36,HARM,AUS,INTENTIONAL_HOMICIDE_RATE_PER_100K,1.10321388892905,PER_100K,2011-12-31,,2026-10-05T21:30:25.675437+00:00,World Bank API v2,https://api.worldbank.org/v2/country/AUS;BRA;CAN;CHE;DEU;ESP;FRA;GBR;GRC;IDN;IND;ITA;JPN;KOR;MEX;NLD;NOR;TUR;USA;ZAF/indicator/VC.IHR.PSRC.P5?format=json&date=1996:2024&per_page=20000,"Intentional homicides (per 100,000 people)",sha256:e9a648c0c7b58588f02986817d1638cb82d3073ee9615c0bb8913cf6ee17339f,OFFICIAL_API,VERIFIED,,False,False,World Bank published intentional-homicide rate.,1.10321388892905
50159682-32a6-4185-a183-7edf1b201c2e,HARM,AUS,INTENTIONAL_HOMICIDE_RATE_PER_100K,1.06333429077178,PER_100K,2012-12-31,,2026-10-05T21:30:25.675437+00:00,World Bank API v2,https://api.worldbank.org/v2/country/AUS;BRA;CAN;CHE;DEU;ESP;FRA;GBR;GRC;IDN;IND;ITA;JPN;KOR;MEX;NLD;NOR;TUR;USA;ZAF/indicator/VC.IHR.PSRC.P5?format=json&date=1996:2024&per_page=20000,"Intentional homicides (per 100,000 people)",sha256:e9a648c0c7b58588f02986817d1638cb82d3073ee9615c0bb8913cf6ee17339f,OFFICIAL_API,VERIFIED,,False,False,World Bank published intentional-homicide rate.,1.06333429077178
2a2fa554-58d4-4677-8d9e-043ce44a7f98,HARM,AUS,INTENTIONAL_HOMICIDE_RATE_PER_100K,1.05438607284246,PER_100K,2013-12-31,,2026-10-05T21:30:25.675437+00:00,World Bank API v2,https://api.worldbank.org/v2/country/AUS;BRA;CAN;CHE;DEU;ESP;FRA;GBR;GRC;IDN;IND;ITA;JPN;KOR;MEX;NLD;NOR;TUR;USA;ZAF/indicator/VC.IHR.PSRC.P5?format=json&date=1996:2024&per_page=20000,"Intentional homicides (per 100,000 people)",sha256:e9a648c0c7b58588f02986817d1638cb82d3073ee9615c0bb8913cf6ee17339f,OFFICIAL_API,VERIFIED,,False,False,World Bank published intentional-homicide rate.,1.05438607284246
332fb73c-b3e2-4d95-bf26-8060e1734e8b,HARM,AUS,INTENTIONAL_HOMICIDE_RATE_PER_100K,1.02985300162206,PER_100K,2014-12-31,,2026-10-05T21:30:25.675437+00:00,World Bank API v2,https://api.worldbank.org/v2/country/AUS;BRA;CAN;CHE;DEU;ESP;FRA;GBR;GRC;IDN;IND;ITA;JPN;KOR;MEX;NLD;NOR;TUR;USA;ZAF/indicator/VC.IHR.PSRC.P5?format=json&date=1996:2024&per_page=20000,"Intentional homicides (per 100,000 people)",sha256:e9a648c0c7b58588f02986817d1638cb82d3073ee9615c0bb8913cf6ee17339f,OFFICIAL_API,VERIFIED,,False,False,World Bank published intentional-homicide rate.,1.02985300162206
4861fd6d-17f3-47e0-9582-ba0350417c3b,HARM,AUS,INTENTIONAL_HOMICIDE_RATE_PER_100K,0.985468432815397,PER_100K,2015-12-31,,2026-10-05T21:30:25.675437+00:00,World Bank API v2,https://api.worldbank.org/v2/country/AUS;BRA;CAN;CHE;DEU;ESP;FRA;GBR;GRC;IDN;IND;ITA;JPN;KOR;MEX;NLD;NOR;TUR;USA;ZAF/indicator/VC.IHR.PSRC.P5?format=json&date=1996:2024&per_page=20000,"Intentional homicides (per 100,000 people)",sha256:e9a648c0c7b58588f02986817d1638cb82d3073ee9615c0bb8913cf6ee17339f,OFFICIAL_API,VERIFIED,,False,False,World Bank published intentional-homicide rate.,0.985468432815397
b19793f5-d358-4ca3-b29b-d8a47f26654a,HARM,AUS,INTENTIONAL_HOMICIDE_RATE_PER_100K,0.933005940041915,PER_100K,2016-12-31,,2026-10-05T21:30:25.675437+00:00,World Bank API v2,https://api.worldbank.org/v2/country/AUS;BRA;CAN;CHE;DEU;ESP;FRA;GBR;GRC;IDN;IND;ITA;JPN;KOR;MEX;NLD;NOR;TUR;USA;ZAF/indicator/VC.IHR.PSRC.P5?format=json&date=1996:2024&per_page=20000,"Intentional homicides (per 100,000 people)",sha256:e9a648c0c7b58588f02986817d1638cb82d3073ee9615c0bb8913cf6ee17339f,OFFICIAL_API,VERIFIED,,False,False,World Bank published intentional-homicide rate.,0.933005940041915
d8189f13-ccd0-4bf0-b320-c32c517c57d9,HARM,AUS,INTENTIONAL_HOMICIDE_RATE_PER_100K,0.841048385412525,PER_100K,2017-12-31,,2026-10-05T21:30:25.675437+00:00,World Bank API v2,https://api.worldbank.org/v2/country/AUS;BRA;CAN;CHE;DEU;ESP;FRA;GBR;GRC;IDN;IND;ITA;JPN;KOR;MEX;NLD;NOR;TUR;USA;ZAF/indicator/VC.IHR.PSRC.P5?format=json&date=1996:2024&per_page=20000,"Intentional homicides (per 100,000 people)",sha256:e9a648c0c7b58588f02986817d1638cb82d3073ee9615c0bb8913cf6ee17339f,OFFICIAL_API,VERIFIED,,False,False,World Bank published intentional-homicide rate.,0.841048385412525
e1dc92a8-33d0-467e-9b17-693844158e64,HARM,AUS,INTENTIONAL_HOMICIDE_RATE_PER_100K,0.879787384450029,PER_100K,2018-12-31,,2026-10-05T21:30:25.675437+00:00,World Bank API v2,https://api.worldbank.org/v2/country/AUS;BRA;CAN;CHE;DEU;ESP;FRA;GBR;GRC;IDN;IND;ITA;JPN;KOR;MEX;NLD;NOR;TUR;USA;ZAF/indicator/VC.IHR.PSRC.P5?format=json&date=1996:2024&per_page=20000,"Intentional homicides (per 100,000 people)",sha256:e9a648c0c7b58588f02986817d1638cb82d3073ee9615c0bb8913cf6ee17339f,OFFICIAL_API,VERIFIED,,False,False,World Bank published intentional-homicide rate.,0.879787384450029
e8b349c2-9141-4631-86a9-2a9b24677f27,HARM,AUS,INTENTIONAL_HOMICIDE_RATE_PER_100K,0.882951478402183,PER_100K,2019-12-31,,2026-10-05T21:30:25.675437+00:00,World Bank API v2,https://api.worldbank.org/v2/country/AUS;BRA;CAN;CHE;DEU;ESP;FRA;GBR;GRC;IDN;IND;ITA;JPN;KOR;MEX;NLD;NOR;TUR;USA;ZAF/indicator/VC.IHR.PSRC.P5?format=json&date=1996:2024&per_page=20000,"Intentional homicides (per 100,000 people)",sha256:e9a648c0c7b58588f02986817d1638cb82d3073ee9615c0bb8913cf6ee17339f,OFFICIAL_API,VERIFIED,,False,False,World Bank published intentional-homicide rate.,0.882951478402183
ee4f8d7f-2e2f-4e6b-ab9f-62f65ae1f5e3,HARM,AUS,INTENTIONAL_HOMICIDE_RATE_PER_100K,0.858459424254959,PER_100K,2020-12-31,,2026-10-05T21:30:25.675437+00:00,World Bank API v2,https://api.worldbank.org/v2/country/AUS;BRA;CAN;CHE;DEU;ESP;FRA;GBR;GRC;IDN;IND;ITA;JPN;KOR;MEX;NLD;NOR;TUR;USA;ZAF/indicator/VC.IHR.PSRC.P5?format=json&date=1996:2024&per_page=20000,"Intentional homicides (per 100,000 people)",sha256:e9a648c0c7b58588f02986817d1638cb82d3073ee9615c0bb8913cf6ee17339f,OFFICIAL_API,VERIFIED,,False,False,World Bank published intentional-homicide rate.,0.858459424254959
538526f4-23ef-4090-9a83-4a0e3fd2f686,HARM,AUS,INTENTIONAL_HOMICIDE_RATE_PER_100K,0.743554074825619,PER_100K,2021-12-31,,2026-10-05T21:30:25.675437+00:00,World Bank API v2,https://api.worldbank.org/v2/country/AUS;BRA;CAN;CHE;DEU;ESP;FRA;GBR;GRC;IDN;IND;ITA;JPN;KOR;MEX;NLD;NOR;TUR;USA;ZAF/indicator/VC.IHR.PSRC.P5?format=json&date=1996:2024&per_page=20000,"Intentional homicides (per 100,000 people)",sha256:e9a648c0c7b58588f02986817d1638cb82d3073ee9615c0bb8913cf6ee17339f,OFFICIAL_API,VERIFIED,,False,False,World Bank published intentional-homicide rate.,0.743554074825619
7381102e-ef21-4a6e-9ea4-58be3d43cb00,HARM,AUS,INTENTIONAL_HOMICIDE_RATE_PER_100K,0.839663105025691,PER_100K,2022-12-31,,2026-10-05T21:30:25.675437+00:00,World Bank API v2,https://api.worldbank.org/v2/country/AUS;BRA;CAN;CHE;DEU;ESP;FRA;GBR;GRC;IDN;IND;ITA;JPN;KOR;MEX;NLD;NOR;TUR;USA;ZAF/indicator/VC.IHR.PSRC.P5?format=json&date=1996:2024&per_page=20000,"Intentional homicides (per 100,000 people)",sha256:e9a648c0c7b58588f02986817d1638cb82d3073ee9615c0bb8913cf6ee17339f,OFFICIAL_API,VERIFIED,,False,False,World Bank published intentional-homicide rate.,0.839663105025691
69cf6e53-e03b-4608-9688-8a8f3536f83d,HARM,AUS,INTENTIONAL_HOMICIDE_RATE_PER_100K,0.854406035826682,PER_100K,2023-12-31,,2026-10-05T21:30:25.675437+00:00,World Bank API v2,https://api.worldbank.org/v2/country/AUS;BRA;CAN;CHE;DEU;ESP;FRA;GBR;GRC;IDN;IND;ITA;JPN;KOR;MEX;NLD;NOR;TUR;USA;ZAF/indicator/VC.IHR.PSRC.P5?format=json&date=1996:2024&per_page=20000,"Intentional homicides (per 100,000 people)",sha256:e9a648c0c7b58588f02986817d1638cb82d3073ee9615c0bb8913cf6ee17339f,OFFICIAL_API,VERIFIED,,False,False,World Bank published intentional-homicide rate.,0.854406035826682
38e2adeb-e45c-4035-9b13-00927349422e,HARM,AUS,INTENTIONAL_HOMICIDE_RATE_PER_100K,,PER_100K,2024-12-31,,2026-10-05T21:30:25.679442+00:00,NO_SOURCE_VALUE,,No source value retrieved,,UNAVAILABLE,UNAVAILABLE,SOURCE_HAS_NO_VALUE_FOR_COUNTRY_YEAR,False,False,World Bank published intentional-homicide rate.,
a39c8ab5-a11d-4516-9b4d-bae28c7238fc,HARM,BRA,INTENTIONAL_HOMICIDE_RATE_PER_100K,23.6865994083929,PER_100K,1996-12-31,,2026-10-05T21:30:25.675437+00:00,World Bank API v2,https://api.worldbank.org/v2/country/AUS;BRA;CAN;CHE;DEU;ESP;FRA;GBR;GRC;IDN;IND;ITA;JPN;KOR;MEX;NLD;NOR;TUR;USA;ZAF/indicator/VC.IHR.PSRC.P5?format=json&date=1996:2024&per_page=20000,"Intentional homicides (per 100,000 people)",sha256:e9a648c0c7b58588f02986817d1638cb82d3073ee9615c0bb8913cf6ee17339f,OFFICIAL_API,VERIFIED,,False,False,World Bank published intentional-homicide rate.,23.6865994083929
be7e4585-4c7d-4b0f-b1e7-512d4f4bc420,HARM,BRA,INTENTIONAL_HOMICIDE_RATE_PER_100K,24.3049302659348,PER_100K,1997-12-31,,2026-10-05T21:30:25.675437+00:00,World Bank API v2,https://api.worldbank.org/v2/country/AUS;BRA;CAN;CHE;DEU;ESP;FRA;GBR;GRC;IDN;IND;ITA;JPN;KOR;MEX;NLD;NOR;TUR;USA;ZAF/indicator/VC.IHR.PSRC.P5?format=json&date=1996:2024&per_page=20000,"Intentional homicides (per 100,000 people)",sha256:e9a648c0c7b58588f02986817d1638cb82d3073ee9615c0bb8913cf6ee17339f,OFFICIAL_API,VERIFIED,,False,False,World Bank published intentional-homicide rate.,24.3049302659348
0ce23e44-137f-4667-b3b6-cdcec0453c1c,HARM,BRA,INTENTIONAL_HOMICIDE_RATE_PER_100K,24.7990574348239,PER_100K,1998-12-31,,2026-10-05T21:30:25.675437+00:00,World Bank API v2,https://api.worldbank.org/v2/country/AUS;BRA;CAN;CHE;DEU;ESP;FRA;GBR;GRC;IDN;IND;ITA;JPN;KOR;MEX;NLD;NOR;TUR;USA;ZAF/indicator/VC.IHR.PSRC.P5?format=json&date=1996:2024&per_page=20000,"Intentional homicides (per 100,000 people)",sha256:e9a648c0c7b58588f02986817d1638cb82d3073ee9615c0bb8913cf6ee17339f,OFFICIAL_API,VERIFIED,,False,False,World Bank published intentional-homicide rate.,24.7990574348239
58a11683-50cb-41bc-9da2-6da3edc48ff6,HARM,BRA,INTENTIONAL_HOMICIDE_RATE_PER_100K,25.0021056965213,PER_100K,1999-12-31,,2026-10-05T21:30:25.675437+00:00,World Bank API v2,https://api.worldbank.org/v2/country/AUS;BRA;CAN;CHE;DEU;ESP;FRA;GBR;GRC;IDN;IND;ITA;JPN;KOR;MEX;NLD;NOR;TUR;USA;ZAF/indicator/VC.IHR.PSRC.P5?format=json&date=1996:2024&per_page=20000,"Intentional homicides (per 100,000 people)",sha256:e9a648c0c7b58588f02986817d1638cb82d3073ee9615c0bb8913cf6ee17339f,OFFICIAL_API,VERIFIED,,False,False,World Bank published intentional-homicide rate.,25.0021056965213
1b03ddbb-8a8d-4f51-bb6d-edd2bd6516a0,HARM,BRA,INTENTIONAL_HOMICIDE_RATE_PER_100K,26.0748466246634,PER_100K,2000-12-31,,2026-10-05T21:30:25.675437+00:00,World Bank API v2,https://api.worldbank.org/v2/country/AUS;BRA;CAN;CHE;DEU;ESP;FRA;GBR;GRC;IDN;IND;ITA;JPN;KOR;MEX;NLD;NOR;TUR;USA;ZAF/indicator/VC.IHR.PSRC.P5?format=json&date=1996:2024&per_page=20000,"Intentional homicides (per 100,000 people)",sha256:e9a648c0c7b58588f02986817d1638cb82d3073ee9615c0bb8913cf6ee17339f,OFFICIAL_API,VERIFIED,,False,False,World Bank published intentional-homicide rate.,26.0748466246634
968833c7-290d-4efe-9f99-7f04b9c250d3,HARM,BRA,INTENTIONAL_HOMICIDE_RATE_PER_100K,27.2006084949971,PER_100K,2001-12-31,,2026-10-05T21:30:25.675437+00:00,World Bank API v2,https://api.worldbank.org/v2/country/AUS;BRA;CAN;CHE;DEU;ESP;FRA;GBR;GRC;IDN;IND;ITA;JPN;KOR;MEX;NLD;NOR;TUR;USA;ZAF/indicator/VC.IHR.PSRC.P5?format=json&date=1996:2024&per_page=20000,"Intentional homicides (per 100,000 people)",sha256:e9a648c0c7b58588f02986817d1638cb82d3073ee9615c0bb8913cf6ee17339f,OFFICIAL_API,VERIFIED,,False,False,World Bank published intentional-homicide rate.,27.2006084949971
cdba6a0f-8eb6-4552-8fad-eca686e1759b,HARM,BRA,INTENTIONAL_HOMICIDE_RATE_PER_100K,27.848196026942,PER_100K,2002-12-31,,2026-10-05T21:30:25.675437+00:00,World Bank API v2,https://api.worldbank.org/v2/country/AUS;BRA;CAN;CHE;DEU;ESP;FRA;GBR;GRC;IDN;IND;ITA;JPN;KOR;MEX;NLD;NOR;TUR;USA;ZAF/indicator/VC.IHR.PSRC.P5?format=json&date=1996:2024&per_page=20000,"Intentional homicides (per 100,000 people)",sha256:e9a648c0c7b58588f02986817d1638cb82d3073ee9615c0bb8913cf6ee17339f,OFFICIAL_API,VERIFIED,,False,False,World Bank published intentional-homicide rate.,27.848196026942
bb17dd05-e7a3-4e21-8d59-0c3f2e4cc4cb,HARM,BRA,INTENTIONAL_HOMICIDE_RATE_PER_100K,28.2710884352715,PER_100K,2003-12-31,,2026-10-05T21:30:25.675437+00:00,World Bank API v2,https://api.worldbank.org/v2/country/AUS;BRA;CAN;CHE;DEU;ESP;FRA;GBR;GRC;IDN;IND;ITA;JPN;KOR;MEX;NLD;NOR;TUR;USA;ZAF/indicator/VC.IHR.PSRC.P5?format=json&date=1996:2024&per_page=20000,"Intentional homicides (per 100,000 people)",sha256:e9a648c0c7b58588f02986817d1638cb82d3073ee9615c0bb8913cf6ee17339f,OFFICIAL_API,VERIFIED,,False,False,World Bank published intentional-homicide rate.,28.2710884352715
1898766b-6e95-45b3-9a67-fb4ffd0c7fb8,HARM,BRA,INTENTIONAL_HOMICIDE_RATE_PER_100K,26.4918363852054,PER_100K,2004-12-31,,2026-10-05T21:30:25.675437+00:00,World Bank API v2,https://api.worldbank.org/v2/country/AUS;BRA;CAN;CHE;DEU;ESP;FRA;GBR;GRC;IDN;IND;ITA;JPN;KOR;MEX;NLD;NOR;TUR;USA;ZAF/indicator/VC.IHR.PSRC.P5?format=json&date=1996:2024&per_page=20000,"Intentional homicides (per 100,000 people)",sha256:e9a648c0c7b58588f02986817d1638cb82d3073ee9615c0bb8913cf6ee17339f,OFFICIAL_API,VERIFIED,,False,False,World Bank published intentional-homicide rate.,26.4918363852054
cd3c9134-440f-4339-b6a0-0969a08792dd,HARM,BRA,INTENTIONAL_HOMICIDE_RATE_PER_100K,25.7693915381983,PER_100K,2005-12-31,,2026-10-05T21:30:25.675437+00:00,World Bank API v2,https://api.worldbank.org/v2/country/AUS;BRA;CAN;CHE;DEU;ESP;FRA;GBR;GRC;IDN;IND;ITA;JPN;KOR;MEX;NLD;NOR;TUR;USA;ZAF/indicator/VC.IHR.PSRC.P5?format=json&date=1996:2024&per_page=20000,"Intentional homicides (per 100,000 people)",sha256:e9a648c0c7b58588f02986817d1638cb82d3073ee9615c0bb8913cf6ee17339f,OFFICIAL_API,VERIFIED,,False,False,World Bank published intentional-homicide rate.,25.7693915381983
bfbe06e8-f216-41d6-9d15-aaf347648d34,HARM,BRA,INTENTIONAL_HOMICIDE_RATE_PER_100K,26.3403064568888,PER_100K,2006-12-31,,2026-10-05T21:30:25.675437+00:00,World Bank API v2,https://api.worldbank.org/v2/country/AUS;BRA;CAN;CHE;DEU;ESP;FRA;GBR;GRC;IDN;IND;ITA;JPN;KOR;MEX;NLD;NOR;TUR;USA;ZAF/indicator/VC.IHR.PSRC.P5?format=json&date=1996:2024&per_page=20000,"Intentional homicides (per 100,000 people)",sha256:e9a648c0c7b58588f02986817d1638cb82d3073ee9615c0bb8913cf6ee17339f,OFFICIAL_API,VERIFIED,,False,False,World Bank published intentional-homicide rate.,26.3403064568888
5556f00b-1c0c-4721-8e90-4f8f58237f47,HARM,BRA,INTENTIONAL_HOMICIDE_RATE_PER_100K,25.3144591379199,PER_100K,2007-12-31,,2026-10-05T21:30:25.675437+00:00,World Bank API v2,https://api.worldbank.org/v2/country/AUS;BRA;CAN;CHE;DEU;ESP;FRA;GBR;GRC;IDN;IND;ITA;JPN;KOR;MEX;NLD;NOR;TUR;USA;ZAF/indicator/VC.IHR.PSRC.P5?format=json&date=1996:2024&per_page=20000,"Intentional homicides (per 100,000 people)",sha256:e9a648c0c7b58588f02986817d1638cb82d3073ee9615c0bb8913cf6ee17339f,OFFICIAL_API,VERIFIED,,False,False,World Bank published intentional-homicide rate.,25.3144591379199
91157f77-3eb6-4aaa-b6aa-b5a244fd9975,HARM,BRA,INTENTIONAL_HOMICIDE_RATE_PER_100K,26.3359303856077,PER_100K,2008-12-31,,2026-10-05T21:30:25.675437+00:00,World Bank API v2,https://api.worldbank.org/v2/country/AUS;BRA;CAN;CHE;DEU;ESP;FRA;GBR;GRC;IDN;IND;ITA;JPN;KOR;MEX;NLD;NOR;TUR;USA;ZAF/indicator/VC.IHR.PSRC.P5?format=json&date=1996:2024&per_page=20000,"Intentional homicides (per 100,000 people)",sha256:e9a648c0c7b58588f02986817d1638cb82d3073ee9615c0bb8913cf6ee17339f,OFFICIAL_API,VERIFIED,,False,False,World Bank published intentional-homicide rate.,26.3359303856077
754dda57-cfa6-48ad-b265-ce5229358ad5,HARM,BRA,INTENTIONAL_HOMICIDE_RATE_PER_100K,26.7914479705158,PER_100K,2009-12-31,,2026-10-05T21:30:25.675437+00:00,World Bank API v2,https://api.worldbank.org/v2/country/AUS;BRA;CAN;CHE;DEU;ESP;FRA;GBR;GRC;IDN;IND;ITA;JPN;KOR;MEX;NLD;NOR;TUR;USA;ZAF/indicator/VC.IHR.PSRC.P5?format=json&date=1996:2024&per_page=20000,"Intentional homicides (per 100,000 people)",sha256:e9a648c0c7b58588f02986817d1638cb82d3073ee9615c0bb8913cf6ee17339f,OFFICIAL_API,VERIFIED,,False,False,World Bank published intentional-homicide rate.,26.7914479705158
864e895e-2dcc-425b-b557-dac65ae3a395,HARM,BRA,INTENTIONAL_HOMICIDE_RATE_PER_100K,26.9945684769237,PER_100K,2010-12-31,,2026-10-05T21:30:25.675437+00:00,World Bank API v2,https://api.worldbank.org/v2/country/AUS;BRA;CAN;CHE;DEU;ESP;FRA;GBR;GRC;IDN;IND;ITA;JPN;KOR;MEX;NLD;NOR;TUR;USA;ZAF/indicator/VC.IHR.PSRC.P5?format=json&date=1996:2024&per_page=20000,"Intentional homicides (per 100,000 people)",sha256:e9a648c0c7b58588f02986817d1638cb82d3073ee9615c0bb8913cf6ee17339f,OFFICIAL_API,VERIFIED,,False,False,World Bank published intentional-homicide rate.,26.9945684769237
474715d4-375d-4d19-a224-dead865e8592,HARM,BRA,INTENTIONAL_HOMICIDE_RATE_PER_100K,26.7470983503833,PER_100K,2011-12-31,,2026-10-05T21:30:25.675437+00:00,World Bank API v2,https://api.worldbank.org/v2/country/AUS;BRA;CAN;CHE;DEU;ESP;FRA;GBR;GRC;IDN;IND;ITA;JPN;KOR;MEX;NLD;NOR;TUR;USA;ZAF/indicator/VC.IHR.PSRC.P5?format=json&date=1996:2024&per_page=20000,"Intentional homicides (per 100,000 people)",sha256:e9a648c0c7b58588f02986817d1638cb82d3073ee9615c0bb8913cf6ee17339f,OFFICIAL_API,VERIFIED,,False,False,World Bank published intentional-homicide rate.,26.7470983503833
a07cf684-6443-470b-a94a-f0d028f5186d,HARM,BRA,INTENTIONAL_HOMICIDE_RATE_PER_100K,28.6413621085766,PER_100K,2012-12-31,,2026-10-05T21:30:25.675437+00:00,World Bank API v2,https://api.worldbank.org/v2/country/AUS;BRA;CAN;CHE;DEU;ESP;FRA;GBR;GRC;IDN;IND;ITA;JPN;KOR;MEX;NLD;NOR;TUR;USA;ZAF/indicator/VC.IHR.PSRC.P5?format=json&date=1996:2024&per_page=20000,"Intentional homicides (per 100,000 people)",sha256:e9a648c0c7b58588f02986817d1638cb82d3073ee9615c0bb8913cf6ee17339f,OFFICIAL_API,VERIFIED,,False,False,World Bank published intentional-homicide rate.,28.6413621085766
1e13f0ec-12fd-44d0-99b7-dc11dd33fbb3,HARM,BRA,INTENTIONAL_HOMICIDE_RATE_PER_100K,28.6404106359245,PER_100K,2013-12-31,,2026-10-05T21:30:25.675437+00:00,World Bank API v2,https://api.worldbank.org/v2/country/AUS;BRA;CAN;CHE;DEU;ESP;FRA;GBR;GRC;IDN;IND;ITA;JPN;KOR;MEX;NLD;NOR;TUR;USA;ZAF/indicator/VC.IHR.PSRC.P5?format=json&date=1996:2024&per_page=20000,"Intentional homicides (per 100,000 people)",sha256:e9a648c0c7b58588f02986817d1638cb82d3073ee9615c0bb8913cf6ee17339f,OFFICIAL_API,VERIFIED,,False,False,World Bank published intentional-homicide rate.,28.6404106359245
d4c91057-cc1a-4203-a389-72a9f6964d91,HARM,BRA,INTENTIONAL_HOMICIDE_RATE_PER_100K,29.8537931807395,PER_100K,2014-12-31,,2026-10-05T21:30:25.675437+00:00,World Bank API v2,https://api.worldbank.org/v2/country/AUS;BRA;CAN;CHE;DEU;ESP;FRA;GBR;GRC;IDN;IND;ITA;JPN;KOR;MEX;NLD;NOR;TUR;USA;ZAF/indicator/VC.IHR.PSRC.P5?format=json&date=1996:2024&per_page=20000,"Intentional homicides (per 100,000 people)",sha256:e9a648c0c7b58588f02986817d1638cb82d3073ee9615c0bb8913cf6ee17339f,OFFICIAL_API,VERIFIED,,False,False,World Bank published intentional-homicide rate.,29.8537931807395
b3c84045-43c9-4861-b4bb-0c894bbc8962,HARM,BRA,INTENTIONAL_HOMICIDE_RATE_PER_100K,28.8503019791216,PER_100K,2015-12-31,,2026-10-05T21:30:25.675437+00:00,World Bank API v2,https://api.worldbank.org/v2/country/AUS;BRA;CAN;CHE;DEU;ESP;FRA;GBR;GRC;IDN;IND;ITA;JPN;KOR;MEX;NLD;NOR;TUR;USA;ZAF/indicator/VC.IHR.PSRC.P5?format=json&date=1996:2024&per_page=20000,"Intentional homicides (per 100,000 people)",sha256:e9a648c0c7b58588f02986817d1638cb82d3073ee9615c0bb8913cf6ee17339f,OFFICIAL_API,VERIFIED,,False,False,World Bank published intentional-homicide rate.,28.8503019791216
a140882b-7fe4-47b2-b0ee-1ccc97b4fc82,HARM,BRA,INTENTIONAL_HOMICIDE_RATE_PER_100K,30.1193623667804,PER_100K,2016-12-31,,2026-10-05T21:30:25.675437+00:00,World Bank API v2,https://api.worldbank.org/v2/country/AUS;BRA;CAN;CHE;DEU;ESP;FRA;GBR;GRC;IDN;IND;ITA;JPN;KOR;MEX;NLD;NOR;TUR;USA;ZAF/indicator/VC.IHR.PSRC.P5?format=json&date=1996:2024&per_page=20000,"Intentional homicides (per 100,000 people)",sha256:e9a648c0c7b58588f02986817d1638cb82d3073ee9615c0bb8913cf6ee17339f,OFFICIAL_API,VERIFIED,,False,False,World Bank published intentional-homicide rate.,30.1193623667804
b95d3755-9514-496f-863f-7192ea83c5f3,HARM,BRA,INTENTIONAL_HOMICIDE_RATE_PER_100K,31.1611756216413,PER_100K,2017-12-31,,2026-10-05T21:30:25.675437+00:00,World Bank API v2,https://api.worldbank.org/v2/country/AUS;BRA;CAN;CHE;DEU;ESP;FRA;GBR;GRC;IDN;IND;ITA;JPN;KOR;MEX;NLD;NOR;TUR;USA;ZAF/indicator/VC.IHR.PSRC.P5?format=json&date=1996:2024&per_page=20000,"Intentional homicides (per 100,000 people)",sha256:e9a648c0c7b58588f02986817d1638cb82d3073ee9615c0bb8913cf6ee17339f,OFFICIAL_API,VERIFIED,,False,False,World Bank published intentional-homicide rate.,31.1611756216413
85e8ff1f-3393-4ef0-a102-6e52e46948e3,HARM,BRA,INTENTIONAL_HOMICIDE_RATE_PER_100K,27.1606152370358,PER_100K,2018-12-31,,2026-10-05T21:30:25.675437+00:00,World Bank API v2,https://api.worldbank.org/v2/country/AUS;BRA;CAN;CHE;DEU;ESP;FRA;GBR;GRC;IDN;IND;ITA;JPN;KOR;MEX;NLD;NOR;TUR;USA;ZAF/indicator/VC.IHR.PSRC.P5?format=json&date=1996:2024&per_page=20000,"Intentional homicides (per 100,000 people)",sha256:e9a648c0c7b58588f02986817d1638cb82d3073ee9615c0bb8913cf6ee17339f,OFFICIAL_API,VERIFIED,,False,False,World Bank published intentional-homicide rate.,27.1606152370358
4aff28fb-76a4-4def-9312-68f2dc47b96c,HARM,BRA,INTENTIONAL_HOMICIDE_RATE_PER_100K,21.2445602088385,PER_100K,2019-12-31,,2026-10-05T21:30:25.675437+00:00,World Bank API v2,https://api.worldbank.org/v2/country/AUS;BRA;CAN;CHE;DEU;ESP;FRA;GBR;GRC;IDN;IND;ITA;JPN;KOR;MEX;NLD;NOR;TUR;USA;ZAF/indicator/VC.IHR.PSRC.P5?format=json&date=1996:2024&per_page=20000,"Intentional homicides (per 100,000 people)",sha256:e9a648c0c7b58588f02986817d1638cb82d3073ee9615c0bb8913cf6ee17339f,OFFICIAL_API,VERIFIED,,False,False,World Bank published intentional-homicide rate.,21.2445602088385
5306f3b0-80f5-4070-ac94-b2ae5c1f0bba,HARM,BRA,INTENTIONAL_HOMICIDE_RATE_PER_100K,21.8129091470528,PER_100K,2020-12-31,,2026-10-05T21:30:25.675437+00:00,World Bank API v2,https://api.worldbank.org/v2/country/AUS;BRA;CAN;CHE;DEU;ESP;FRA;GBR;GRC;IDN;IND;ITA;JPN;KOR;MEX;NLD;NOR;TUR;USA;ZAF/indicator/VC.IHR.PSRC.P5?format=json&date=1996:2024&per_page=20000,"Intentional homicides (per 100,000 people)",sha256:e9a648c0c7b58588f02986817d1638cb82d3073ee9615c0bb8913cf6ee17339f,OFFICIAL_API,VERIFIED,,False,False,World Bank published intentional-homicide rate.,21.8129091470528
4940f2c9-d37f-4236-80d7-c410a312d76d,HARM,BRA,INTENTIONAL_HOMICIDE_RATE_PER_100K,20.5048626655709,PER_100K,2021-12-31,,2026-10-05T21:30:25.675437+00:00,World Bank API v2,https://api.worldbank.org/v2/country/AUS;BRA;CAN;CHE;DEU;ESP;FRA;GBR;GRC;IDN;IND;ITA;JPN;KOR;MEX;NLD;NOR;TUR;USA;ZAF/indicator/VC.IHR.PSRC.P5?format=json&date=1996:2024&per_page=20000,"Intentional homicides (per 100,000 people)",sha256:e9a648c0c7b58588f02986817d1638cb82d3073ee9615c0bb8913cf6ee17339f,OFFICIAL_API,VERIFIED,,False,False,World Bank published intentional-homicide rate.,20.5048626655709
da805a63-fe20-4b4e-9c93-da452579e1d6,HARM,BRA,INTENTIONAL_HOMICIDE_RATE_PER_100K,20.0811754127452,PER_100K,2022-12-31,,2026-10-05T21:30:25.675437+00:00,World Bank API v2,https://api.worldbank.org/v2/country/AUS;BRA;CAN;CHE;DEU;ESP;FRA;GBR;GRC;IDN;IND;ITA;JPN;KOR;MEX;NLD;NOR;TUR;USA;ZAF/indicator/VC.IHR.PSRC.P5?format=json&date=1996:2024&per_page=20000,"Intentional homicides (per 100,000 people)",sha256:e9a648c0c7b58588f02986817d1638cb82d3073ee9615c0bb8913cf6ee17339f,OFFICIAL_API,VERIFIED,,False,False,World Bank published intentional-homicide rate.,20.0811754127452
ebf1b8cd-3b54-42b7-afdc-5d65174d97ab,HARM,BRA,INTENTIONAL_HOMICIDE_RATE_PER_100K,19.2752957673079,PER_100K,2023-12-31,,2026-10-05T21:30:25.675437+00:00,World Bank API v2,https://api.worldbank.org/v2/country/AUS;BRA;CAN;CHE;DEU;ESP;FRA;GBR;GRC;IDN;IND;ITA;JPN;KOR;MEX;NLD;NOR;TUR;USA;ZAF/indicator/VC.IHR.PSRC.P5?format=json&date=1996:2024&per_page=20000,"Intentional homicides (per 100,000 people)",sha256:e9a648c0c7b58588f02986817d1638cb82d3073ee9615c0bb8913cf6ee17339f,OFFICIAL_API,VERIFIED,,False,False,World Bank published intentional-homicide rate.,19.2752957673079
404efbd0-e84d-4137-a7d3-e0119410f833,HARM,BRA,INTENTIONAL_HOMICIDE_RATE_PER_100K,,PER_100K,2024-12-31,,2026-10-05T21:30:25.682966+00:00,NO_SOURCE_VALUE,,No source value retrieved,,UNAVAILABLE,UNAVAILABLE,SOURCE_HAS_NO_VALUE_FOR_COUNTRY_YEAR,False,False,World Bank published intentional-homicide rate.,
2f19df46-d1db-41a7-ae73-4d0b6e236efe,HARM,CAN,INTENTIONAL_HOMICIDE_RATE_PER_100K,2.12986066159284,PER_100K,1996-12-31,,2026-10-05T21:30:25.675437+00:00,World Bank API v2,https://api.worldbank.org/v2/country/AUS;BRA;CAN;CHE;DEU;ESP;FRA;GBR;GRC;IDN;IND;ITA;JPN;KOR;MEX;NLD;NOR;TUR;USA;ZAF/indicator/VC.IHR.PSRC.P5?format=json&date=1996:2024&per_page=20000,"Intentional homicides (per 100,000 people)",sha256:e9a648c0c7b58588f02986817d1638cb82d3073ee9615c0bb8913cf6ee17339f,OFFICIAL_API,VERIFIED,,False,False,World Bank published intentional-homicide rate.,2.12986066159284
998e6459-39f4-4189-9425-8f79f10f5e74,HARM,CAN,INTENTIONAL_HOMICIDE_RATE_PER_100K,1.94949354586228,PER_100K,1997-12-31,,2026-10-05T21:30:25.675437+00:00,World Bank API v2,https://api.worldbank.org/v2/country/AUS;BRA;CAN;CHE;DEU;ESP;FRA;GBR;GRC;IDN;IND;ITA;JPN;KOR;MEX;NLD;NOR;TUR;USA;ZAF/indicator/VC.IHR.PSRC.P5?format=json&date=1996:2024&per_page=20000,"Intentional homicides (per 100,000 people)",sha256:e9a648c0c7b58588f02986817d1638cb82d3073ee9615c0bb8913cf6ee17339f,OFFICIAL_API,VERIFIED,,False,False,World Bank published intentional-homicide rate.,1.94949354586228
447baa7e-fc85-40b4-9ff7-b0928c2d7b3d,HARM,CAN,INTENTIONAL_HOMICIDE_RATE_PER_100K,1.84306153027948,PER_100K,1998-12-31,,2026-10-05T21:30:25.675437+00:00,World Bank API v2,https://api.worldbank.org/v2/country/AUS;BRA;CAN;CHE;DEU;ESP;FRA;GBR;GRC;IDN;IND;ITA;JPN;KOR;MEX;NLD;NOR;TUR;USA;ZAF/indicator/VC.IHR.PSRC.P5?format=json&date=1996:2024&per_page=20000,"Intentional homicides (per 100,000 people)",sha256:e9a648c0c7b58588f02986817d1638cb82d3073ee9615c0bb8913cf6ee17339f,OFFICIAL_API,VERIFIED,,False,False,World Bank published intentional-homicide rate.,1.84306153027948
c6a6c9f2-c5cb-4f04-a113-6730fd6600a8,HARM,CAN,INTENTIONAL_HOMICIDE_RATE_PER_100K,1.76146925228784,PER_100K,1999-12-31,,2026-10-05T21:30:25.675437+00:00,World Bank API v2,https://api.worldbank.org/v2/country/AUS;BRA;CAN;CHE;DEU;ESP;FRA;GBR;GRC;IDN;IND;ITA;JPN;KOR;MEX;NLD;NOR;TUR;USA;ZAF/indicator/VC.IHR.PSRC.P5?format=json&date=1996:2024&per_page=20000,"Intentional homicides (per 100,000 people)",sha256:e9a648c0c7b58588f02986817d1638cb82d3073ee9615c0bb8913cf6ee17339f,OFFICIAL_API,VERIFIED,,False,False,World Bank published intentional-homicide rate.,1.76146925228784
2d342c85-7fce-492b-ac06-d265153bb671,HARM,CAN,INTENTIONAL_HOMICIDE_RATE_PER_100K,1.76745915413225,PER_100K,2000-12-31,,2026-10-05T21:30:25.675437+00:00,World Bank API v2,https://api.worldbank.org/v2/country/AUS;BRA;CAN;CHE;DEU;ESP;FRA;GBR;GRC;IDN;IND;ITA;JPN;KOR;MEX;NLD;NOR;TUR;USA;ZAF/indicator/VC.IHR.PSRC.P5?format=json&date=1996:2024&per_page=20000,"Intentional homicides (per 100,000 people)",sha256:e9a648c0c7b58588f02986817d1638cb82d3073ee9615c0bb8913cf6ee17339f,OFFICIAL_API,VERIFIED,,False,False,World Bank published intentional-homicide rate.,1.76745915413225
5c72b515-a416-4879-9640-e9cafcfe17bd,HARM,CAN,INTENTIONAL_HOMICIDE_RATE_PER_100K,1.77486867333404,PER_100K,2001-12-31,,2026-10-05T21:30:25.675437+00:00,World Bank API v2,https://api.worldbank.org/v2/country/AUS;BRA;CAN;CHE;DEU;ESP;FRA;GBR;GRC;IDN;IND;ITA;JPN;KOR;MEX;NLD;NOR;TUR;USA;ZAF/indicator/VC.IHR.PSRC.P5?format=json&date=1996:2024&per_page=20000,"Intentional homicides (per 100,000 people)",sha256:e9a648c0c7b58588f02986817d1638cb82d3073ee9615c0bb8913cf6ee17339f,OFFICIAL_API,VERIFIED,,False,False,World Bank published intentional-homicide rate.,1.77486867333404
d62150c9-95c4-4113-b279-d41eecf20d09,HARM,CAN,INTENTIONAL_HOMICIDE_RATE_PER_100K,1.84553461879682,PER_100K,2002-12-31,,2026-10-05T21:30:25.675437+00:00,World Bank API v2,https://api.worldbank.org/v2/country/AUS;BRA;CAN;CHE;DEU;ESP;FRA;GBR;GRC;IDN;IND;ITA;JPN;KOR;MEX;NLD;NOR;TUR;USA;ZAF/indicator/VC.IHR.PSRC.P5?format=json&date=1996:2024&per_page=20000,"Intentional homicides (per 100,000 people)",sha256:e9a648c0c7b58588f02986817d1638cb82d3073ee9615c0bb8913cf6ee17339f,OFFICIAL_API,VERIFIED,,False,False,World Bank published intentional-homicide rate.,1.84553461879682
10e81768-4b34-4b32-8704-37ecdedd9eaa,HARM,CAN,INTENTIONAL_HOMICIDE_RATE_PER_100K,1.72443676408719,PER_100K,2003-12-31,,2026-10-05T21:30:25.675437+00:00,World Bank API v2,https://api.worldbank.org/v2/country/AUS;BRA;CAN;CHE;DEU;ESP;FRA;GBR;GRC;IDN;IND;ITA;JPN;KOR;MEX;NLD;NOR;TUR;USA;ZAF/indicator/VC.IHR.PSRC.P5?format=json&date=1996:2024&per_page=20000,"Intentional homicides (per 100,000 people)",sha256:e9a648c0c7b58588f02986817d1638cb82d3073ee9615c0bb8913cf6ee17339f,OFFICIAL_API,VERIFIED,,False,False,World Bank published intentional-homicide rate.,1.72443676408719
d52a1cb5-c8de-4a23-a9b4-58db65001e34,HARM,CAN,INTENTIONAL_HOMICIDE_RATE_PER_100K,1.9450604450874,PER_100K,2004-12-31,,2026-10-05T21:30:25.675437+00:00,World Bank API v2,https://api.worldbank.org/v2/country/AUS;BRA;CAN;CHE;DEU;ESP;FRA;GBR;GRC;IDN;IND;ITA;JPN;KOR;MEX;NLD;NOR;TUR;USA;ZAF/indicator/VC.IHR.PSRC.P5?format=json&date=1996:2024&per_page=20000,"Intentional homicides (per 100,000 people)",sha256:e9a648c0c7b58588f02986817d1638cb82d3073ee9615c0bb8913cf6ee17339f,OFFICIAL_API,VERIFIED,,False,False,World Bank published intentional-homicide rate.,1.9450604450874
787f3d9c-560e-44b1-8eed-b80a39d84e27,HARM,CAN,INTENTIONAL_HOMICIDE_RATE_PER_100K,2.04684481799773,PER_100K,2005-12-31,,2026-10-05T21:30:25.675437+00:00,World Bank API v2,https://api.worldbank.org/v2/country/AUS;BRA;CAN;CHE;DEU;ESP;FRA;GBR;GRC;IDN;IND;ITA;JPN;KOR;MEX;NLD;NOR;TUR;USA;ZAF/indicator/VC.IHR.PSRC.P5?format=json&date=1996:2024&per_page=20000,"Intentional homicides (per 100,000 people)",sha256:e9a648c0c7b58588f02986817d1638cb82d3073ee9615c0bb8913cf6ee17339f,OFFICIAL_API,VERIFIED,,False,False,World Bank published intentional-homicide rate.,2.04684481799773
b106e71c-729b-481e-b9db-5a32608ee6eb,HARM,CAN,INTENTIONAL_HOMICIDE_RATE_PER_100K,1.85596882167745,PER_100K,2006-12-31,,2026-10-05T21:30:25.675437+00:00,World Bank API v2,https://api.worldbank.org/v2/country/AUS;BRA;CAN;CHE;DEU;ESP;FRA;GBR;GRC;IDN;IND;ITA;JPN;KOR;MEX;NLD;NOR;TUR;USA;ZAF/indicator/VC.IHR.PSRC.P5?format=json&date=1996:2024&per_page=20000,"Intentional homicides (per 100,000 people)",sha256:e9a648c0c7b58588f02986817d1638cb82d3073ee9615c0bb8913cf6ee17339f,OFFICIAL_API,VERIFIED,,False,False,World Bank published intentional-homicide rate.,1.85596882167745
72d63eec-9ca1-44cf-9209-d706472ab9fb,HARM,CAN,INTENTIONAL_HOMICIDE_RATE_PER_100K,1.8040520550306,PER_100K,2007-12-31,,2026-10-05T21:30:25.675437+00:00,World Bank API v2,https://api.worldbank.org/v2/country/AUS;BRA;CAN;CHE;DEU;ESP;FRA;GBR;GRC;IDN;IND;ITA;JPN;KOR;MEX;NLD;NOR;TUR;USA;ZAF/indicator/VC.IHR.PSRC.P5?format=json&date=1996:2024&per_page=20000,"Intentional homicides (per 100,000 people)",sha256:e9a648c0c7b58588f02986817d1638cb82d3073ee9615c0bb8913cf6ee17339f,OFFICIAL_API,VERIFIED,,False,False,World Bank published intentional-homicide rate.,1.8040520550306
41e18707-ecb9-4288-8231-a2e8acefed95,HARM,CAN,INTENTIONAL_HOMICIDE_RATE_PER_100K,1.83562569798247,PER_100K,2008-12-31,,2026-10-05T21:30:25.675437+00:00,World Bank API v2,https://api.worldbank.org/v2/country/AUS;BRA;CAN;CHE;DEU;ESP;FRA;GBR;GRC;IDN;IND;ITA;JPN;KOR;MEX;NLD;NOR;TUR;USA;ZAF/indicator/VC.IHR.PSRC.P5?format=json&date=1996:2024&per_page=20000,"Intentional homicides (per 100,000 people)",sha256:e9a648c0c7b58588f02986817d1638cb82d3073ee9615c0bb8913cf6ee17339f,OFFICIAL_API,VERIFIED,,False,False,World Bank published intentional-homicide rate.,1.83562569798247
7fe5e4a5-bf12-48b7-8460-b4981bf12557,HARM,CAN,INTENTIONAL_HOMICIDE_RATE_PER_100K,1.80332678612386,PER_100K,2009-12-31,,2026-10-05T21:30:25.675437+00:00,World Bank API v2,https://api.worldbank.org/v2/country/AUS;BRA;CAN;CHE;DEU;ESP;FRA;GBR;GRC;IDN;IND;ITA;JPN;KOR;MEX;NLD;NOR;TUR;USA;ZAF/indicator/VC.IHR.PSRC.P5?format=json&date=1996:2024&per_page=20000,"Intentional homicides (per 100,000 people)",sha256:e9a648c0c7b58588f02986817d1638cb82d3073ee9615c0bb8913cf6ee17339f,OFFICIAL_API,VERIFIED,,False,False,World Bank published intentional-homicide rate.,1.80332678612386
70baec50-c182-4622-ad2c-24d299d70244,HARM,CAN,INTENTIONAL_HOMICIDE_RATE_PER_100K,1.62880268220815,PER_100K,2010-12-31,,2026-10-05T21:30:25.675437+00:00,World Bank API v2,https://api.worldbank.org/v2/country/AUS;BRA;CAN;CHE;DEU;ESP;FRA;GBR;GRC;IDN;IND;ITA;JPN;KOR;MEX;NLD;NOR;TUR;USA;ZAF/indicator/VC.IHR.PSRC.P5?format=json&date=1996:2024&per_page=20000,"Intentional homicides (per 100,000 people)",sha256:e9a648c0c7b58588f02986817d1638cb82d3073ee9615c0bb8913cf6ee17339f,OFFICIAL_API,VERIFIED,,False,False,World Bank published intentional-homicide rate.,1.62880268220815
bbc94512-2c89-4282-9b59-078206493a15,HARM,CAN,INTENTIONAL_HOMICIDE_RATE_PER_100K,1.76238467720832,PER_100K,2011-12-31,,2026-10-05T21:30:25.675437+00:00,World Bank API v2,https://api.worldbank.org/v2/country/AUS;BRA;CAN;CHE;DEU;ESP;FRA;GBR;GRC;IDN;IND;ITA;JPN;KOR;MEX;NLD;NOR;TUR;USA;ZAF/indicator/VC.IHR.PSRC.P5?format=json&date=1996:2024&per_page=20000,"Intentional homicides (per 100,000 people)",sha256:e9a648c0c7b58588f02986817d1638cb82d3073ee9615c0bb8913cf6ee17339f,OFFICIAL_API,VERIFIED,,False,False,World Bank published intentional-homicide rate.,1.76238467720832
45038ed5-c93d-4c7d-9698-ebb3f287b8d3,HARM,CAN,INTENTIONAL_HOMICIDE_RATE_PER_100K,1.57205168149969,PER_100K,2012-12-31,,2026-10-05T21:30:25.675437+00:00,World Bank API v2,https://api.worldbank.org/v2/country/AUS;BRA;CAN;CHE;DEU;ESP;FRA;GBR;GRC;IDN;IND;ITA;JPN;KOR;MEX;NLD;NOR;TUR;USA;ZAF/indicator/VC.IHR.PSRC.P5?format=json&date=1996:2024&per_page=20000,"Intentional homicides (per 100,000 people)",sha256:e9a648c0c7b58588f02986817d1638cb82d3073ee9615c0bb8913cf6ee17339f,OFFICIAL_API,VERIFIED,,False,False,World Bank published intentional-homicide rate.,1.57205168149969
e13dd729-dd61-4407-a339-64026653d037,HARM,CAN,INTENTIONAL_HOMICIDE_RATE_PER_100K,1.44219466327057,PER_100K,2013-12-31,,2026-10-05T21:30:25.675437+00:00,World Bank API v2,https://api.worldbank.org/v2/country/AUS;BRA;CAN;CHE;DEU;ESP;FRA;GBR;GRC;IDN;IND;ITA;JPN;KOR;MEX;NLD;NOR;TUR;USA;ZAF/indicator/VC.IHR.PSRC.P5?format=json&date=1996:2024&per_page=20000,"Intentional homicides (per 100,000 people)",sha256:e9a648c0c7b58588f02986817d1638cb82d3073ee9615c0bb8913cf6ee17339f,OFFICIAL_API,VERIFIED,,False,False,World Bank published intentional-homicide rate.,1.44219466327057
e55bc89e-cdce-47a9-9a90-c9dbde508b5e,HARM,CAN,INTENTIONAL_HOMICIDE_RATE_PER_100K,1.47330111088167,PER_100K,2014-12-31,,2026-10-05T21:30:25.675437+00:00,World Bank API v2,https://api.worldbank.org/v2/country/AUS;BRA;CAN;CHE;DEU;ESP;FRA;GBR;GRC;IDN;IND;ITA;JPN;KOR;MEX;NLD;NOR;TUR;USA;ZAF/indicator/VC.IHR.PSRC.P5?format=json&date=1996:2024&per_page=20000,"Intentional homicides (per 100,000 people)",sha256:e9a648c0c7b58588f02986817d1638cb82d3073ee9615c0bb8913cf6ee17339f,OFFICIAL_API,VERIFIED,,False,False,World Bank published intentional-homicide rate.,1.47330111088167
0fa2b266-7a1c-483a-9ceb-75b6a2e5342c,HARM,CAN,INTENTIONAL_HOMICIDE_RATE_PER_100K,1.69900457240782,PER_100K,2015-12-31,,2026-10-05T21:30:25.675437+00:00,World Bank API v2,https://api.worldbank.org/v2/country/AUS;BRA;CAN;CHE;DEU;ESP;FRA;GBR;GRC;IDN;IND;ITA;JPN;KOR;MEX;NLD;NOR;TUR;USA;ZAF/indicator/VC.IHR.PSRC.P5?format=json&date=1996:2024&per_page=20000,"Intentional homicides (per 100,000 people)",sha256:e9a648c0c7b58588f02986817d1638cb82d3073ee9615c0bb8913cf6ee17339f,OFFICIAL_API,VERIFIED,,False,False,World Bank published intentional-homicide rate.,1.69900457240782
a7b91e3a-37f8-4376-badf-88337807b0cf,HARM,CAN,INTENTIONAL_HOMICIDE_RATE_PER_100K,1.69447965211893,PER_100K,2016-12-31,,2026-10-05T21:30:25.675437+00:00,World Bank API v2,https://api.worldbank.org/v2/country/AUS;BRA;CAN;CHE;DEU;ESP;FRA;GBR;GRC;IDN;IND;ITA;JPN;KOR;MEX;NLD;NOR;TUR;USA;ZAF/indicator/VC.IHR.PSRC.P5?format=json&date=1996:2024&per_page=20000,"Intentional homicides (per 100,000 people)",sha256:e9a648c0c7b58588f02986817d1638cb82d3073ee9615c0bb8913cf6ee17339f,OFFICIAL_API,VERIFIED,,False,False,World Bank published intentional-homicide rate.,1.69447965211893
0baf25f9-17c3-49b0-860c-d293d501121d,HARM,CAN,INTENTIONAL_HOMICIDE_RATE_PER_100K,1.80664809278477,PER_100K,2017-12-31,,2026-10-05T21:30:25.675437+00:00,World Bank API v2,https://api.worldbank.org/v2/country/AUS;BRA;CAN;CHE;DEU;ESP;FRA;GBR;GRC;IDN;IND;ITA;JPN;KOR;MEX;NLD;NOR;TUR;USA;ZAF/indicator/VC.IHR.PSRC.P5?format=json&date=1996:2024&per_page=20000,"Intentional homicides (per 100,000 people)",sha256:e9a648c0c7b58588f02986817d1638cb82d3073ee9615c0bb8913cf6ee17339f,OFFICIAL_API,VERIFIED,,False,False,World Bank published intentional-homicide rate.,1.80664809278477
c0019931-700a-4c92-99ff-96835b70f78d,HARM,CAN,INTENTIONAL_HOMICIDE_RATE_PER_100K,1.77503663024043,PER_100K,2018-12-31,,2026-10-05T21:30:25.675437+00:00,World Bank API v2,https://api.worldbank.org/v2/country/AUS;BRA;CAN;CHE;DEU;ESP;FRA;GBR;GRC;IDN;IND;ITA;JPN;KOR;MEX;NLD;NOR;TUR;USA;ZAF/indicator/VC.IHR.PSRC.P5?format=json&date=1996:2024&per_page=20000,"Intentional homicides (per 100,000 people)",sha256:e9a648c0c7b58588f02986817d1638cb82d3073ee9615c0bb8913cf6ee17339f,OFFICIAL_API,VERIFIED,,False,False,World Bank published intentional-homicide rate.,1.77503663024043
45c74390-9a37-40e7-bacc-b9113071141c,HARM,CAN,INTENTIONAL_HOMICIDE_RATE_PER_100K,1.82357460879594,PER_100K,2019-12-31,,2026-10-05T21:30:25.675437+00:00,World Bank API v2,https://api.worldbank.org/v2/country/AUS;BRA;CAN;CHE;DEU;ESP;FRA;GBR;GRC;IDN;IND;ITA;JPN;KOR;MEX;NLD;NOR;TUR;USA;ZAF/indicator/VC.IHR.PSRC.P5?format=json&date=1996:2024&per_page=20000,"Intentional homicides (per 100,000 people)",sha256:e9a648c0c7b58588f02986817d1638cb82d3073ee9615c0bb8913cf6ee17339f,OFFICIAL_API,VERIFIED,,False,False,World Bank published intentional-homicide rate.,1.82357460879594
73060c53-b5c4-4a59-af8f-83c4b466ad4b,HARM,CAN,INTENTIONAL_HOMICIDE_RATE_PER_100K,2.00409191032713,PER_100K,2020-12-31,,2026-10-05T21:30:25.675437+00:00,World Bank API v2,https://api.worldbank.org/v2/country/AUS;BRA;CAN;CHE;DEU;ESP;FRA;GBR;GRC;IDN;IND;ITA;JPN;KOR;MEX;NLD;NOR;TUR;USA;ZAF/indicator/VC.IHR.PSRC.P5?format=json&date=1996:2024&per_page=20000,"Intentional homicides (per 100,000 people)",sha256:e9a648c0c7b58588f02986817d1638cb82d3073ee9615c0bb8913cf6ee17339f,OFFICIAL_API,VERIFIED,,False,False,World Bank published intentional-homicide rate.,2.00409191032713
9f4bc267-945c-4713-8ba9-abeadc050c68,HARM,CAN,INTENTIONAL_HOMICIDE_RATE_PER_100K,2.08300518200199,PER_100K,2021-12-31,,2026-10-05T21:30:25.675437+00:00,World Bank API v2,https://api.worldbank.org/v2/country/AUS;BRA;CAN;CHE;DEU;ESP;FRA;GBR;GRC;IDN;IND;ITA;JPN;KOR;MEX;NLD;NOR;TUR;USA;ZAF/indicator/VC.IHR.PSRC.P5?format=json&date=1996:2024&per_page=20000,"Intentional homicides (per 100,000 people)",sha256:e9a648c0c7b58588f02986817d1638cb82d3073ee9615c0bb8913cf6ee17339f,OFFICIAL_API,VERIFIED,,False,False,World Bank published intentional-homicide rate.,2.08300518200199
143a87df-f3ce-4996-b2ea-c64181e8dfcf,HARM,CAN,INTENTIONAL_HOMICIDE_RATE_PER_100K,2.27195104620383,PER_100K,2022-12-31,,2026-10-05T21:30:25.675437+00:00,World Bank API v2,https://api.worldbank.org/v2/country/AUS;BRA;CAN;CHE;DEU;ESP;FRA;GBR;GRC;IDN;IND;ITA;JPN;KOR;MEX;NLD;NOR;TUR;USA;ZAF/indicator/VC.IHR.PSRC.P5?format=json&date=1996:2024&per_page=20000,"Intentional homicides (per 100,000 people)",sha256:e9a648c0c7b58588f02986817d1638cb82d3073ee9615c0bb8913cf6ee17339f,OFFICIAL_API,VERIFIED,,False,False,World Bank published intentional-homicide rate.,2.27195104620383
40f38b0f-c0b3-49e8-8d3e-b4aa2892fe9d,HARM,CAN,INTENTIONAL_HOMICIDE_RATE_PER_100K,1.97968887560784,PER_100K,2023-12-31,,2026-10-05T21:30:25.675437+00:00,World Bank API v2,https://api.worldbank.org/v2/country/AUS;BRA;CAN;CHE;DEU;ESP;FRA;GBR;GRC;IDN;IND;ITA;JPN;KOR;MEX;NLD;NOR;TUR;USA;ZAF/indicator/VC.IHR.PSRC.P5?format=json&date=1996:2024&per_page=20000,"Intentional homicides (per 100,000 people)",sha256:e9a648c0c7b58588f02986817d1638cb82d3073ee9615c0bb8913cf6ee17339f,OFFICIAL_API,VERIFIED,,False,False,World Bank published intentional-homicide rate.,1.97968887560784
91d4582f-25b7-4caf-aa30-3636e4899bdc,HARM,CAN,INTENTIONAL_HOMICIDE_RATE_PER_100K,,PER_100K,2024-12-31,,2026-10-05T21:30:25.686963+00:00,NO_SOURCE_VALUE,,No source value retrieved,,UNAVAILABLE,UNAVAILABLE,SOURCE_HAS_NO_VALUE_FOR_COUNTRY_YEAR,False,False,World Bank published intentional-homicide rate.,
4726c279-f335-4264-98ac-3a1bd1717de7,HARM,CHE,INTENTIONAL_HOMICIDE_RATE_PER_100K,1.17366186815719,PER_100K,1996-12-31,,2026-10-05T21:30:25.675437+00:00,World Bank API v2,https://api.worldbank.org/v2/country/AUS;BRA;CAN;CHE;DEU;ESP;FRA;GBR;GRC;IDN;IND;ITA;JPN;KOR;MEX;NLD;NOR;TUR;USA;ZAF/indicator/VC.IHR.PSRC.P5?format=json&date=1996:2024&per_page=20000,"Intentional homicides (per 100,000 people)",sha256:e9a648c0c7b58588f02986817d1638cb82d3073ee9615c0bb8913cf6ee17339f,OFFICIAL_API,VERIFIED,,False,False,World Bank published intentional-homicide rate.,1.17366186815719
08325e5a-a90c-49b3-b042-5119ff619bf7,HARM,CHE,INTENTIONAL_HOMICIDE_RATE_PER_100K,1.22722535983623,PER_100K,1997-12-31,,2026-10-05T21:30:25.675437+00:00,World Bank API v2,https://api.worldbank.org/v2/country/AUS;BRA;CAN;CHE;DEU;ESP;FRA;GBR;GRC;IDN;IND;ITA;JPN;KOR;MEX;NLD;NOR;TUR;USA;ZAF/indicator/VC.IHR.PSRC.P5?format=json&date=1996:2024&per_page=20000,"Intentional homicides (per 100,000 people)",sha256:e9a648c0c7b58588f02986817d1638cb82d3073ee9615c0bb8913cf6ee17339f,OFFICIAL_API,VERIFIED,,False,False,World Bank published intentional-homicide rate.,1.22722535983623
140dad3c-47be-4be7-a1ff-2efc5e7299c0,HARM,CHE,INTENTIONAL_HOMICIDE_RATE_PER_100K,1.06887327115022,PER_100K,1998-12-31,,2026-10-05T21:30:25.675437+00:00,World Bank API v2,https://api.worldbank.org/v2/country/AUS;BRA;CAN;CHE;DEU;ESP;FRA;GBR;GRC;IDN;IND;ITA;JPN;KOR;MEX;NLD;NOR;TUR;USA;ZAF/indicator/VC.IHR.PSRC.P5?format=json&date=1996:2024&per_page=20000,"Intentional homicides (per 100,000 people)",sha256:e9a648c0c7b58588f02986817d1638cb82d3073ee9615c0bb8913cf6ee17339f,OFFICIAL_API,VERIFIED,,False,False,World Bank published intentional-homicide rate.,1.06887327115022
7b6a52f9-1173-4655-9598-e740e28c0f11,HARM,CHE,INTENTIONAL_HOMICIDE_RATE_PER_100K,1.24577957176257,PER_100K,1999-12-31,,2026-10-05T21:30:25.675437+00:00,World Bank API v2,https://api.worldbank.org/v2/country/AUS;BRA;CAN;CHE;DEU;ESP;FRA;GBR;GRC;IDN;IND;ITA;JPN;KOR;MEX;NLD;NOR;TUR;USA;ZAF/indicator/VC.IHR.PSRC.P5?format=json&date=1996:2024&per_page=20000,"Intentional homicides (per 100,000 people)",sha256:e9a648c0c7b58588f02986817d1638cb82d3073ee9615c0bb8913cf6ee17339f,OFFICIAL_API,VERIFIED,,False,False,World Bank published intentional-homicide rate.,1.24577957176257
cc48b54d-63cf-48f2-a9b2-03fe1cea4aa8,HARM,CHE,INTENTIONAL_HOMICIDE_RATE_PER_100K,0.960466836994092,PER_100K,2000-12-31,,2026-10-05T21:30:25.675437+00:00,World Bank API v2,https://api.worldbank.org/v2/country/AUS;BRA;CAN;CHE;DEU;ESP;FRA;GBR;GRC;IDN;IND;ITA;JPN;KOR;MEX;NLD;NOR;TUR;USA;ZAF/indicator/VC.IHR.PSRC.P5?format=json&date=1996:2024&per_page=20000,"Intentional homicides (per 100,000 people)",sha256:e9a648c0c7b58588f02986817d1638cb82d3073ee9615c0bb8913cf6ee17339f,OFFICIAL_API,VERIFIED,,False,False,World Bank published intentional-homicide rate.,0.960466836994092
a02c2b4b-8084-441f-8c9f-7aa462934961,HARM,CHE,INTENTIONAL_HOMICIDE_RATE_PER_100K,1.19008237930126,PER_100K,2001-12-31,,2026-10-05T21:30:25.675437+00:00,World Bank API v2,https://api.worldbank.org/v2/country/AUS;BRA;CAN;CHE;DEU;ESP;FRA;GBR;GRC;IDN;IND;ITA;JPN;KOR;MEX;NLD;NOR;TUR;USA;ZAF/indicator/VC.IHR.PSRC.P5?format=json&date=1996:2024&per_page=20000,"Intentional homicides (per 100,000 people)",sha256:e9a648c0c7b58588f02986817d1638cb82d3073ee9615c0bb8913cf6ee17339f,OFFICIAL_API,VERIFIED,,False,False,World Bank published intentional-homicide rate.,1.19008237930126
a43b4361-cda1-442d-b95c-f30269ae2ddc,HARM,CHE,INTENTIONAL_HOMICIDE_RATE_PER_100K,1.18152122781488,PER_100K,2002-12-31,,2026-10-05T21:30:25.675437+00:00,World Bank API v2,https://api.worldbank.org/v2/country/AUS;BRA;CAN;CHE;DEU;ESP;FRA;GBR;GRC;IDN;IND;ITA;JPN;KOR;MEX;NLD;NOR;TUR;USA;ZAF/indicator/VC.IHR.PSRC.P5?format=json&date=1996:2024&per_page=20000,"Intentional homicides (per 100,000 people)",sha256:e9a648c0c7b58588f02986817d1638cb82d3073ee9615c0bb8913cf6ee17339f,OFFICIAL_API,VERIFIED,,False,False,World Bank published intentional-homicide rate.,1.18152122781488
54e7bf47-1089-48de-9b6b-d06a0d4d9e3b,HARM,CHE,INTENTIONAL_HOMICIDE_RATE_PER_100K,,PER_100K,2003-12-31,,2026-10-05T21:30:25.687963+00:00,NO_SOURCE_VALUE,,No source value retrieved,,UNAVAILABLE,UNAVAILABLE,SOURCE_HAS_NO_VALUE_FOR_COUNTRY_YEAR,False,False,World Bank published intentional-homicide rate.,
96679dcf-fb28-43c2-b076-ba9115440e16,HARM,CHE,INTENTIONAL_HOMICIDE_RATE_PER_100K,,PER_100K,2004-12-31,,2026-10-05T21:30:25.687963+00:00,NO_SOURCE_VALUE,,No source value retrieved,,UNAVAILABLE,UNAVAILABLE,SOURCE_HAS_NO_VALUE_FOR_COUNTRY_YEAR,False,False,World Bank published intentional-homicide rate.,
468d2964-9f83-44a5-82db-dc98add4d3f5,HARM,CHE,INTENTIONAL_HOMICIDE_RATE_PER_100K,,PER_100K,2005-12-31,,2026-10-05T21:30:25.687963+00:00,NO_SOURCE_VALUE,,No source value retrieved,,UNAVAILABLE,UNAVAILABLE,SOURCE_HAS_NO_VALUE_FOR_COUNTRY_YEAR,False,False,World Bank published intentional-homicide rate.,
94309d2c-1ef2-4bec-aaa5-e429aba88c81,HARM,CHE,INTENTIONAL_HOMICIDE_RATE_PER_100K,,PER_100K,2006-12-31,,2026-10-05T21:30:25.687963+00:00,NO_SOURCE_VALUE,,No source value retrieved,,UNAVAILABLE,UNAVAILABLE,SOURCE_HAS_NO_VALUE_FOR_COUNTRY_YEAR,False,False,World Bank published intentional-homicide rate.,
cd5d8458-27e4-4d55-be46-3668d410d61e,HARM,CHE,INTENTIONAL_HOMICIDE_RATE_PER_100K,,PER_100K,2007-12-31,,2026-10-05T21:30:25.687963+00:00,NO_SOURCE_VALUE,,No source value retrieved,,UNAVAILABLE,UNAVAILABLE,SOURCE_HAS_NO_VALUE_FOR_COUNTRY_YEAR,False,False,World Bank published intentional-homicide rate.,
25699e93-af1f-439a-97e9-02cbdb0896e0,HARM,CHE,INTENTIONAL_HOMICIDE_RATE_PER_100K,,PER_100K,2008-12-31,,2026-10-05T21:30:25.688963+00:00,NO_SOURCE_VALUE,,No source value retrieved,,UNAVAILABLE,UNAVAILABLE,SOURCE_HAS_NO_VALUE_FOR_COUNTRY_YEAR,False,False,World Bank published intentional-homicide rate.,
5b5d7275-8fb1-435f-b7fb-6627ec66b426,HARM,CHE,INTENTIONAL_HOMICIDE_RATE_PER_100K,0.659115273445603,PER_100K,2009-12-31,,2026-10-05T21:30:25.675437+00:00,World Bank API v2,https://api.worldbank.org/v2/country/AUS;BRA;CAN;CHE;DEU;ESP;FRA;GBR;GRC;IDN;IND;ITA;JPN;KOR;MEX;NLD;NOR;TUR;USA;ZAF/indicator/VC.IHR.PSRC.P5?format=json&date=1996:2024&per_page=20000,"Intentional homicides (per 100,000 people)",sha256:e9a648c0c7b58588f02986817d1638cb82d3073ee9615c0bb8913cf6ee17339f,OFFICIAL_API,VERIFIED,,False,False,World Bank published intentional-homicide rate.,0.659115273445603
4ab6744a-ba3d-4adf-bdc6-d763c192544a,HARM,CHE,INTENTIONAL_HOMICIDE_RATE_PER_100K,0.664472756521145,PER_100K,2010-12-31,,2026-10-05T21:30:25.675437+00:00,World Bank API v2,https://api.worldbank.org/v2/country/AUS;BRA;CAN;CHE;DEU;ESP;FRA;GBR;GRC;IDN;IND;ITA;JPN;KOR;MEX;NLD;NOR;TUR;USA;ZAF/indicator/VC.IHR.PSRC.P5?format=json&date=1996:2024&per_page=20000,"Intentional homicides (per 100,000 people)",sha256:e9a648c0c7b58588f02986817d1638cb82d3073ee9615c0bb8913cf6ee17339f,OFFICIAL_API,VERIFIED,,False,False,World Bank published intentional-homicide rate.,0.664472756521145
c02e64e4-4c3a-4418-8c07-e606598c3b03,HARM,CHE,INTENTIONAL_HOMICIDE_RATE_PER_100K,0.581221136763671,PER_100K,2011-12-31,,2026-10-05T21:30:25.675437+00:00,World Bank API v2,https://api.worldbank.org/v2/country/AUS;BRA;CAN;CHE;DEU;ESP;FRA;GBR;GRC;IDN;IND;ITA;JPN;KOR;MEX;NLD;NOR;TUR;USA;ZAF/indicator/VC.IHR.PSRC.P5?format=json&date=1996:2024&per_page=20000,"Intentional homicides (per 100,000 people)",sha256:e9a648c0c7b58588f02986817d1638cb82d3073ee9615c0bb8913cf6ee17339f,OFFICIAL_API,VERIFIED,,False,False,World Bank published intentional-homicide rate.,0.581221136763671
212a3451-cc9e-4b70-bbf6-d2a099cb1229,HARM,CHE,INTENTIONAL_HOMICIDE_RATE_PER_100K,0.562575490598645,PER_100K,2012-12-31,,2026-10-05T21:30:25.675437+00:00,World Bank API v2,https://api.worldbank.org/v2/country/AUS;BRA;CAN;CHE;DEU;ESP;FRA;GBR;GRC;IDN;IND;ITA;JPN;KOR;MEX;NLD;NOR;TUR;USA;ZAF/indicator/VC.IHR.PSRC.P5?format=json&date=1996:2024&per_page=20000,"Intentional homicides (per 100,000 people)",sha256:e9a648c0c7b58588f02986817d1638cb82d3073ee9615c0bb8913cf6ee17339f,OFFICIAL_API,VERIFIED,,False,False,World Bank published intentional-homicide rate.,0.562575490598645
f097f475-abee-4052-a574-2861eacb397a,HARM,CHE,INTENTIONAL_HOMICIDE_RATE_PER_100K,0.704468878665988,PER_100K,2013-12-31,,2026-10-05T21:30:25.675437+00:00,World Bank API v2,https://api.worldbank.org/v2/country/AUS;BRA;CAN;CHE;DEU;ESP;FRA;GBR;GRC;IDN;IND;ITA;JPN;KOR;MEX;NLD;NOR;TUR;USA;ZAF/indicator/VC.IHR.PSRC.P5?format=json&date=1996:2024&per_page=20000,"Intentional homicides (per 100,000 people)",sha256:e9a648c0c7b58588f02986817d1638cb82d3073ee9615c0bb8913cf6ee17339f,OFFICIAL_API,VERIFIED,,False,False,World Bank published intentional-homicide rate.,0.704468878665988
3cb236f4-71b8-44a2-8853-bd64e956a29a,HARM,CHE,INTENTIONAL_HOMICIDE_RATE_PER_100K,0.500596106180341,PER_100K,2014-12-31,,2026-10-05T21:30:25.675437+00:00,World Bank API v2,https://api.worldbank.org/v2/country/AUS;BRA;CAN;CHE;DEU;ESP;FRA;GBR;GRC;IDN;IND;ITA;JPN;KOR;MEX;NLD;NOR;TUR;USA;ZAF/indicator/VC.IHR.PSRC.P5?format=json&date=1996:2024&per_page=20000,"Intentional homicides (per 100,000 people)",sha256:e9a648c0c7b58588f02986817d1638cb82d3073ee9615c0bb8913cf6ee17339f,OFFICIAL_API,VERIFIED,,False,False,World Bank published intentional-homicide rate.,0.500596106180341
da1158df-aab9-4558-a140-8576956b43b7,HARM,CHE,INTENTIONAL_HOMICIDE_RATE_PER_100K,0.688078876533782,PER_100K,2015-12-31,,2026-10-05T21:30:25.675437+00:00,World Bank API v2,https://api.worldbank.org/v2/country/AUS;BRA;CAN;CHE;DEU;ESP;FRA;GBR;GRC;IDN;IND;ITA;JPN;KOR;MEX;NLD;NOR;TUR;USA;ZAF/indicator/VC.IHR.PSRC.P5?format=json&date=1996:2024&per_page=20000,"Intentional homicides (per 100,000 people)",sha256:e9a648c0c7b58588f02986817d1638cb82d3073ee9615c0bb8913cf6ee17339f,OFFICIAL_API,VERIFIED,,False,False,World Bank published intentional-homicide rate.,0.688078876533782
1908659b-6651-4bb9-a0c2-49c294403623,HARM,CHE,INTENTIONAL_HOMICIDE_RATE_PER_100K,0.537319784436855,PER_100K,2016-12-31,,2026-10-05T21:30:25.675437+00:00,World Bank API v2,https://api.worldbank.org/v2/country/AUS;BRA;CAN;CHE;DEU;ESP;FRA;GBR;GRC;IDN;IND;ITA;JPN;KOR;MEX;NLD;NOR;TUR;USA;ZAF/indicator/VC.IHR.PSRC.P5?format=json&date=1996:2024&per_page=20000,"Intentional homicides (per 100,000 people)",sha256:e9a648c0c7b58588f02986817d1638cb82d3073ee9615c0bb8913cf6ee17339f,OFFICIAL_API,VERIFIED,,False,False,World Bank published intentional-homicide rate.,0.537319784436855
70eebe57-0159-425b-890e-28a4d7db8ff0,HARM,CHE,INTENTIONAL_HOMICIDE_RATE_PER_100K,0.532315829369355,PER_100K,2017-12-31,,2026-10-05T21:30:25.675437+00:00,World Bank API v2,https://api.worldbank.org/v2/country/AUS;BRA;CAN;CHE;DEU;ESP;FRA;GBR;GRC;IDN;IND;ITA;JPN;KOR;MEX;NLD;NOR;TUR;USA;ZAF/indicator/VC.IHR.PSRC.P5?format=json&date=1996:2024&per_page=20000,"Intentional homicides (per 100,000 people)",sha256:e9a648c0c7b58588f02986817d1638cb82d3073ee9615c0bb8913cf6ee17339f,OFFICIAL_API,VERIFIED,,False,False,World Bank published intentional-homicide rate.,0.532315829369355
78504367-1324-4407-964d-64325c52249b,HARM,CHE,INTENTIONAL_HOMICIDE_RATE_PER_100K,0.587106357663197,PER_100K,2018-12-31,,2026-10-05T21:30:25.675437+00:00,World Bank API v2,https://api.worldbank.org/v2/country/AUS;BRA;CAN;CHE;DEU;ESP;FRA;GBR;GRC;IDN;IND;ITA;JPN;KOR;MEX;NLD;NOR;TUR;USA;ZAF/indicator/VC.IHR.PSRC.P5?format=json&date=1996:2024&per_page=20000,"Intentional homicides (per 100,000 people)",sha256:e9a648c0c7b58588f02986817d1638cb82d3073ee9615c0bb8913cf6ee17339f,OFFICIAL_API,VERIFIED,,False,False,World Bank published intentional-homicide rate.,0.587106357663197
e5582816-ec1a-4e71-8a27-a303e94080c4,HARM,CHE,INTENTIONAL_HOMICIDE_RATE_PER_100K,0.53628529631628,PER_100K,2019-12-31,,2026-10-05T21:30:25.675437+00:00,World Bank API v2,https://api.worldbank.org/v2/country/AUS;BRA;CAN;CHE;DEU;ESP;FRA;GBR;GRC;IDN;IND;ITA;JPN;KOR;MEX;NLD;NOR;TUR;USA;ZAF/indicator/VC.IHR.PSRC.P5?format=json&date=1996:2024&per_page=20000,"Intentional homicides (per 100,000 people)",sha256:e9a648c0c7b58588f02986817d1638cb82d3073ee9615c0bb8913cf6ee17339f,OFFICIAL_API,VERIFIED,,False,False,World Bank published intentional-homicide rate.,0.53628529631628
4d366084-d35d-49f7-95e2-0f58e709e47b,HARM,CHE,INTENTIONAL_HOMICIDE_RATE_PER_100K,0.543944872228796,PER_100K,2020-12-31,,2026-10-05T21:30:25.675437+00:00,World Bank API v2,https://api.worldbank.org/v2/country/AUS;BRA;CAN;CHE;DEU;ESP;FRA;GBR;GRC;IDN;IND;ITA;JPN;KOR;MEX;NLD;NOR;TUR;USA;ZAF/indicator/VC.IHR.PSRC.P5?format=json&date=1996:2024&per_page=20000,"Intentional homicides (per 100,000 people)",sha256:e9a648c0c7b58588f02986817d1638cb82d3073ee9615c0bb8913cf6ee17339f,OFFICIAL_API,VERIFIED,,False,False,World Bank published intentional-homicide rate.,0.543944872228796
170aae57-c822-444a-93b6-531f0fe3b1aa,HARM,CHE,INTENTIONAL_HOMICIDE_RATE_PER_100K,0.482369204585241,PER_100K,2021-12-31,,2026-10-05T21:30:25.675437+00:00,World Bank API v2,https://api.worldbank.org/v2/country/AUS;BRA;CAN;CHE;DEU;ESP;FRA;GBR;GRC;IDN;IND;ITA;JPN;KOR;MEX;NLD;NOR;TUR;USA;ZAF/indicator/VC.IHR.PSRC.P5?format=json&date=1996:2024&per_page=20000,"Intentional homicides (per 100,000 people)",sha256:e9a648c0c7b58588f02986817d1638cb82d3073ee9615c0bb8913cf6ee17339f,OFFICIAL_API,VERIFIED,,False,False,World Bank published intentional-homicide rate.,0.482369204585241
9131ac90-ae5f-46bb-a13f-5eec1988f652,HARM,CHE,INTENTIONAL_HOMICIDE_RATE_PER_100K,0.477697117734824,PER_100K,2022-12-31,,2026-10-05T21:30:25.675437+00:00,World Bank API v2,https://api.worldbank.org/v2/country/AUS;BRA;CAN;CHE;DEU;ESP;FRA;GBR;GRC;IDN;IND;ITA;JPN;KOR;MEX;NLD;NOR;TUR;USA;ZAF/indicator/VC.IHR.PSRC.P5?format=json&date=1996:2024&per_page=20000,"Intentional homicides (per 100,000 people)",sha256:e9a648c0c7b58588f02986817d1638cb82d3073ee9615c0bb8913cf6ee17339f,OFFICIAL_API,VERIFIED,,False,False,World Bank published intentional-homicide rate.,0.477697117734824
4801f797-a273-4f3b-85e7-106825bb428f,HARM,CHE,INTENTIONAL_HOMICIDE_RATE_PER_100K,0.597481940544685,PER_100K,2023-12-31,,2026-10-05T21:30:25.675437+00:00,World Bank API v2,https://api.worldbank.org/v2/country/AUS;BRA;CAN;CHE;DEU;ESP;FRA;GBR;GRC;IDN;IND;ITA;JPN;KOR;MEX;NLD;NOR;TUR;USA;ZAF/indicator/VC.IHR.PSRC.P5?format=json&date=1996:2024&per_page=20000,"Intentional homicides (per 100,000 people)",sha256:e9a648c0c7b58588f02986817d1638cb82d3073ee9615c0bb8913cf6ee17339f,OFFICIAL_API,VERIFIED,,False,False,World Bank published intentional-homicide rate.,0.597481940544685
502463b3-6f3f-4dc6-abfc-24b015b6c78b,HARM,CHE,INTENTIONAL_HOMICIDE_RATE_PER_100K,,PER_100K,2024-12-31,,2026-10-05T21:30:25.690963+00:00,NO_SOURCE_VALUE,,No source value retrieved,,UNAVAILABLE,UNAVAILABLE,SOURCE_HAS_NO_VALUE_FOR_COUNTRY_YEAR,False,False,World Bank published intentional-homicide rate.,
b7b9fdfd-b89c-4779-a10f-c54a93fcc31f,HARM,DEU,INTENTIONAL_HOMICIDE_RATE_PER_100K,2.33761906350592,PER_100K,1996-12-31,,2026-10-05T21:30:25.675437+00:00,World Bank API v2,https://api.worldbank.org/v2/country/AUS;BRA;CAN;CHE;DEU;ESP;FRA;GBR;GRC;IDN;IND;ITA;JPN;KOR;MEX;NLD;NOR;TUR;USA;ZAF/indicator/VC.IHR.PSRC.P5?format=json&date=1996:2024&per_page=20000,"Intentional homicides (per 100,000 people)",sha256:e9a648c0c7b58588f02986817d1638cb82d3073ee9615c0bb8913cf6ee17339f,OFFICIAL_API,VERIFIED,,False,False,World Bank published intentional-homicide rate.,2.33761906350592
bc05b261-de7a-4f5d-926a-0105c110983c,HARM,DEU,INTENTIONAL_HOMICIDE_RATE_PER_100K,2.1847407558703,PER_100K,1997-12-31,,2026-10-05T21:30:25.675437+00:00,World Bank API v2,https://api.worldbank.org/v2/country/AUS;BRA;CAN;CHE;DEU;ESP;FRA;GBR;GRC;IDN;IND;ITA;JPN;KOR;MEX;NLD;NOR;TUR;USA;ZAF/indicator/VC.IHR.PSRC.P5?format=json&date=1996:2024&per_page=20000,"Intentional homicides (per 100,000 people)",sha256:e9a648c0c7b58588f02986817d1638cb82d3073ee9615c0bb8913cf6ee17339f,OFFICIAL_API,VERIFIED,,False,False,World Bank published intentional-homicide rate.,2.1847407558703
a5f1a483-a89c-40c5-ba8e-34ce7deed4f0,HARM,DEU,INTENTIONAL_HOMICIDE_RATE_PER_100K,1.95337413007635,PER_100K,1998-12-31,,2026-10-05T21:30:25.675437+00:00,World Bank API v2,https://api.worldbank.org/v2/country/AUS;BRA;CAN;CHE;DEU;ESP;FRA;GBR;GRC;IDN;IND;ITA;JPN;KOR;MEX;NLD;NOR;TUR;USA;ZAF/indicator/VC.IHR.PSRC.P5?format=json&date=1996:2024&per_page=20000,"Intentional homicides (per 100,000 people)",sha256:e9a648c0c7b58588f02986817d1638cb82d3073ee9615c0bb8913cf6ee17339f,OFFICIAL_API,VERIFIED,,False,False,World Bank published intentional-homicide rate.,1.95337413007635
3f8eb0e0-c7ed-4af8-827a-e00f29432975,HARM,DEU,INTENTIONAL_HOMICIDE_RATE_PER_100K,1.62344247009,PER_100K,1999-12-31,,2026-10-05T21:30:25.675437+00:00,World Bank API v2,https://api.worldbank.org/v2/country/AUS;BRA;CAN;CHE;DEU;ESP;FRA;GBR;GRC;IDN;IND;ITA;JPN;KOR;MEX;NLD;NOR;TUR;USA;ZAF/indicator/VC.IHR.PSRC.P5?format=json&date=1996:2024&per_page=20000,"Intentional homicides (per 100,000 people)",sha256:e9a648c0c7b58588f02986817d1638cb82d3073ee9615c0bb8913cf6ee17339f,OFFICIAL_API,VERIFIED,,False,False,World Bank published intentional-homicide rate.,1.62344247009
d91e7667-5865-4698-a11d-2974648b002a,HARM,DEU,INTENTIONAL_HOMICIDE_RATE_PER_100K,1.66753754956225,PER_100K,2000-12-31,,2026-10-05T21:30:25.675437+00:00,World Bank API v2,https://api.worldbank.org/v2/country/AUS;BRA;CAN;CHE;DEU;ESP;FRA;GBR;GRC;IDN;IND;ITA;JPN;KOR;MEX;NLD;NOR;TUR;USA;ZAF/indicator/VC.IHR.PSRC.P5?format=json&date=1996:2024&per_page=20000,"Intentional homicides (per 100,000 people)",sha256:e9a648c0c7b58588f02986817d1638cb82d3073ee9615c0bb8913cf6ee17339f,OFFICIAL_API,VERIFIED,,False,False,World Bank published intentional-homicide rate.,1.66753754956225
d2924e3a-16c1-4e74-9d3b-ccc7af922a03,HARM,DEU,INTENTIONAL_HOMICIDE_RATE_PER_100K,1.44140608883251,PER_100K,2001-12-31,,2026-10-05T21:30:25.675437+00:00,World Bank API v2,https://api.worldbank.org/v2/country/AUS;BRA;CAN;CHE;DEU;ESP;FRA;GBR;GRC;IDN;IND;ITA;JPN;KOR;MEX;NLD;NOR;TUR;USA;ZAF/indicator/VC.IHR.PSRC.P5?format=json&date=1996:2024&per_page=20000,"Intentional homicides (per 100,000 people)",sha256:e9a648c0c7b58588f02986817d1638cb82d3073ee9615c0bb8913cf6ee17339f,OFFICIAL_API,VERIFIED,,False,False,World Bank published intentional-homicide rate.,1.44140608883251
ac1983f6-2c77-4c27-81f7-2e149ac52c23,HARM,DEU,INTENTIONAL_HOMICIDE_RATE_PER_100K,1.42807834640079,PER_100K,2002-12-31,,2026-10-05T21:30:25.675437+00:00,World Bank API v2,https://api.worldbank.org/v2/country/AUS;BRA;CAN;CHE;DEU;ESP;FRA;GBR;GRC;IDN;IND;ITA;JPN;KOR;MEX;NLD;NOR;TUR;USA;ZAF/indicator/VC.IHR.PSRC.P5?format=json&date=1996:2024&per_page=20000,"Intentional homicides (per 100,000 people)",sha256:e9a648c0c7b58588f02986817d1638cb82d3073ee9615c0bb8913cf6ee17339f,OFFICIAL_API,VERIFIED,,False,False,World Bank published intentional-homicide rate.,1.42807834640079
568905a7-d675-4dc0-950c-27df0b56b93c,HARM,DEU,INTENTIONAL_HOMICIDE_RATE_PER_100K,1.33598638063576,PER_100K,2003-12-31,,2026-10-05T21:30:25.675437+00:00,World Bank API v2,https://api.worldbank.org/v2/country/AUS;BRA;CAN;CHE;DEU;ESP;FRA;GBR;GRC;IDN;IND;ITA;JPN;KOR;MEX;NLD;NOR;TUR;USA;ZAF/indicator/VC.IHR.PSRC.P5?format=json&date=1996:2024&per_page=20000,"Intentional homicides (per 100,000 people)",sha256:e9a648c0c7b58588f02986817d1638cb82d3073ee9615c0bb8913cf6ee17339f,OFFICIAL_API,VERIFIED,,False,False,World Bank published intentional-homicide rate.,1.33598638063576
c9cfeb12-0ae1-4fd7-9959-0672f5b23e68,HARM,DEU,INTENTIONAL_HOMICIDE_RATE_PER_100K,1.3545661001062,PER_100K,2004-12-31,,2026-10-05T21:30:25.675437+00:00,World Bank API v2,https://api.worldbank.org/v2/country/AUS;BRA;CAN;CHE;DEU;ESP;FRA;GBR;GRC;IDN;IND;ITA;JPN;KOR;MEX;NLD;NOR;TUR;USA;ZAF/indicator/VC.IHR.PSRC.P5?format=json&date=1996:2024&per_page=20000,"Intentional homicides (per 100,000 people)",sha256:e9a648c0c7b58588f02986817d1638cb82d3073ee9615c0bb8913cf6ee17339f,OFFICIAL_API,VERIFIED,,False,False,World Bank published intentional-homicide rate.,1.3545661001062
0b368198-5500-4a04-b09f-40d77768b833,HARM,DEU,INTENTIONAL_HOMICIDE_RATE_PER_100K,1.27244558514126,PER_100K,2005-12-31,,2026-10-05T21:30:25.675437+00:00,World Bank API v2,https://api.worldbank.org/v2/country/AUS;BRA;CAN;CHE;DEU;ESP;FRA;GBR;GRC;IDN;IND;ITA;JPN;KOR;MEX;NLD;NOR;TUR;USA;ZAF/indicator/VC.IHR.PSRC.P5?format=json&date=1996:2024&per_page=20000,"Intentional homicides (per 100,000 people)",sha256:e9a648c0c7b58588f02986817d1638cb82d3073ee9615c0bb8913cf6ee17339f,OFFICIAL_API,VERIFIED,,False,False,World Bank published intentional-homicide rate.,1.27244558514126
0ed252ed-2547-4991-b23d-010f05785479,HARM,DEU,INTENTIONAL_HOMICIDE_RATE_PER_100K,1.20927315205162,PER_100K,2006-12-31,,2026-10-05T21:30:25.675437+00:00,World Bank API v2,https://api.worldbank.org/v2/country/AUS;BRA;CAN;CHE;DEU;ESP;FRA;GBR;GRC;IDN;IND;ITA;JPN;KOR;MEX;NLD;NOR;TUR;USA;ZAF/indicator/VC.IHR.PSRC.P5?format=json&date=1996:2024&per_page=20000,"Intentional homicides (per 100,000 people)",sha256:e9a648c0c7b58588f02986817d1638cb82d3073ee9615c0bb8913cf6ee17339f,OFFICIAL_API,VERIFIED,,False,False,World Bank published intentional-homicide rate.,1.20927315205162
24286aa6-88f0-4f2e-a04d-b1b7c2b369ef,HARM,DEU,INTENTIONAL_HOMICIDE_RATE_PER_100K,1.09227050411144,PER_100K,2007-12-31,,2026-10-05T21:30:25.675437+00:00,World Bank API v2,https://api.worldbank.org/v2/country/AUS;BRA;CAN;CHE;DEU;ESP;FRA;GBR;GRC;IDN;IND;ITA;JPN;KOR;MEX;NLD;NOR;TUR;USA;ZAF/indicator/VC.IHR.PSRC.P5?format=json&date=1996:2024&per_page=20000,"Intentional homicides (per 100,000 people)",sha256:e9a648c0c7b58588f02986817d1638cb82d3073ee9615c0bb8913cf6ee17339f,OFFICIAL_API,VERIFIED,,False,False,World Bank published intentional-homicide rate.,1.09227050411144
e9e96c22-2b55-4568-b8d2-f0f47735845c,HARM,DEU,INTENTIONAL_HOMICIDE_RATE_PER_100K,1.02452477446076,PER_100K,2008-12-31,,2026-10-05T21:30:25.675437+00:00,World Bank API v2,https://api.worldbank.org/v2/country/AUS;BRA;CAN;CHE;DEU;ESP;FRA;GBR;GRC;IDN;IND;ITA;JPN;KOR;MEX;NLD;NOR;TUR;USA;ZAF/indicator/VC.IHR.PSRC.P5?format=json&date=1996:2024&per_page=20000,"Intentional homicides (per 100,000 people)",sha256:e9a648c0c7b58588f02986817d1638cb82d3073ee9615c0bb8913cf6ee17339f,OFFICIAL_API,VERIFIED,,False,False,World Bank published intentional-homicide rate.,1.02452477446076
4aac2d20-e2d6-4830-aef4-bab71d74c884,HARM,DEU,INTENTIONAL_HOMICIDE_RATE_PER_100K,0.992150728625981,PER_100K,2009-12-31,,2026-10-05T21:30:25.675437+00:00,World Bank API v2,https://api.worldbank.org/v2/country/AUS;BRA;CAN;CHE;DEU;ESP;FRA;GBR;GRC;IDN;IND;ITA;JPN;KOR;MEX;NLD;NOR;TUR;USA;ZAF/indicator/VC.IHR.PSRC.P5?format=json&date=1996:2024&per_page=20000,"Intentional homicides (per 100,000 people)",sha256:e9a648c0c7b58588f02986817d1638cb82d3073ee9615c0bb8913cf6ee17339f,OFFICIAL_API,VERIFIED,,False,False,World Bank published intentional-homicide rate.,0.992150728625981
6e533426-75f6-4ce7-b934-29be23fa7faa,HARM,DEU,INTENTIONAL_HOMICIDE_RATE_PER_100K,0.981060169496516,PER_100K,2010-12-31,,2026-10-05T21:30:25.675437+00:00,World Bank API v2,https://api.worldbank.org/v2/country/AUS;BRA;CAN;CHE;DEU;ESP;FRA;GBR;GRC;IDN;IND;ITA;JPN;KOR;MEX;NLD;NOR;TUR;USA;ZAF/indicator/VC.IHR.PSRC.P5?format=json&date=1996:2024&per_page=20000,"Intentional homicides (per 100,000 people)",sha256:e9a648c0c7b58588f02986817d1638cb82d3073ee9615c0bb8913cf6ee17339f,OFFICIAL_API,VERIFIED,,False,False,World Bank published intentional-homicide rate.,0.981060169496516
ff6609da-83b3-4aea-90f4-cb66945d302a,HARM,DEU,INTENTIONAL_HOMICIDE_RATE_PER_100K,0.91271260058552,PER_100K,2011-12-31,,2026-10-05T21:30:25.675437+00:00,World Bank API v2,https://api.worldbank.org/v2/country/AUS;BRA;CAN;CHE;DEU;ESP;FRA;GBR;GRC;IDN;IND;ITA;JPN;KOR;MEX;NLD;NOR;TUR;USA;ZAF/indicator/VC.IHR.PSRC.P5?format=json&date=1996:2024&per_page=20000,"Intentional homicides (per 100,000 people)",sha256:e9a648c0c7b58588f02986817d1638cb82d3073ee9615c0bb8913cf6ee17339f,OFFICIAL_API,VERIFIED,,False,False,World Bank published intentional-homicide rate.,0.91271260058552
48fd3cd2-5bfa-4201-8dcc-484c7c05b3ea,HARM,DEU,INTENTIONAL_HOMICIDE_RATE_PER_100K,0.814420905242925,PER_100K,2012-12-31,,2026-10-05T21:30:25.675437+00:00,World Bank API v2,https://api.worldbank.org/v2/country/AUS;BRA;CAN;CHE;DEU;ESP;FRA;GBR;GRC;IDN;IND;ITA;JPN;KOR;MEX;NLD;NOR;TUR;USA;ZAF/indicator/VC.IHR.PSRC.P5?format=json&date=1996:2024&per_page=20000,"Intentional homicides (per 100,000 people)",sha256:e9a648c0c7b58588f02986817d1638cb82d3073ee9615c0bb8913cf6ee17339f,OFFICIAL_API,VERIFIED,,False,False,World Bank published intentional-homicide rate.,0.814420905242925
c37ee145-1a60-4dcd-b934-d4d15ebc699e,HARM,DEU,INTENTIONAL_HOMICIDE_RATE_PER_100K,0.841543300830081,PER_100K,2013-12-31,,2026-10-05T21:30:25.675437+00:00,World Bank API v2,https://api.worldbank.org/v2/country/AUS;BRA;CAN;CHE;DEU;ESP;FRA;GBR;GRC;IDN;IND;ITA;JPN;KOR;MEX;NLD;NOR;TUR;USA;ZAF/indicator/VC.IHR.PSRC.P5?format=json&date=1996:2024&per_page=20000,"Intentional homicides (per 100,000 people)",sha256:e9a648c0c7b58588f02986817d1638cb82d3073ee9615c0bb8913cf6ee17339f,OFFICIAL_API,VERIFIED,,False,False,World Bank published intentional-homicide rate.,0.841543300830081
8c4121f8-1178-479e-87d0-ac1fc347ad0c,HARM,DEU,INTENTIONAL_HOMICIDE_RATE_PER_100K,0.87986543465844,PER_100K,2014-12-31,,2026-10-05T21:30:25.675437+00:00,World Bank API v2,https://api.worldbank.org/v2/country/AUS;BRA;CAN;CHE;DEU;ESP;FRA;GBR;GRC;IDN;IND;ITA;JPN;KOR;MEX;NLD;NOR;TUR;USA;ZAF/indicator/VC.IHR.PSRC.P5?format=json&date=1996:2024&per_page=20000,"Intentional homicides (per 100,000 people)",sha256:e9a648c0c7b58588f02986817d1638cb82d3073ee9615c0bb8913cf6ee17339f,OFFICIAL_API,VERIFIED,,False,False,World Bank published intentional-homicide rate.,0.87986543465844
b22e2d8e-902e-45fc-a06b-fa5a6d59fb3c,HARM,DEU,INTENTIONAL_HOMICIDE_RATE_PER_100K,0.83092148321361,PER_100K,2015-12-31,,2026-10-05T21:30:25.675437+00:00,World Bank API v2,https://api.worldbank.org/v2/country/AUS;BRA;CAN;CHE;DEU;ESP;FRA;GBR;GRC;IDN;IND;ITA;JPN;KOR;MEX;NLD;NOR;TUR;USA;ZAF/indicator/VC.IHR.PSRC.P5?format=json&date=1996:2024&per_page=20000,"Intentional homicides (per 100,000 people)",sha256:e9a648c0c7b58588f02986817d1638cb82d3073ee9615c0bb8913cf6ee17339f,OFFICIAL_API,VERIFIED,,False,False,World Bank published intentional-homicide rate.,0.83092148321361
666fd3cd-b0f0-4fd7-ac18-ba8bd33c908e,HARM,DEU,INTENTIONAL_HOMICIDE_RATE_PER_100K,1.163604165425,PER_100K,2016-12-31,,2026-10-05T21:30:25.675437+00:00,World Bank API v2,https://api.worldbank.org/v2/country/AUS;BRA;CAN;CHE;DEU;ESP;FRA;GBR;GRC;IDN;IND;ITA;JPN;KOR;MEX;NLD;NOR;TUR;USA;ZAF/indicator/VC.IHR.PSRC.P5?format=json&date=1996:2024&per_page=20000,"Intentional homicides (per 100,000 people)",sha256:e9a648c0c7b58588f02986817d1638cb82d3073ee9615c0bb8913cf6ee17339f,OFFICIAL_API,VERIFIED,,False,False,World Bank published intentional-homicide rate.,1.163604165425
feba0622-525d-4628-ba1a-da06ac8927da,HARM,DEU,INTENTIONAL_HOMICIDE_RATE_PER_100K,0.97829217789703,PER_100K,2017-12-31,,2026-10-05T21:30:25.675437+00:00,World Bank API v2,https://api.worldbank.org/v2/country/AUS;BRA;CAN;CHE;DEU;ESP;FRA;GBR;GRC;IDN;IND;ITA;JPN;KOR;MEX;NLD;NOR;TUR;USA;ZAF/indicator/VC.IHR.PSRC.P5?format=json&date=1996:2024&per_page=20000,"Intentional homicides (per 100,000 people)",sha256:e9a648c0c7b58588f02986817d1638cb82d3073ee9615c0bb8913cf6ee17339f,OFFICIAL_API,VERIFIED,,False,False,World Bank published intentional-homicide rate.,0.97829217789703
513d46c9-ff27-42c0-b7b8-67e67985f3ac,HARM,DEU,INTENTIONAL_HOMICIDE_RATE_PER_100K,0.945201062768242,PER_100K,2018-12-31,,2026-10-05T21:30:25.675437+00:00,World Bank API v2,https://api.worldbank.org/v2/country/AUS;BRA;CAN;CHE;DEU;ESP;FRA;GBR;GRC;IDN;IND;ITA;JPN;KOR;MEX;NLD;NOR;TUR;USA;ZAF/indicator/VC.IHR.PSRC.P5?format=json&date=1996:2024&per_page=20000,"Intentional homicides (per 100,000 people)",sha256:e9a648c0c7b58588f02986817d1638cb82d3073ee9615c0bb8913cf6ee17339f,OFFICIAL_API,VERIFIED,,False,False,World Bank published intentional-homicide rate.,0.945201062768242
ca534d53-4de5-4350-ae32-c208fe4d681a,HARM,DEU,INTENTIONAL_HOMICIDE_RATE_PER_100K,0.745579302641966,PER_100K,2019-12-31,,2026-10-05T21:30:25.675437+00:00,World Bank API v2,https://api.worldbank.org/v2/country/AUS;BRA;CAN;CHE;DEU;ESP;FRA;GBR;GRC;IDN;IND;ITA;JPN;KOR;MEX;NLD;NOR;TUR;USA;ZAF/indicator/VC.IHR.PSRC.P5?format=json&date=1996:2024&per_page=20000,"Intentional homicides (per 100,000 people)",sha256:e9a648c0c7b58588f02986817d1638cb82d3073ee9615c0bb8913cf6ee17339f,OFFICIAL_API,VERIFIED,,False,False,World Bank published intentional-homicide rate.,0.745579302641966
04e70825-3990-4b8b-8b01-722b290b9379,HARM,DEU,INTENTIONAL_HOMICIDE_RATE_PER_100K,0.935085587265765,PER_100K,2020-12-31,,2026-10-05T21:30:25.675437+00:00,World Bank API v2,https://api.worldbank.org/v2/country/AUS;BRA;CAN;CHE;DEU;ESP;FRA;GBR;GRC;IDN;IND;ITA;JPN;KOR;MEX;NLD;NOR;TUR;USA;ZAF/indicator/VC.IHR.PSRC.P5?format=json&date=1996:2024&per_page=20000,"Intentional homicides (per 100,000 people)",sha256:e9a648c0c7b58588f02986817d1638cb82d3073ee9615c0bb8913cf6ee17339f,OFFICIAL_API,VERIFIED,,False,False,World Bank published intentional-homicide rate.,0.935085587265765
81f802d1-3ce9-4238-a352-23455696641d,HARM,DEU,INTENTIONAL_HOMICIDE_RATE_PER_100K,0.830375419597212,PER_100K,2021-12-31,,2026-10-05T21:30:25.675437+00:00,World Bank API v2,https://api.worldbank.org/v2/country/AUS;BRA;CAN;CHE;DEU;ESP;FRA;GBR;GRC;IDN;IND;ITA;JPN;KOR;MEX;NLD;NOR;TUR;USA;ZAF/indicator/VC.IHR.PSRC.P5?format=json&date=1996:2024&per_page=20000,"Intentional homicides (per 100,000 people)",sha256:e9a648c0c7b58588f02986817d1638cb82d3073ee9615c0bb8913cf6ee17339f,OFFICIAL_API,VERIFIED,,False,False,World Bank published intentional-homicide rate.,0.830375419597212
c18e71f6-f33f-4b95-859c-db144cdb6b40,HARM,DEU,INTENTIONAL_HOMICIDE_RATE_PER_100K,0.815829208272123,PER_100K,2022-12-31,,2026-10-05T21:30:25.675437+00:00,World Bank API v2,https://api.worldbank.org/v2/country/AUS;BRA;CAN;CHE;DEU;ESP;FRA;GBR;GRC;IDN;IND;ITA;JPN;KOR;MEX;NLD;NOR;TUR;USA;ZAF/indicator/VC.IHR.PSRC.P5?format=json&date=1996:2024&per_page=20000,"Intentional homicides (per 100,000 people)",sha256:e9a648c0c7b58588f02986817d1638cb82d3073ee9615c0bb8913cf6ee17339f,OFFICIAL_API,VERIFIED,,False,False,World Bank published intentional-homicide rate.,0.815829208272123
410f6a30-204a-416e-adba-a0851e8f369f,HARM,DEU,INTENTIONAL_HOMICIDE_RATE_PER_100K,0.910722780231795,PER_100K,2023-12-31,,2026-10-05T21:30:25.675437+00:00,World Bank API v2,https://api.worldbank.org/v2/country/AUS;BRA;CAN;CHE;DEU;ESP;FRA;GBR;GRC;IDN;IND;ITA;JPN;KOR;MEX;NLD;NOR;TUR;USA;ZAF/indicator/VC.IHR.PSRC.P5?format=json&date=1996:2024&per_page=20000,"Intentional homicides (per 100,000 people)",sha256:e9a648c0c7b58588f02986817d1638cb82d3073ee9615c0bb8913cf6ee17339f,OFFICIAL_API,VERIFIED,,False,False,World Bank published intentional-homicide rate.,0.910722780231795
712bde06-eb6f-4ba1-a296-540795789f44,HARM,DEU,INTENTIONAL_HOMICIDE_RATE_PER_100K,,PER_100K,2024-12-31,,2026-10-05T21:30:25.693864+00:00,NO_SOURCE_VALUE,,No source value retrieved,,UNAVAILABLE,UNAVAILABLE,SOURCE_HAS_NO_VALUE_FOR_COUNTRY_YEAR,False,False,World Bank published intentional-homicide rate.,
e456df60-fb45-4163-aa65-13806f98587d,HARM,ESP,INTENTIONAL_HOMICIDE_RATE_PER_100K,0.986644952856265,PER_100K,1996-12-31,,2026-10-05T21:30:25.675437+00:00,World Bank API v2,https://api.worldbank.org/v2/country/AUS;BRA;CAN;CHE;DEU;ESP;FRA;GBR;GRC;IDN;IND;ITA;JPN;KOR;MEX;NLD;NOR;TUR;USA;ZAF/indicator/VC.IHR.PSRC.P5?format=json&date=1996:2024&per_page=20000,"Intentional homicides (per 100,000 people)",sha256:e9a648c0c7b58588f02986817d1638cb82d3073ee9615c0bb8913cf6ee17339f,OFFICIAL_API,VERIFIED,,False,False,World Bank published intentional-homicide rate.,0.986644952856265
0826e117-4b41-42e7-b8f9-dfdc85637d8b,HARM,ESP,INTENTIONAL_HOMICIDE_RATE_PER_100K,1.14536412263401,PER_100K,1997-12-31,,2026-10-05T21:30:25.675437+00:00,World Bank API v2,https://api.worldbank.org/v2/country/AUS;BRA;CAN;CHE;DEU;ESP;FRA;GBR;GRC;IDN;IND;ITA;JPN;KOR;MEX;NLD;NOR;TUR;USA;ZAF/indicator/VC.IHR.PSRC.P5?format=json&date=1996:2024&per_page=20000,"Intentional homicides (per 100,000 people)",sha256:e9a648c0c7b58588f02986817d1638cb82d3073ee9615c0bb8913cf6ee17339f,OFFICIAL_API,VERIFIED,,False,False,World Bank published intentional-homicide rate.,1.14536412263401
6d846799-9a8c-416a-b1e0-9dec457f39e1,HARM,ESP,INTENTIONAL_HOMICIDE_RATE_PER_100K,1.28516221990896,PER_100K,1998-12-31,,2026-10-05T21:30:25.675437+00:00,World Bank API v2,https://api.worldbank.org/v2/country/AUS;BRA;CAN;CHE;DEU;ESP;FRA;GBR;GRC;IDN;IND;ITA;JPN;KOR;MEX;NLD;NOR;TUR;USA;ZAF/indicator/VC.IHR.PSRC.P5?format=json&date=1996:2024&per_page=20000,"Intentional homicides (per 100,000 people)",sha256:e9a648c0c7b58588f02986817d1638cb82d3073ee9615c0bb8913cf6ee17339f,OFFICIAL_API,VERIFIED,,False,False,World Bank published intentional-homicide rate.,1.28516221990896
78347269-a9e6-4e79-8696-cbf31c18710d,HARM,ESP,INTENTIONAL_HOMICIDE_RATE_PER_100K,1.19080123686025,PER_100K,1999-12-31,,2026-10-05T21:30:25.675437+00:00,World Bank API v2,https://api.worldbank.org/v2/country/AUS;BRA;CAN;CHE;DEU;ESP;FRA;GBR;GRC;IDN;IND;ITA;JPN;KOR;MEX;NLD;NOR;TUR;USA;ZAF/indicator/VC.IHR.PSRC.P5?format=json&date=1996:2024&per_page=20000,"Intentional homicides (per 100,000 people)",sha256:e9a648c0c7b58588f02986817d1638cb82d3073ee9615c0bb8913cf6ee17339f,OFFICIAL_API,VERIFIED,,False,False,World Bank published intentional-homicide rate.,1.19080123686025
45a1169e-3347-4865-bcf7-e76f0d11d1b6,HARM,ESP,INTENTIONAL_HOMICIDE_RATE_PER_100K,1.34813027799556,PER_100K,2000-12-31,,2026-10-05T21:30:25.675437+00:00,World Bank API v2,https://api.worldbank.org/v2/country/AUS;BRA;CAN;CHE;DEU;ESP;FRA;GBR;GRC;IDN;IND;ITA;JPN;KOR;MEX;NLD;NOR;TUR;USA;ZAF/indicator/VC.IHR.PSRC.P5?format=json&date=1996:2024&per_page=20000,"Intentional homicides (per 100,000 people)",sha256:e9a648c0c7b58588f02986817d1638cb82d3073ee9615c0bb8913cf6ee17339f,OFFICIAL_API,VERIFIED,,False,False,World Bank published intentional-homicide rate.,1.34813027799556
4d88a2d4-cea6-4ca5-8132-c401afe710aa,HARM,ESP,INTENTIONAL_HOMICIDE_RATE_PER_100K,1.3989371157037,PER_100K,2001-12-31,,2026-10-05T21:30:25.675437+00:00,World Bank API v2,https://api.worldbank.org/v2/country/AUS;BRA;CAN;CHE;DEU;ESP;FRA;GBR;GRC;IDN;IND;ITA;JPN;KOR;MEX;NLD;NOR;TUR;USA;ZAF/indicator/VC.IHR.PSRC.P5?format=json&date=1996:2024&per_page=20000,"Intentional homicides (per 100,000 people)",sha256:e9a648c0c7b58588f02986817d1638cb82d3073ee9615c0bb8913cf6ee17339f,OFFICIAL_API,VERIFIED,,False,False,World Bank published intentional-homicide rate.,1.3989371157037
be29186f-9509-451d-92c2-64c5a53e99f2,HARM,ESP,INTENTIONAL_HOMICIDE_RATE_PER_100K,1.35071366537132,PER_100K,2002-12-31,,2026-10-05T21:30:25.675437+00:00,World Bank API v2,https://api.worldbank.org/v2/country/AUS;BRA;CAN;CHE;DEU;ESP;FRA;GBR;GRC;IDN;IND;ITA;JPN;KOR;MEX;NLD;NOR;TUR;USA;ZAF/indicator/VC.IHR.PSRC.P5?format=json&date=1996:2024&per_page=20000,"Intentional homicides (per 100,000 people)",sha256:e9a648c0c7b58588f02986817d1638cb82d3073ee9615c0bb8913cf6ee17339f,OFFICIAL_API,VERIFIED,,False,False,World Bank published intentional-homicide rate.,1.35071366537132
9594cfe8-7ba0-437d-b3ef-8949a178dd21,HARM,ESP,INTENTIONAL_HOMICIDE_RATE_PER_100K,1.38096386713923,PER_100K,2003-12-31,,2026-10-05T21:30:25.675437+00:00,World Bank API v2,https://api.worldbank.org/v2/country/AUS;BRA;CAN;CHE;DEU;ESP;FRA;GBR;GRC;IDN;IND;ITA;JPN;KOR;MEX;NLD;NOR;TUR;USA;ZAF/indicator/VC.IHR.PSRC.P5?format=json&date=1996:2024&per_page=20000,"Intentional homicides (per 100,000 people)",sha256:e9a648c0c7b58588f02986817d1638cb82d3073ee9615c0bb8913cf6ee17339f,OFFICIAL_API,VERIFIED,,False,False,World Bank published intentional-homicide rate.,1.38096386713923
d5ebc6e0-3658-47f3-a180-ee998ce274ed,HARM,ESP,INTENTIONAL_HOMICIDE_RATE_PER_100K,1.20274134358143,PER_100K,2004-12-31,,2026-10-05T21:30:25.675437+00:00,World Bank API v2,https://api.worldbank.org/v2/country/AUS;BRA;CAN;CHE;DEU;ESP;FRA;GBR;GRC;IDN;IND;ITA;JPN;KOR;MEX;NLD;NOR;TUR;USA;ZAF/indicator/VC.IHR.PSRC.P5?format=json&date=1996:2024&per_page=20000,"Intentional homicides (per 100,000 people)",sha256:e9a648c0c7b58588f02986817d1638cb82d3073ee9615c0bb8913cf6ee17339f,OFFICIAL_API,VERIFIED,,False,False,World Bank published intentional-homicide rate.,1.20274134358143
5f86420d-54e2-4a4e-a4df-fd3fe15741e6,HARM,ESP,INTENTIONAL_HOMICIDE_RATE_PER_100K,1.17837383727999,PER_100K,2005-12-31,,2026-10-05T21:30:25.675437+00:00,World Bank API v2,https://api.worldbank.org/v2/country/AUS;BRA;CAN;CHE;DEU;ESP;FRA;GBR;GRC;IDN;IND;ITA;JPN;KOR;MEX;NLD;NOR;TUR;USA;ZAF/indicator/VC.IHR.PSRC.P5?format=json&date=1996:2024&per_page=20000,"Intentional homicides (per 100,000 people)",sha256:e9a648c0c7b58588f02986817d1638cb82d3073ee9615c0bb8913cf6ee17339f,OFFICIAL_API,VERIFIED,,False,False,World Bank published intentional-homicide rate.,1.17837383727999
de747418-43cc-49f4-b11d-d46941eb671d,HARM,ESP,INTENTIONAL_HOMICIDE_RATE_PER_100K,1.06498542161369,PER_100K,2006-12-31,,2026-10-05T21:30:25.675437+00:00,World Bank API v2,https://api.worldbank.org/v2/country/AUS;BRA;CAN;CHE;DEU;ESP;FRA;GBR;GRC;IDN;IND;ITA;JPN;KOR;MEX;NLD;NOR;TUR;USA;ZAF/indicator/VC.IHR.PSRC.P5?format=json&date=1996:2024&per_page=20000,"Intentional homicides (per 100,000 people)",sha256:e9a648c0c7b58588f02986817d1638cb82d3073ee9615c0bb8913cf6ee17339f,OFFICIAL_API,VERIFIED,,False,False,World Bank published intentional-homicide rate.,1.06498542161369
689629ce-4957-47fb-b043-187e199575b0,HARM,ESP,INTENTIONAL_HOMICIDE_RATE_PER_100K,1.0589564792395,PER_100K,2007-12-31,,2026-10-05T21:30:25.675437+00:00,World Bank API v2,https://api.worldbank.org/v2/country/AUS;BRA;CAN;CHE;DEU;ESP;FRA;GBR;GRC;IDN;IND;ITA;JPN;KOR;MEX;NLD;NOR;TUR;USA;ZAF/indicator/VC.IHR.PSRC.P5?format=json&date=1996:2024&per_page=20000,"Intentional homicides (per 100,000 people)",sha256:e9a648c0c7b58588f02986817d1638cb82d3073ee9615c0bb8913cf6ee17339f,OFFICIAL_API,VERIFIED,,False,False,World Bank published intentional-homicide rate.,1.0589564792395
2e646d41-13c9-457b-ac67-0db74d0a001e,HARM,ESP,INTENTIONAL_HOMICIDE_RATE_PER_100K,0.880284469874308,PER_100K,2008-12-31,,2026-10-05T21:30:25.675437+00:00,World Bank API v2,https://api.worldbank.org/v2/country/AUS;BRA;CAN;CHE;DEU;ESP;FRA;GBR;GRC;IDN;IND;ITA;JPN;KOR;MEX;NLD;NOR;TUR;USA;ZAF/indicator/VC.IHR.PSRC.P5?format=json&date=1996:2024&per_page=20000,"Intentional homicides (per 100,000 people)",sha256:e9a648c0c7b58588f02986817d1638cb82d3073ee9615c0bb8913cf6ee17339f,OFFICIAL_API,VERIFIED,,False,False,World Bank published intentional-homicide rate.,0.880284469874308
da6876f5-12eb-4267-8f50-ad82fba7abe8,HARM,ESP,INTENTIONAL_HOMICIDE_RATE_PER_100K,0.883453221366359,PER_100K,2009-12-31,,2026-10-05T21:30:25.675437+00:00,World Bank API v2,https://api.worldbank.org/v2/country/AUS;BRA;CAN;CHE;DEU;ESP;FRA;GBR;GRC;IDN;IND;ITA;JPN;KOR;MEX;NLD;NOR;TUR;USA;ZAF/indicator/VC.IHR.PSRC.P5?format=json&date=1996:2024&per_page=20000,"Intentional homicides (per 100,000 people)",sha256:e9a648c0c7b58588f02986817d1638cb82d3073ee9615c0bb8913cf6ee17339f,OFFICIAL_API,VERIFIED,,False,False,World Bank published intentional-homicide rate.,0.883453221366359
b244e0b9-fede-4d8b-9c55-da5fd235d026,HARM,ESP,INTENTIONAL_HOMICIDE_RATE_PER_100K,0.856097274768039,PER_100K,2010-12-31,,2026-10-05T21:30:25.675437+00:00,World Bank API v2,https://api.worldbank.org/v2/country/AUS;BRA;CAN;CHE;DEU;ESP;FRA;GBR;GRC;IDN;IND;ITA;JPN;KOR;MEX;NLD;NOR;TUR;USA;ZAF/indicator/VC.IHR.PSRC.P5?format=json&date=1996:2024&per_page=20000,"Intentional homicides (per 100,000 people)",sha256:e9a648c0c7b58588f02986817d1638cb82d3073ee9615c0bb8913cf6ee17339f,OFFICIAL_API,VERIFIED,,False,False,World Bank published intentional-homicide rate.,0.856097274768039
a0685128-5dad-45f9-be4d-bc7ba097af6c,HARM,ESP,INTENTIONAL_HOMICIDE_RATE_PER_100K,0.819183054272952,PER_100K,2011-12-31,,2026-10-05T21:30:25.675437+00:00,World Bank API v2,https://api.worldbank.org/v2/country/AUS;BRA;CAN;CHE;DEU;ESP;FRA;GBR;GRC;IDN;IND;ITA;JPN;KOR;MEX;NLD;NOR;TUR;USA;ZAF/indicator/VC.IHR.PSRC.P5?format=json&date=1996:2024&per_page=20000,"Intentional homicides (per 100,000 people)",sha256:e9a648c0c7b58588f02986817d1638cb82d3073ee9615c0bb8913cf6ee17339f,OFFICIAL_API,VERIFIED,,False,False,World Bank published intentional-homicide rate.,0.819183054272952
54d17808-7006-4217-93c3-74b826f33596,HARM,ESP,INTENTIONAL_HOMICIDE_RATE_PER_100K,0.774166283792877,PER_100K,2012-12-31,,2026-10-05T21:30:25.675437+00:00,World Bank API v2,https://api.worldbank.org/v2/country/AUS;BRA;CAN;CHE;DEU;ESP;FRA;GBR;GRC;IDN;IND;ITA;JPN;KOR;MEX;NLD;NOR;TUR;USA;ZAF/indicator/VC.IHR.PSRC.P5?format=json&date=1996:2024&per_page=20000,"Intentional homicides (per 100,000 people)",sha256:e9a648c0c7b58588f02986817d1638cb82d3073ee9615c0bb8913cf6ee17339f,OFFICIAL_API,VERIFIED,,False,False,World Bank published intentional-homicide rate.,0.774166283792877
43424806-722b-41fd-83c4-d948991b5cc5,HARM,ESP,INTENTIONAL_HOMICIDE_RATE_PER_100K,0.644467548060687,PER_100K,2013-12-31,,2026-10-05T21:30:25.675437+00:00,World Bank API v2,https://api.worldbank.org/v2/country/AUS;BRA;CAN;CHE;DEU;ESP;FRA;GBR;GRC;IDN;IND;ITA;JPN;KOR;MEX;NLD;NOR;TUR;USA;ZAF/indicator/VC.IHR.PSRC.P5?format=json&date=1996:2024&per_page=20000,"Intentional homicides (per 100,000 people)",sha256:e9a648c0c7b58588f02986817d1638cb82d3073ee9615c0bb8913cf6ee17339f,OFFICIAL_API,VERIFIED,,False,False,World Bank published intentional-homicide rate.,0.644467548060687
d103b3ff-b3d0-45c4-94d6-84a4318db5da,HARM,ESP,INTENTIONAL_HOMICIDE_RATE_PER_100K,0.691349965151574,PER_100K,2014-12-31,,2026-10-05T21:30:25.675437+00:00,World Bank API v2,https://api.worldbank.org/v2/country/AUS;BRA;CAN;CHE;DEU;ESP;FRA;GBR;GRC;IDN;IND;ITA;JPN;KOR;MEX;NLD;NOR;TUR;USA;ZAF/indicator/VC.IHR.PSRC.P5?format=json&date=1996:2024&per_page=20000,"Intentional homicides (per 100,000 people)",sha256:e9a648c0c7b58588f02986817d1638cb82d3073ee9615c0bb8913cf6ee17339f,OFFICIAL_API,VERIFIED,,False,False,World Bank published intentional-homicide rate.,0.691349965151574
4a3d647d-de42-4aa4-8b82-804dc50f7103,HARM,ESP,INTENTIONAL_HOMICIDE_RATE_PER_100K,0.646906930185419,PER_100K,2015-12-31,,2026-10-05T21:30:25.675437+00:00,World Bank API v2,https://api.worldbank.org/v2/country/AUS;BRA;CAN;CHE;DEU;ESP;FRA;GBR;GRC;IDN;IND;ITA;JPN;KOR;MEX;NLD;NOR;TUR;USA;ZAF/indicator/VC.IHR.PSRC.P5?format=json&date=1996:2024&per_page=20000,"Intentional homicides (per 100,000 people)",sha256:e9a648c0c7b58588f02986817d1638cb82d3073ee9615c0bb8913cf6ee17339f,OFFICIAL_API,VERIFIED,,False,False,World Bank published intentional-homicide rate.,0.646906930185419
748287a1-b27b-4cb0-b907-808cd3326f07,HARM,ESP,INTENTIONAL_HOMICIDE_RATE_PER_100K,0.629108853827649,PER_100K,2016-12-31,,2026-10-05T21:30:25.675437+00:00,World Bank API v2,https://api.worldbank.org/v2/country/AUS;BRA;CAN;CHE;DEU;ESP;FRA;GBR;GRC;IDN;IND;ITA;JPN;KOR;MEX;NLD;NOR;TUR;USA;ZAF/indicator/VC.IHR.PSRC.P5?format=json&date=1996:2024&per_page=20000,"Intentional homicides (per 100,000 people)",sha256:e9a648c0c7b58588f02986817d1638cb82d3073ee9615c0bb8913cf6ee17339f,OFFICIAL_API,VERIFIED,,False,False,World Bank published intentional-homicide rate.,0.629108853827649
1a3183f5-46c3-4219-bc2d-a6b60c0b49d1,HARM,ESP,INTENTIONAL_HOMICIDE_RATE_PER_100K,0.655022828665732,PER_100K,2017-12-31,,2026-10-05T21:30:25.675437+00:00,World Bank API v2,https://api.worldbank.org/v2/country/AUS;BRA;CAN;CHE;DEU;ESP;FRA;GBR;GRC;IDN;IND;ITA;JPN;KOR;MEX;NLD;NOR;TUR;USA;ZAF/indicator/VC.IHR.PSRC.P5?format=json&date=1996:2024&per_page=20000,"Intentional homicides (per 100,000 people)",sha256:e9a648c0c7b58588f02986817d1638cb82d3073ee9615c0bb8913cf6ee17339f,OFFICIAL_API,VERIFIED,,False,False,World Bank published intentional-homicide rate.,0.655022828665732
995b8dea-8876-4013-8300-2d59bd8ba23c,HARM,ESP,INTENTIONAL_HOMICIDE_RATE_PER_100K,0.613681647994712,PER_100K,2018-12-31,,2026-10-05T21:30:25.675437+00:00,World Bank API v2,https://api.worldbank.org/v2/country/AUS;BRA;CAN;CHE;DEU;ESP;FRA;GBR;GRC;IDN;IND;ITA;JPN;KOR;MEX;NLD;NOR;TUR;USA;ZAF/indicator/VC.IHR.PSRC.P5?format=json&date=1996:2024&per_page=20000,"Intentional homicides (per 100,000 people)",sha256:e9a648c0c7b58588f02986817d1638cb82d3073ee9615c0bb8913cf6ee17339f,OFFICIAL_API,VERIFIED,,False,False,World Bank published intentional-homicide rate.,0.613681647994712
2574cf06-2c9d-4f21-96a3-0bd8f2a3259b,HARM,ESP,INTENTIONAL_HOMICIDE_RATE_PER_100K,0.69779523479218,PER_100K,2019-12-31,,2026-10-05T21:30:25.675437+00:00,World Bank API v2,https://api.worldbank.org/v2/country/AUS;BRA;CAN;CHE;DEU;ESP;FRA;GBR;GRC;IDN;IND;ITA;JPN;KOR;MEX;NLD;NOR;TUR;USA;ZAF/indicator/VC.IHR.PSRC.P5?format=json&date=1996:2024&per_page=20000,"Intentional homicides (per 100,000 people)",sha256:e9a648c0c7b58588f02986817d1638cb82d3073ee9615c0bb8913cf6ee17339f,OFFICIAL_API,VERIFIED,,False,False,World Bank published intentional-homicide rate.,0.69779523479218
190cb706-ab61-4ad4-a33e-562ac5a9e680,HARM,ESP,INTENTIONAL_HOMICIDE_RATE_PER_100K,0.69421884953507,PER_100K,2020-12-31,,2026-10-05T21:30:25.675437+00:00,World Bank API v2,https://api.worldbank.org/v2/country/AUS;BRA;CAN;CHE;DEU;ESP;FRA;GBR;GRC;IDN;IND;ITA;JPN;KOR;MEX;NLD;NOR;TUR;USA;ZAF/indicator/VC.IHR.PSRC.P5?format=json&date=1996:2024&per_page=20000,"Intentional homicides (per 100,000 people)",sha256:e9a648c0c7b58588f02986817d1638cb82d3073ee9615c0bb8913cf6ee17339f,OFFICIAL_API,VERIFIED,,False,False,World Bank published intentional-homicide rate.,0.69421884953507
dd3a1f17-5c95-4f0e-bfd5-9fa3c327cd43,HARM,ESP,INTENTIONAL_HOMICIDE_RATE_PER_100K,0.607512242916661,PER_100K,2021-12-31,,2026-10-05T21:30:25.675437+00:00,World Bank API v2,https://api.worldbank.org/v2/country/AUS;BRA;CAN;CHE;DEU;ESP;FRA;GBR;GRC;IDN;IND;ITA;JPN;KOR;MEX;NLD;NOR;TUR;USA;ZAF/indicator/VC.IHR.PSRC.P5?format=json&date=1996:2024&per_page=20000,"Intentional homicides (per 100,000 people)",sha256:e9a648c0c7b58588f02986817d1638cb82d3073ee9615c0bb8913cf6ee17339f,OFFICIAL_API,VERIFIED,,False,False,World Bank published intentional-homicide rate.,0.607512242916661
a33642c0-7476-495d-9139-013b9894881c,HARM,ESP,INTENTIONAL_HOMICIDE_RATE_PER_100K,0.679512839473507,PER_100K,2022-12-31,,2026-10-05T21:30:25.675437+00:00,World Bank API v2,https://api.worldbank.org/v2/country/AUS;BRA;CAN;CHE;DEU;ESP;FRA;GBR;GRC;IDN;IND;ITA;JPN;KOR;MEX;NLD;NOR;TUR;USA;ZAF/indicator/VC.IHR.PSRC.P5?format=json&date=1996:2024&per_page=20000,"Intentional homicides (per 100,000 people)",sha256:e9a648c0c7b58588f02986817d1638cb82d3073ee9615c0bb8913cf6ee17339f,OFFICIAL_API,VERIFIED,,False,False,World Bank published intentional-homicide rate.,0.679512839473507
98e86959-0d8e-4a26-b9c9-d8647c5fce50,HARM,ESP,INTENTIONAL_HOMICIDE_RATE_PER_100K,0.690855954769765,PER_100K,2023-12-31,,2026-10-05T21:30:25.675437+00:00,World Bank API v2,https://api.worldbank.org/v2/country/AUS;BRA;CAN;CHE;DEU;ESP;FRA;GBR;GRC;IDN;IND;ITA;JPN;KOR;MEX;NLD;NOR;TUR;USA;ZAF/indicator/VC.IHR.PSRC.P5?format=json&date=1996:2024&per_page=20000,"Intentional homicides (per 100,000 people)",sha256:e9a648c0c7b58588f02986817d1638cb82d3073ee9615c0bb8913cf6ee17339f,OFFICIAL_API,VERIFIED,,False,False,World Bank published intentional-homicide rate.,0.690855954769765
85ed0e6a-62b1-464f-8941-20afc78ca4ad,HARM,ESP,INTENTIONAL_HOMICIDE_RATE_PER_100K,,PER_100K,2024-12-31,,2026-10-05T21:30:25.697389+00:00,NO_SOURCE_VALUE,,No source value retrieved,,UNAVAILABLE,UNAVAILABLE,SOURCE_HAS_NO_VALUE_FOR_COUNTRY_YEAR,False,False,World Bank published intentional-homicide rate.,
9891ff56-8c67-4def-a0c3-7712f1edd5cd,HARM,FRA,INTENTIONAL_HOMICIDE_RATE_PER_100K,2.00580187184137,PER_100K,1996-12-31,,2026-10-05T21:30:25.675437+00:00,World Bank API v2,https://api.worldbank.org/v2/country/AUS;BRA;CAN;CHE;DEU;ESP;FRA;GBR;GRC;IDN;IND;ITA;JPN;KOR;MEX;NLD;NOR;TUR;USA;ZAF/indicator/VC.IHR.PSRC.P5?format=json&date=1996:2024&per_page=20000,"Intentional homicides (per 100,000 people)",sha256:e9a648c0c7b58588f02986817d1638cb82d3073ee9615c0bb8913cf6ee17339f,OFFICIAL_API,VERIFIED,,False,False,World Bank published intentional-homicide rate.,2.00580187184137
e4529b78-a3a1-4fc3-bd2d-4ad6296f65d5,HARM,FRA,INTENTIONAL_HOMICIDE_RATE_PER_100K,1.64422406112757,PER_100K,1997-12-31,,2026-10-05T21:30:25.675437+00:00,World Bank API v2,https://api.worldbank.org/v2/country/AUS;BRA;CAN;CHE;DEU;ESP;FRA;GBR;GRC;IDN;IND;ITA;JPN;KOR;MEX;NLD;NOR;TUR;USA;ZAF/indicator/VC.IHR.PSRC.P5?format=json&date=1996:2024&per_page=20000,"Intentional homicides (per 100,000 people)",sha256:e9a648c0c7b58588f02986817d1638cb82d3073ee9615c0bb8913cf6ee17339f,OFFICIAL_API,VERIFIED,,False,False,World Bank published intentional-homicide rate.,1.64422406112757
015327f0-e218-48bb-bb6f-9a04d7e30125,HARM,FRA,INTENTIONAL_HOMICIDE_RATE_PER_100K,1.63494276577466,PER_100K,1998-12-31,,2026-10-05T21:30:25.675437+00:00,World Bank API v2,https://api.worldbank.org/v2/country/AUS;BRA;CAN;CHE;DEU;ESP;FRA;GBR;GRC;IDN;IND;ITA;JPN;KOR;MEX;NLD;NOR;TUR;USA;ZAF/indicator/VC.IHR.PSRC.P5?format=json&date=1996:2024&per_page=20000,"Intentional homicides (per 100,000 people)",sha256:e9a648c0c7b58588f02986817d1638cb82d3073ee9615c0bb8913cf6ee17339f,OFFICIAL_API,VERIFIED,,False,False,World Bank published intentional-homicide rate.,1.63494276577466
835b5928-d652-4188-923e-fb480b2ce223,HARM,FRA,INTENTIONAL_HOMICIDE_RATE_PER_100K,1.61295208990693,PER_100K,1999-12-31,,2026-10-05T21:30:25.675437+00:00,World Bank API v2,https://api.worldbank.org/v2/country/AUS;BRA;CAN;CHE;DEU;ESP;FRA;GBR;GRC;IDN;IND;ITA;JPN;KOR;MEX;NLD;NOR;TUR;USA;ZAF/indicator/VC.IHR.PSRC.P5?format=json&date=1996:2024&per_page=20000,"Intentional homicides (per 100,000 people)",sha256:e9a648c0c7b58588f02986817d1638cb82d3073ee9615c0bb8913cf6ee17339f,OFFICIAL_API,VERIFIED,,False,False,World Bank published intentional-homicide rate.,1.61295208990693
26eb0364-c823-464f-916c-d3c6a6db6c23,HARM,FRA,INTENTIONAL_HOMICIDE_RATE_PER_100K,1.76687009797043,PER_100K,2000-12-31,,2026-10-05T21:30:25.675437+00:00,World Bank API v2,https://api.worldbank.org/v2/country/AUS;BRA;CAN;CHE;DEU;ESP;FRA;GBR;GRC;IDN;IND;ITA;JPN;KOR;MEX;NLD;NOR;TUR;USA;ZAF/indicator/VC.IHR.PSRC.P5?format=json&date=1996:2024&per_page=20000,"Intentional homicides (per 100,000 people)",sha256:e9a648c0c7b58588f02986817d1638cb82d3073ee9615c0bb8913cf6ee17339f,OFFICIAL_API,VERIFIED,,False,False,World Bank published intentional-homicide rate.,1.76687009797043
a738a2b9-19ed-4add-a317-c7ae183a5b47,HARM,FRA,INTENTIONAL_HOMICIDE_RATE_PER_100K,1.74776357833476,PER_100K,2001-12-31,,2026-10-05T21:30:25.675437+00:00,World Bank API v2,https://api.worldbank.org/v2/country/AUS;BRA;CAN;CHE;DEU;ESP;FRA;GBR;GRC;IDN;IND;ITA;JPN;KOR;MEX;NLD;NOR;TUR;USA;ZAF/indicator/VC.IHR.PSRC.P5?format=json&date=1996:2024&per_page=20000,"Intentional homicides (per 100,000 people)",sha256:e9a648c0c7b58588f02986817d1638cb82d3073ee9615c0bb8913cf6ee17339f,OFFICIAL_API,VERIFIED,,False,False,World Bank published intentional-homicide rate.,1.74776357833476
fd31ae0d-b5ae-42af-8f48-630009743e81,HARM,FRA,INTENTIONAL_HOMICIDE_RATE_PER_100K,1.85488321960253,PER_100K,2002-12-31,,2026-10-05T21:30:25.675437+00:00,World Bank API v2,https://api.worldbank.org/v2/country/AUS;BRA;CAN;CHE;DEU;ESP;FRA;GBR;GRC;IDN;IND;ITA;JPN;KOR;MEX;NLD;NOR;TUR;USA;ZAF/indicator/VC.IHR.PSRC.P5?format=json&date=1996:2024&per_page=20000,"Intentional homicides (per 100,000 people)",sha256:e9a648c0c7b58588f02986817d1638cb82d3073ee9615c0bb8913cf6ee17339f,OFFICIAL_API,VERIFIED,,False,False,World Bank published intentional-homicide rate.,1.85488321960253
ff50e9ed-f434-4b3f-93f5-55502da33e35,HARM,FRA,INTENTIONAL_HOMICIDE_RATE_PER_100K,1.62492873135846,PER_100K,2003-12-31,,2026-10-05T21:30:25.675437+00:00,World Bank API v2,https://api.worldbank.org/v2/country/AUS;BRA;CAN;CHE;DEU;ESP;FRA;GBR;GRC;IDN;IND;ITA;JPN;KOR;MEX;NLD;NOR;TUR;USA;ZAF/indicator/VC.IHR.PSRC.P5?format=json&date=1996:2024&per_page=20000,"Intentional homicides (per 100,000 people)",sha256:e9a648c0c7b58588f02986817d1638cb82d3073ee9615c0bb8913cf6ee17339f,OFFICIAL_API,VERIFIED,,False,False,World Bank published intentional-homicide rate.,1.62492873135846
d40f70f6-2335-4cda-904a-676bee8e1bad,HARM,FRA,INTENTIONAL_HOMICIDE_RATE_PER_100K,1.61830161158403,PER_100K,2004-12-31,,2026-10-05T21:30:25.675437+00:00,World Bank API v2,https://api.worldbank.org/v2/country/AUS;BRA;CAN;CHE;DEU;ESP;FRA;GBR;GRC;IDN;IND;ITA;JPN;KOR;MEX;NLD;NOR;TUR;USA;ZAF/indicator/VC.IHR.PSRC.P5?format=json&date=1996:2024&per_page=20000,"Intentional homicides (per 100,000 people)",sha256:e9a648c0c7b58588f02986817d1638cb82d3073ee9615c0bb8913cf6ee17339f,OFFICIAL_API,VERIFIED,,False,False,World Bank published intentional-homicide rate.,1.61830161158403
6d9f0a5e-19af-4c79-9989-7049dd5a8351,HARM,FRA,INTENTIONAL_HOMICIDE_RATE_PER_100K,1.58377199706769,PER_100K,2005-12-31,,2026-10-05T21:30:25.675437+00:00,World Bank API v2,https://api.worldbank.org/v2/country/AUS;BRA;CAN;CHE;DEU;ESP;FRA;GBR;GRC;IDN;IND;ITA;JPN;KOR;MEX;NLD;NOR;TUR;USA;ZAF/indicator/VC.IHR.PSRC.P5?format=json&date=1996:2024&per_page=20000,"Intentional homicides (per 100,000 people)",sha256:e9a648c0c7b58588f02986817d1638cb82d3073ee9615c0bb8913cf6ee17339f,OFFICIAL_API,VERIFIED,,False,False,World Bank published intentional-homicide rate.,1.58377199706769
e9efad4a-5065-46ab-9ee0-3f47c8aa1d66,HARM,FRA,INTENTIONAL_HOMICIDE_RATE_PER_100K,1.41660322639846,PER_100K,2006-12-31,,2026-10-05T21:30:25.675437+00:00,World Bank API v2,https://api.worldbank.org/v2/country/AUS;BRA;CAN;CHE;DEU;ESP;FRA;GBR;GRC;IDN;IND;ITA;JPN;KOR;MEX;NLD;NOR;TUR;USA;ZAF/indicator/VC.IHR.PSRC.P5?format=json&date=1996:2024&per_page=20000,"Intentional homicides (per 100,000 people)",sha256:e9a648c0c7b58588f02986817d1638cb82d3073ee9615c0bb8913cf6ee17339f,OFFICIAL_API,VERIFIED,,False,False,World Bank published intentional-homicide rate.,1.41660322639846
f427d4b4-12e8-448d-a2ba-7da4d8b2c513,HARM,FRA,INTENTIONAL_HOMICIDE_RATE_PER_100K,1.59051931320511,PER_100K,2007-12-31,,2026-10-05T21:30:25.675437+00:00,World Bank API v2,https://api.worldbank.org/v2/country/AUS;BRA;CAN;CHE;DEU;ESP;FRA;GBR;GRC;IDN;IND;ITA;JPN;KOR;MEX;NLD;NOR;TUR;USA;ZAF/indicator/VC.IHR.PSRC.P5?format=json&date=1996:2024&per_page=20000,"Intentional homicides (per 100,000 people)",sha256:e9a648c0c7b58588f02986817d1638cb82d3073ee9615c0bb8913cf6ee17339f,OFFICIAL_API,VERIFIED,,False,False,World Bank published intentional-homicide rate.,1.59051931320511
ed676b5c-d46e-4db8-acf7-9ad2a38f5c3e,HARM,FRA,INTENTIONAL_HOMICIDE_RATE_PER_100K,1.62630919084507,PER_100K,2008-12-31,,2026-10-05T21:30:25.675437+00:00,World Bank API v2,https://api.worldbank.org/v2/country/AUS;BRA;CAN;CHE;DEU;ESP;FRA;GBR;GRC;IDN;IND;ITA;JPN;KOR;MEX;NLD;NOR;TUR;USA;ZAF/indicator/VC.IHR.PSRC.P5?format=json&date=1996:2024&per_page=20000,"Intentional homicides (per 100,000 people)",sha256:e9a648c0c7b58588f02986817d1638cb82d3073ee9615c0bb8913cf6ee17339f,OFFICIAL_API,VERIFIED,,False,False,World Bank published intentional-homicide rate.,1.62630919084507
32cb23c3-f082-47a1-bdbc-a23315dddf3a,HARM,FRA,INTENTIONAL_HOMICIDE_RATE_PER_100K,1.29780685062321,PER_100K,2009-12-31,,2026-10-05T21:30:25.675437+00:00,World Bank API v2,https://api.worldbank.org/v2/country/AUS;BRA;CAN;CHE;DEU;ESP;FRA;GBR;GRC;IDN;IND;ITA;JPN;KOR;MEX;NLD;NOR;TUR;USA;ZAF/indicator/VC.IHR.PSRC.P5?format=json&date=1996:2024&per_page=20000,"Intentional homicides (per 100,000 people)",sha256:e9a648c0c7b58588f02986817d1638cb82d3073ee9615c0bb8913cf6ee17339f,OFFICIAL_API,VERIFIED,,False,False,World Bank published intentional-homicide rate.,1.29780685062321
5cbdfd45-9ec5-4f3b-940d-7774374b75c6,HARM,FRA,INTENTIONAL_HOMICIDE_RATE_PER_100K,1.25517676645729,PER_100K,2010-12-31,,2026-10-05T21:30:25.675437+00:00,World Bank API v2,https://api.worldbank.org/v2/country/AUS;BRA;CAN;CHE;DEU;ESP;FRA;GBR;GRC;IDN;IND;ITA;JPN;KOR;MEX;NLD;NOR;TUR;USA;ZAF/indicator/VC.IHR.PSRC.P5?format=json&date=1996:2024&per_page=20000,"Intentional homicides (per 100,000 people)",sha256:e9a648c0c7b58588f02986817d1638cb82d3073ee9615c0bb8913cf6ee17339f,OFFICIAL_API,VERIFIED,,False,False,World Bank published intentional-homicide rate.,1.25517676645729
7dd44551-b313-4a7d-8d1c-4c04a4457cae,HARM,FRA,INTENTIONAL_HOMICIDE_RATE_PER_100K,1.34308688468283,PER_100K,2011-12-31,,2026-10-05T21:30:25.675437+00:00,World Bank API v2,https://api.worldbank.org/v2/country/AUS;BRA;CAN;CHE;DEU;ESP;FRA;GBR;GRC;IDN;IND;ITA;JPN;KOR;MEX;NLD;NOR;TUR;USA;ZAF/indicator/VC.IHR.PSRC.P5?format=json&date=1996:2024&per_page=20000,"Intentional homicides (per 100,000 people)",sha256:e9a648c0c7b58588f02986817d1638cb82d3073ee9615c0bb8913cf6ee17339f,OFFICIAL_API,VERIFIED,,False,False,World Bank published intentional-homicide rate.,1.34308688468283
7c509f02-5afb-4161-9eef-9682a16ec79f,HARM,FRA,INTENTIONAL_HOMICIDE_RATE_PER_100K,1.22388195514924,PER_100K,2012-12-31,,2026-10-05T21:30:25.675437+00:00,World Bank API v2,https://api.worldbank.org/v2/country/AUS;BRA;CAN;CHE;DEU;ESP;FRA;GBR;GRC;IDN;IND;ITA;JPN;KOR;MEX;NLD;NOR;TUR;USA;ZAF/indicator/VC.IHR.PSRC.P5?format=json&date=1996:2024&per_page=20000,"Intentional homicides (per 100,000 people)",sha256:e9a648c0c7b58588f02986817d1638cb82d3073ee9615c0bb8913cf6ee17339f,OFFICIAL_API,VERIFIED,,False,False,World Bank published intentional-homicide rate.,1.22388195514924
0e1fc79f-20fb-4429-9651-62db31ed203b,HARM,FRA,INTENTIONAL_HOMICIDE_RATE_PER_100K,1.20675158408277,PER_100K,2013-12-31,,2026-10-05T21:30:25.675437+00:00,World Bank API v2,https://api.worldbank.org/v2/country/AUS;BRA;CAN;CHE;DEU;ESP;FRA;GBR;GRC;IDN;IND;ITA;JPN;KOR;MEX;NLD;NOR;TUR;USA;ZAF/indicator/VC.IHR.PSRC.P5?format=json&date=1996:2024&per_page=20000,"Intentional homicides (per 100,000 people)",sha256:e9a648c0c7b58588f02986817d1638cb82d3073ee9615c0bb8913cf6ee17339f,OFFICIAL_API,VERIFIED,,False,False,World Bank published intentional-homicide rate.,1.20675158408277
c1352141-8b20-4a03-8f88-fcdb9d2093b4,HARM,FRA,INTENTIONAL_HOMICIDE_RATE_PER_100K,1.2242533397519,PER_100K,2014-12-31,,2026-10-05T21:30:25.675437+00:00,World Bank API v2,https://api.worldbank.org/v2/country/AUS;BRA;CAN;CHE;DEU;ESP;FRA;GBR;GRC;IDN;IND;ITA;JPN;KOR;MEX;NLD;NOR;TUR;USA;ZAF/indicator/VC.IHR.PSRC.P5?format=json&date=1996:2024&per_page=20000,"Intentional homicides (per 100,000 people)",sha256:e9a648c0c7b58588f02986817d1638cb82d3073ee9615c0bb8913cf6ee17339f,OFFICIAL_API,VERIFIED,,False,False,World Bank published intentional-homicide rate.,1.2242533397519
d9b9ceca-298e-49c6-a5ae-1dbc13c62445,HARM,FRA,INTENTIONAL_HOMICIDE_RATE_PER_100K,1.55892963521539,PER_100K,2015-12-31,,2026-10-05T21:30:25.675437+00:00,World Bank API v2,https://api.worldbank.org/v2/country/AUS;BRA;CAN;CHE;DEU;ESP;FRA;GBR;GRC;IDN;IND;ITA;JPN;KOR;MEX;NLD;NOR;TUR;USA;ZAF/indicator/VC.IHR.PSRC.P5?format=json&date=1996:2024&per_page=20000,"Intentional homicides (per 100,000 people)",sha256:e9a648c0c7b58588f02986817d1638cb82d3073ee9615c0bb8913cf6ee17339f,OFFICIAL_API,VERIFIED,,False,False,World Bank published intentional-homicide rate.,1.55892963521539
d5bde0fe-2cdb-41b5-b30c-d76e426bc3ca,HARM,FRA,INTENTIONAL_HOMICIDE_RATE_PER_100K,1.19686224509648,PER_100K,2016-12-31,,2026-10-05T21:30:25.675437+00:00,World Bank API v2,https://api.worldbank.org/v2/country/AUS;BRA;CAN;CHE;DEU;ESP;FRA;GBR;GRC;IDN;IND;ITA;JPN;KOR;MEX;NLD;NOR;TUR;USA;ZAF/indicator/VC.IHR.PSRC.P5?format=json&date=1996:2024&per_page=20000,"Intentional homicides (per 100,000 people)",sha256:e9a648c0c7b58588f02986817d1638cb82d3073ee9615c0bb8913cf6ee17339f,OFFICIAL_API,VERIFIED,,False,False,World Bank published intentional-homicide rate.,1.19686224509648
d7ac3c18-a8c0-45a4-bdac-1563c09497ee,HARM,FRA,INTENTIONAL_HOMICIDE_RATE_PER_100K,1.08754298245582,PER_100K,2017-12-31,,2026-10-05T21:30:25.675437+00:00,World Bank API v2,https://api.worldbank.org/v2/country/AUS;BRA;CAN;CHE;DEU;ESP;FRA;GBR;GRC;IDN;IND;ITA;JPN;KOR;MEX;NLD;NOR;TUR;USA;ZAF/indicator/VC.IHR.PSRC.P5?format=json&date=1996:2024&per_page=20000,"Intentional homicides (per 100,000 people)",sha256:e9a648c0c7b58588f02986817d1638cb82d3073ee9615c0bb8913cf6ee17339f,OFFICIAL_API,VERIFIED,,False,False,World Bank published intentional-homicide rate.,1.08754298245582
e50351e9-01cf-4d82-915b-64902219622d,HARM,FRA,INTENTIONAL_HOMICIDE_RATE_PER_100K,1.06227847973755,PER_100K,2018-12-31,,2026-10-05T21:30:25.675437+00:00,World Bank API v2,https://api.worldbank.org/v2/country/AUS;BRA;CAN;CHE;DEU;ESP;FRA;GBR;GRC;IDN;IND;ITA;JPN;KOR;MEX;NLD;NOR;TUR;USA;ZAF/indicator/VC.IHR.PSRC.P5?format=json&date=1996:2024&per_page=20000,"Intentional homicides (per 100,000 people)",sha256:e9a648c0c7b58588f02986817d1638cb82d3073ee9615c0bb8913cf6ee17339f,OFFICIAL_API,VERIFIED,,False,False,World Bank published intentional-homicide rate.,1.06227847973755
fb4178a1-de4a-47ab-b651-e2a630000fd0,HARM,FRA,INTENTIONAL_HOMICIDE_RATE_PER_100K,1.14560504750237,PER_100K,2019-12-31,,2026-10-05T21:30:25.675437+00:00,World Bank API v2,https://api.worldbank.org/v2/country/AUS;BRA;CAN;CHE;DEU;ESP;FRA;GBR;GRC;IDN;IND;ITA;JPN;KOR;MEX;NLD;NOR;TUR;USA;ZAF/indicator/VC.IHR.PSRC.P5?format=json&date=1996:2024&per_page=20000,"Intentional homicides (per 100,000 people)",sha256:e9a648c0c7b58588f02986817d1638cb82d3073ee9615c0bb8913cf6ee17339f,OFFICIAL_API,VERIFIED,,False,False,World Bank published intentional-homicide rate.,1.14560504750237
70fea0ca-3b4e-420b-af2d-fabc93bafcb0,HARM,FRA,INTENTIONAL_HOMICIDE_RATE_PER_100K,1.04999178555921,PER_100K,2020-12-31,,2026-10-05T21:30:25.675437+00:00,World Bank API v2,https://api.worldbank.org/v2/country/AUS;BRA;CAN;CHE;DEU;ESP;FRA;GBR;GRC;IDN;IND;ITA;JPN;KOR;MEX;NLD;NOR;TUR;USA;ZAF/indicator/VC.IHR.PSRC.P5?format=json&date=1996:2024&per_page=20000,"Intentional homicides (per 100,000 people)",sha256:e9a648c0c7b58588f02986817d1638cb82d3073ee9615c0bb8913cf6ee17339f,OFFICIAL_API,VERIFIED,,False,False,World Bank published intentional-homicide rate.,1.04999178555921
cb43d57e-2725-42da-a756-7ca5704325a6,HARM,FRA,INTENTIONAL_HOMICIDE_RATE_PER_100K,1.11071518973766,PER_100K,2021-12-31,,2026-10-05T21:30:25.675437+00:00,World Bank API v2,https://api.worldbank.org/v2/country/AUS;BRA;CAN;CHE;DEU;ESP;FRA;GBR;GRC;IDN;IND;ITA;JPN;KOR;MEX;NLD;NOR;TUR;USA;ZAF/indicator/VC.IHR.PSRC.P5?format=json&date=1996:2024&per_page=20000,"Intentional homicides (per 100,000 people)",sha256:e9a648c0c7b58588f02986817d1638cb82d3073ee9615c0bb8913cf6ee17339f,OFFICIAL_API,VERIFIED,,False,False,World Bank published intentional-homicide rate.,1.11071518973766
decd84a0-ab09-4090-a053-87cc17b55c96,HARM,FRA,INTENTIONAL_HOMICIDE_RATE_PER_100K,1.23873280289769,PER_100K,2022-12-31,,2026-10-05T21:30:25.675437+00:00,World Bank API v2,https://api.worldbank.org/v2/country/AUS;BRA;CAN;CHE;DEU;ESP;FRA;GBR;GRC;IDN;IND;ITA;JPN;KOR;MEX;NLD;NOR;TUR;USA;ZAF/indicator/VC.IHR.PSRC.P5?format=json&date=1996:2024&per_page=20000,"Intentional homicides (per 100,000 people)",sha256:e9a648c0c7b58588f02986817d1638cb82d3073ee9615c0bb8913cf6ee17339f,OFFICIAL_API,VERIFIED,,False,False,World Bank published intentional-homicide rate.,1.23873280289769
0c225fee-95b5-4a5e-a47d-00bdde35f630,HARM,FRA,INTENTIONAL_HOMICIDE_RATE_PER_100K,1.33506280409367,PER_100K,2023-12-31,,2026-10-05T21:30:25.675437+00:00,World Bank API v2,https://api.worldbank.org/v2/country/AUS;BRA;CAN;CHE;DEU;ESP;FRA;GBR;GRC;IDN;IND;ITA;JPN;KOR;MEX;NLD;NOR;TUR;USA;ZAF/indicator/VC.IHR.PSRC.P5?format=json&date=1996:2024&per_page=20000,"Intentional homicides (per 100,000 people)",sha256:e9a648c0c7b58588f02986817d1638cb82d3073ee9615c0bb8913cf6ee17339f,OFFICIAL_API,VERIFIED,,False,False,World Bank published intentional-homicide rate.,1.33506280409367
4ecb24c9-ba3a-4196-af40-fe455e8910dd,HARM,FRA,INTENTIONAL_HOMICIDE_RATE_PER_100K,,PER_100K,2024-12-31,,2026-10-05T21:30:25.701644+00:00,NO_SOURCE_VALUE,,No source value retrieved,,UNAVAILABLE,UNAVAILABLE,SOURCE_HAS_NO_VALUE_FOR_COUNTRY_YEAR,False,False,World Bank published intentional-homicide rate.,
056a346b-622c-4f6c-b873-886c3c58f944,HARM,GBR,INTENTIONAL_HOMICIDE_RATE_PER_100K,1.281335140925,PER_100K,1996-12-31,,2026-10-05T21:30:25.675437+00:00,World Bank API v2,https://api.worldbank.org/v2/country/AUS;BRA;CAN;CHE;DEU;ESP;FRA;GBR;GRC;IDN;IND;ITA;JPN;KOR;MEX;NLD;NOR;TUR;USA;ZAF/indicator/VC.IHR.PSRC.P5?format=json&date=1996:2024&per_page=20000,"Intentional homicides (per 100,000 people)",sha256:e9a648c0c7b58588f02986817d1638cb82d3073ee9615c0bb8913cf6ee17339f,OFFICIAL_API,VERIFIED,,False,False,World Bank published intentional-homicide rate.,1.281335140925
33f862f8-c3fc-4bbb-b80d-02068afcdd21,HARM,GBR,INTENTIONAL_HOMICIDE_RATE_PER_100K,1.25412576150713,PER_100K,1997-12-31,,2026-10-05T21:30:25.675437+00:00,World Bank API v2,https://api.worldbank.org/v2/country/AUS;BRA;CAN;CHE;DEU;ESP;FRA;GBR;GRC;IDN;IND;ITA;JPN;KOR;MEX;NLD;NOR;TUR;USA;ZAF/indicator/VC.IHR.PSRC.P5?format=json&date=1996:2024&per_page=20000,"Intentional homicides (per 100,000 people)",sha256:e9a648c0c7b58588f02986817d1638cb82d3073ee9615c0bb8913cf6ee17339f,OFFICIAL_API,VERIFIED,,False,False,World Bank published intentional-homicide rate.,1.25412576150713
59d926d2-34d7-4a73-a52d-c1a0a9adb5ba,HARM,GBR,INTENTIONAL_HOMICIDE_RATE_PER_100K,1.38332593669012,PER_100K,1998-12-31,,2026-10-05T21:30:25.675437+00:00,World Bank API v2,https://api.worldbank.org/v2/country/AUS;BRA;CAN;CHE;DEU;ESP;FRA;GBR;GRC;IDN;IND;ITA;JPN;KOR;MEX;NLD;NOR;TUR;USA;ZAF/indicator/VC.IHR.PSRC.P5?format=json&date=1996:2024&per_page=20000,"Intentional homicides (per 100,000 people)",sha256:e9a648c0c7b58588f02986817d1638cb82d3073ee9615c0bb8913cf6ee17339f,OFFICIAL_API,VERIFIED,,False,False,World Bank published intentional-homicide rate.,1.38332593669012
892456c1-92f6-44ba-9b5c-381bba3a249c,HARM,GBR,INTENTIONAL_HOMICIDE_RATE_PER_100K,1.40043985028414,PER_100K,1999-12-31,,2026-10-05T21:30:25.675437+00:00,World Bank API v2,https://api.worldbank.org/v2/country/AUS;BRA;CAN;CHE;DEU;ESP;FRA;GBR;GRC;IDN;IND;ITA;JPN;KOR;MEX;NLD;NOR;TUR;USA;ZAF/indicator/VC.IHR.PSRC.P5?format=json&date=1996:2024&per_page=20000,"Intentional homicides (per 100,000 people)",sha256:e9a648c0c7b58588f02986817d1638cb82d3073ee9615c0bb8913cf6ee17339f,OFFICIAL_API,VERIFIED,,False,False,World Bank published intentional-homicide rate.,1.40043985028414
fc99607e-f3ea-4be2-a7d9-968ab7e0ff14,HARM,GBR,INTENTIONAL_HOMICIDE_RATE_PER_100K,1.54256868130426,PER_100K,2000-12-31,,2026-10-05T21:30:25.675437+00:00,World Bank API v2,https://api.worldbank.org/v2/country/AUS;BRA;CAN;CHE;DEU;ESP;FRA;GBR;GRC;IDN;IND;ITA;JPN;KOR;MEX;NLD;NOR;TUR;USA;ZAF/indicator/VC.IHR.PSRC.P5?format=json&date=1996:2024&per_page=20000,"Intentional homicides (per 100,000 people)",sha256:e9a648c0c7b58588f02986817d1638cb82d3073ee9615c0bb8913cf6ee17339f,OFFICIAL_API,VERIFIED,,False,False,World Bank published intentional-homicide rate.,1.54256868130426
2c270584-a6e4-4225-a52d-480520d092bb,HARM,GBR,INTENTIONAL_HOMICIDE_RATE_PER_100K,1.62595894048872,PER_100K,2001-12-31,,2026-10-05T21:30:25.675437+00:00,World Bank API v2,https://api.worldbank.org/v2/country/AUS;BRA;CAN;CHE;DEU;ESP;FRA;GBR;GRC;IDN;IND;ITA;JPN;KOR;MEX;NLD;NOR;TUR;USA;ZAF/indicator/VC.IHR.PSRC.P5?format=json&date=1996:2024&per_page=20000,"Intentional homicides (per 100,000 people)",sha256:e9a648c0c7b58588f02986817d1638cb82d3073ee9615c0bb8913cf6ee17339f,OFFICIAL_API,VERIFIED,,False,False,World Bank published intentional-homicide rate.,1.62595894048872
a85cded7-8d44-4855-b8d2-4c45411516bd,HARM,GBR,INTENTIONAL_HOMICIDE_RATE_PER_100K,1.85923045695602,PER_100K,2002-12-31,,2026-10-05T21:30:25.675437+00:00,World Bank API v2,https://api.worldbank.org/v2/country/AUS;BRA;CAN;CHE;DEU;ESP;FRA;GBR;GRC;IDN;IND;ITA;JPN;KOR;MEX;NLD;NOR;TUR;USA;ZAF/indicator/VC.IHR.PSRC.P5?format=json&date=1996:2024&per_page=20000,"Intentional homicides (per 100,000 people)",sha256:e9a648c0c7b58588f02986817d1638cb82d3073ee9615c0bb8913cf6ee17339f,OFFICIAL_API,VERIFIED,,False,False,World Bank published intentional-homicide rate.,1.85923045695602
76e3df0d-37b8-4fd0-ab7c-4b8e091363dc,HARM,GBR,INTENTIONAL_HOMICIDE_RATE_PER_100K,,PER_100K,2003-12-31,,2026-10-05T21:30:25.702644+00:00,NO_SOURCE_VALUE,,No source value retrieved,,UNAVAILABLE,UNAVAILABLE,SOURCE_HAS_NO_VALUE_FOR_COUNTRY_YEAR,False,False,World Bank published intentional-homicide rate.,
f157dffa-fd2c-4ca8-b3fb-ab0f5d32c8d4,HARM,GBR,INTENTIONAL_HOMICIDE_RATE_PER_100K,,PER_100K,2004-12-31,,2026-10-05T21:30:25.702644+00:00,NO_SOURCE_VALUE,,No source value retrieved,,UNAVAILABLE,UNAVAILABLE,SOURCE_HAS_NO_VALUE_FOR_COUNTRY_YEAR,False,False,World Bank published intentional-homicide rate.,
04daa0ee-8018-433b-b5d8-a2d7be26a16a,HARM,GBR,INTENTIONAL_HOMICIDE_RATE_PER_100K,1.37797628851015,PER_100K,2005-12-31,,2026-10-05T21:30:25.675437+00:00,World Bank API v2,https://api.worldbank.org/v2/country/AUS;BRA;CAN;CHE;DEU;ESP;FRA;GBR;GRC;IDN;IND;ITA;JPN;KOR;MEX;NLD;NOR;TUR;USA;ZAF/indicator/VC.IHR.PSRC.P5?format=json&date=1996:2024&per_page=20000,"Intentional homicides (per 100,000 people)",sha256:e9a648c0c7b58588f02986817d1638cb82d3073ee9615c0bb8913cf6ee17339f,OFFICIAL_API,VERIFIED,,False,False,World Bank published intentional-homicide rate.,1.37797628851015
616eee9e-9e7f-4deb-9c04-22f66ea548c1,HARM,GBR,INTENTIONAL_HOMICIDE_RATE_PER_100K,1.4119320989405,PER_100K,2006-12-31,,2026-10-05T21:30:25.675437+00:00,World Bank API v2,https://api.worldbank.org/v2/country/AUS;BRA;CAN;CHE;DEU;ESP;FRA;GBR;GRC;IDN;IND;ITA;JPN;KOR;MEX;NLD;NOR;TUR;USA;ZAF/indicator/VC.IHR.PSRC.P5?format=json&date=1996:2024&per_page=20000,"Intentional homicides (per 100,000 people)",sha256:e9a648c0c7b58588f02986817d1638cb82d3073ee9615c0bb8913cf6ee17339f,OFFICIAL_API,VERIFIED,,False,False,World Bank published intentional-homicide rate.,1.4119320989405
5cd7eecd-7ad9-4a52-acd0-91a903a008c7,HARM,GBR,INTENTIONAL_HOMICIDE_RATE_PER_100K,1.42031017055268,PER_100K,2007-12-31,,2026-10-05T21:30:25.675437+00:00,World Bank API v2,https://api.worldbank.org/v2/country/AUS;BRA;CAN;CHE;DEU;ESP;FRA;GBR;GRC;IDN;IND;ITA;JPN;KOR;MEX;NLD;NOR;TUR;USA;ZAF/indicator/VC.IHR.PSRC.P5?format=json&date=1996:2024&per_page=20000,"Intentional homicides (per 100,000 people)",sha256:e9a648c0c7b58588f02986817d1638cb82d3073ee9615c0bb8913cf6ee17339f,OFFICIAL_API,VERIFIED,,False,False,World Bank published intentional-homicide rate.,1.42031017055268
b5c40dec-d029-4998-b139-8dc8e531ba7f,HARM,GBR,INTENTIONAL_HOMICIDE_RATE_PER_100K,1.22526681051353,PER_100K,2008-12-31,,2026-10-05T21:30:25.675437+00:00,World Bank API v2,https://api.worldbank.org/v2/country/AUS;BRA;CAN;CHE;DEU;ESP;FRA;GBR;GRC;IDN;IND;ITA;JPN;KOR;MEX;NLD;NOR;TUR;USA;ZAF/indicator/VC.IHR.PSRC.P5?format=json&date=1996:2024&per_page=20000,"Intentional homicides (per 100,000 people)",sha256:e9a648c0c7b58588f02986817d1638cb82d3073ee9615c0bb8913cf6ee17339f,OFFICIAL_API,VERIFIED,,False,False,World Bank published intentional-homicide rate.,1.22526681051353
3568d0c3-3031-44f9-9e4f-580274a38fd3,HARM,GBR,INTENTIONAL_HOMICIDE_RATE_PER_100K,1.12468797208048,PER_100K,2009-12-31,,2026-10-05T21:30:25.675437+00:00,World Bank API v2,https://api.worldbank.org/v2/country/AUS;BRA;CAN;CHE;DEU;ESP;FRA;GBR;GRC;IDN;IND;ITA;JPN;KOR;MEX;NLD;NOR;TUR;USA;ZAF/indicator/VC.IHR.PSRC.P5?format=json&date=1996:2024&per_page=20000,"Intentional homicides (per 100,000 people)",sha256:e9a648c0c7b58588f02986817d1638cb82d3073ee9615c0bb8913cf6ee17339f,OFFICIAL_API,VERIFIED,,False,False,World Bank published intentional-homicide rate.,1.12468797208048
abeb7402-c7a8-451c-b1dd-819057d9f586,HARM,GBR,INTENTIONAL_HOMICIDE_RATE_PER_100K,1.19987652699167,PER_100K,2010-12-31,,2026-10-05T21:30:25.675437+00:00,World Bank API v2,https://api.worldbank.org/v2/country/AUS;BRA;CAN;CHE;DEU;ESP;FRA;GBR;GRC;IDN;IND;ITA;JPN;KOR;MEX;NLD;NOR;TUR;USA;ZAF/indicator/VC.IHR.PSRC.P5?format=json&date=1996:2024&per_page=20000,"Intentional homicides (per 100,000 people)",sha256:e9a648c0c7b58588f02986817d1638cb82d3073ee9615c0bb8913cf6ee17339f,OFFICIAL_API,VERIFIED,,False,False,World Bank published intentional-homicide rate.,1.19987652699167
d2007aaa-4c93-448d-bc44-c251dc22cee7,HARM,GBR,INTENTIONAL_HOMICIDE_RATE_PER_100K,1.00772665754522,PER_100K,2011-12-31,,2026-10-05T21:30:25.675437+00:00,World Bank API v2,https://api.worldbank.org/v2/country/AUS;BRA;CAN;CHE;DEU;ESP;FRA;GBR;GRC;IDN;IND;ITA;JPN;KOR;MEX;NLD;NOR;TUR;USA;ZAF/indicator/VC.IHR.PSRC.P5?format=json&date=1996:2024&per_page=20000,"Intentional homicides (per 100,000 people)",sha256:e9a648c0c7b58588f02986817d1638cb82d3073ee9615c0bb8913cf6ee17339f,OFFICIAL_API,VERIFIED,,False,False,World Bank published intentional-homicide rate.,1.00772665754522
a26f422f-e104-49a3-9f9b-594fa12ab9f8,HARM,GBR,INTENTIONAL_HOMICIDE_RATE_PER_100K,0.980292769516879,PER_100K,2012-12-31,,2026-10-05T21:30:25.675437+00:00,World Bank API v2,https://api.worldbank.org/v2/country/AUS;BRA;CAN;CHE;DEU;ESP;FRA;GBR;GRC;IDN;IND;ITA;JPN;KOR;MEX;NLD;NOR;TUR;USA;ZAF/indicator/VC.IHR.PSRC.P5?format=json&date=1996:2024&per_page=20000,"Intentional homicides (per 100,000 people)",sha256:e9a648c0c7b58588f02986817d1638cb82d3073ee9615c0bb8913cf6ee17339f,OFFICIAL_API,VERIFIED,,False,False,World Bank published intentional-homicide rate.,0.980292769516879
9937e71b-46f6-4f86-b8f6-3bb3cb5b4063,HARM,GBR,INTENTIONAL_HOMICIDE_RATE_PER_100K,0.9349366699991,PER_100K,2013-12-31,,2026-10-05T21:30:25.675437+00:00,World Bank API v2,https://api.worldbank.org/v2/country/AUS;BRA;CAN;CHE;DEU;ESP;FRA;GBR;GRC;IDN;IND;ITA;JPN;KOR;MEX;NLD;NOR;TUR;USA;ZAF/indicator/VC.IHR.PSRC.P5?format=json&date=1996:2024&per_page=20000,"Intentional homicides (per 100,000 people)",sha256:e9a648c0c7b58588f02986817d1638cb82d3073ee9615c0bb8913cf6ee17339f,OFFICIAL_API,VERIFIED,,False,False,World Bank published intentional-homicide rate.,0.9349366699991
5ed950aa-6bdc-4937-ab32-d0acbcd7bd56,HARM,GBR,INTENTIONAL_HOMICIDE_RATE_PER_100K,0.900318736728248,PER_100K,2014-12-31,,2026-10-05T21:30:25.675437+00:00,World Bank API v2,https://api.worldbank.org/v2/country/AUS;BRA;CAN;CHE;DEU;ESP;FRA;GBR;GRC;IDN;IND;ITA;JPN;KOR;MEX;NLD;NOR;TUR;USA;ZAF/indicator/VC.IHR.PSRC.P5?format=json&date=1996:2024&per_page=20000,"Intentional homicides (per 100,000 people)",sha256:e9a648c0c7b58588f02986817d1638cb82d3073ee9615c0bb8913cf6ee17339f,OFFICIAL_API,VERIFIED,,False,False,World Bank published intentional-homicide rate.,0.900318736728248
325e246d-e11a-4091-ba0e-5565c6a311de,HARM,GBR,INTENTIONAL_HOMICIDE_RATE_PER_100K,0.948271629655268,PER_100K,2015-12-31,,2026-10-05T21:30:25.675437+00:00,World Bank API v2,https://api.worldbank.org/v2/country/AUS;BRA;CAN;CHE;DEU;ESP;FRA;GBR;GRC;IDN;IND;ITA;JPN;KOR;MEX;NLD;NOR;TUR;USA;ZAF/indicator/VC.IHR.PSRC.P5?format=json&date=1996:2024&per_page=20000,"Intentional homicides (per 100,000 people)",sha256:e9a648c0c7b58588f02986817d1638cb82d3073ee9615c0bb8913cf6ee17339f,OFFICIAL_API,VERIFIED,,False,False,World Bank published intentional-homicide rate.,0.948271629655268
cca6db11-0023-47e4-8cbe-9b071879a8ff,HARM,GBR,INTENTIONAL_HOMICIDE_RATE_PER_100K,1.17310761427578,PER_100K,2016-12-31,,2026-10-05T21:30:25.675437+00:00,World Bank API v2,https://api.worldbank.org/v2/country/AUS;BRA;CAN;CHE;DEU;ESP;FRA;GBR;GRC;IDN;IND;ITA;JPN;KOR;MEX;NLD;NOR;TUR;USA;ZAF/indicator/VC.IHR.PSRC.P5?format=json&date=1996:2024&per_page=20000,"Intentional homicides (per 100,000 people)",sha256:e9a648c0c7b58588f02986817d1638cb82d3073ee9615c0bb8913cf6ee17339f,OFFICIAL_API,VERIFIED,,False,False,World Bank published intentional-homicide rate.,1.17310761427578
96727d27-3caf-4fbc-9b5a-ddb306b92284,HARM,GBR,INTENTIONAL_HOMICIDE_RATE_PER_100K,1.17550481262973,PER_100K,2017-12-31,,2026-10-05T21:30:25.675437+00:00,World Bank API v2,https://api.worldbank.org/v2/country/AUS;BRA;CAN;CHE;DEU;ESP;FRA;GBR;GRC;IDN;IND;ITA;JPN;KOR;MEX;NLD;NOR;TUR;USA;ZAF/indicator/VC.IHR.PSRC.P5?format=json&date=1996:2024&per_page=20000,"Intentional homicides (per 100,000 people)",sha256:e9a648c0c7b58588f02986817d1638cb82d3073ee9615c0bb8913cf6ee17339f,OFFICIAL_API,VERIFIED,,False,False,World Bank published intentional-homicide rate.,1.17550481262973
541640ba-d973-4f40-a63f-f01fdc6a106e,HARM,GBR,INTENTIONAL_HOMICIDE_RATE_PER_100K,1.09059626628076,PER_100K,2018-12-31,,2026-10-05T21:30:25.675437+00:00,World Bank API v2,https://api.worldbank.org/v2/country/AUS;BRA;CAN;CHE;DEU;ESP;FRA;GBR;GRC;IDN;IND;ITA;JPN;KOR;MEX;NLD;NOR;TUR;USA;ZAF/indicator/VC.IHR.PSRC.P5?format=json&date=1996:2024&per_page=20000,"Intentional homicides (per 100,000 people)",sha256:e9a648c0c7b58588f02986817d1638cb82d3073ee9615c0bb8913cf6ee17339f,OFFICIAL_API,VERIFIED,,False,False,World Bank published intentional-homicide rate.,1.09059626628076
f2173e8d-9ac5-4aeb-ae18-f54e521e4299,HARM,GBR,INTENTIONAL_HOMICIDE_RATE_PER_100K,1.15033375026475,PER_100K,2019-12-31,,2026-10-05T21:30:25.675437+00:00,World Bank API v2,https://api.worldbank.org/v2/country/AUS;BRA;CAN;CHE;DEU;ESP;FRA;GBR;GRC;IDN;IND;ITA;JPN;KOR;MEX;NLD;NOR;TUR;USA;ZAF/indicator/VC.IHR.PSRC.P5?format=json&date=1996:2024&per_page=20000,"Intentional homicides (per 100,000 people)",sha256:e9a648c0c7b58588f02986817d1638cb82d3073ee9615c0bb8913cf6ee17339f,OFFICIAL_API,VERIFIED,,False,False,World Bank published intentional-homicide rate.,1.15033375026475
73783dd0-e268-43fc-9c8c-a282727614fa,HARM,GBR,INTENTIONAL_HOMICIDE_RATE_PER_100K,0.94577935310667,PER_100K,2020-12-31,,2026-10-05T21:30:25.675437+00:00,World Bank API v2,https://api.worldbank.org/v2/country/AUS;BRA;CAN;CHE;DEU;ESP;FRA;GBR;GRC;IDN;IND;ITA;JPN;KOR;MEX;NLD;NOR;TUR;USA;ZAF/indicator/VC.IHR.PSRC.P5?format=json&date=1996:2024&per_page=20000,"Intentional homicides (per 100,000 people)",sha256:e9a648c0c7b58588f02986817d1638cb82d3073ee9615c0bb8913cf6ee17339f,OFFICIAL_API,VERIFIED,,False,False,World Bank published intentional-homicide rate.,0.94577935310667
ab163a99-cc69-4b15-83cc-3a1ad630b337,HARM,GBR,INTENTIONAL_HOMICIDE_RATE_PER_100K,1.11868407522333,PER_100K,2021-12-31,,2026-10-05T21:30:25.675437+00:00,World Bank API v2,https://api.worldbank.org/v2/country/AUS;BRA;CAN;CHE;DEU;ESP;FRA;GBR;GRC;IDN;IND;ITA;JPN;KOR;MEX;NLD;NOR;TUR;USA;ZAF/indicator/VC.IHR.PSRC.P5?format=json&date=1996:2024&per_page=20000,"Intentional homicides (per 100,000 people)",sha256:e9a648c0c7b58588f02986817d1638cb82d3073ee9615c0bb8913cf6ee17339f,OFFICIAL_API,VERIFIED,,False,False,World Bank published intentional-homicide rate.,1.11868407522333
00f79efd-263a-4d77-a58c-66cc880b5a72,HARM,GBR,INTENTIONAL_HOMICIDE_RATE_PER_100K,,PER_100K,2022-12-31,,2026-10-05T21:30:25.704645+00:00,NO_SOURCE_VALUE,,No source value retrieved,,UNAVAILABLE,UNAVAILABLE,SOURCE_HAS_NO_VALUE_FOR_COUNTRY_YEAR,False,False,World Bank published intentional-homicide rate.,
7477e624-6fa5-438b-8156-d2b00e9c5a68,HARM,GBR,INTENTIONAL_HOMICIDE_RATE_PER_100K,,PER_100K,2023-12-31,,2026-10-05T21:30:25.705641+00:00,NO_SOURCE_VALUE,,No source value retrieved,,UNAVAILABLE,UNAVAILABLE,SOURCE_HAS_NO_VALUE_FOR_COUNTRY_YEAR,False,False,World Bank published intentional-homicide rate.,
91fb0338-4269-4003-ade1-c61a41fc199c,HARM,GBR,INTENTIONAL_HOMICIDE_RATE_PER_100K,,PER_100K,2024-12-31,,2026-10-05T21:30:25.705641+00:00,NO_SOURCE_VALUE,,No source value retrieved,,UNAVAILABLE,UNAVAILABLE,SOURCE_HAS_NO_VALUE_FOR_COUNTRY_YEAR,False,False,World Bank published intentional-homicide rate.,
ef33f344-84f1-4620-ac3b-b10bc942d895,HARM,GRC,INTENTIONAL_HOMICIDE_RATE_PER_100K,1.59885261038705,PER_100K,1996-12-31,,2026-10-05T21:30:25.675437+00:00,World Bank API v2,https://api.worldbank.org/v2/country/AUS;BRA;CAN;CHE;DEU;ESP;FRA;GBR;GRC;IDN;IND;ITA;JPN;KOR;MEX;NLD;NOR;TUR;USA;ZAF/indicator/VC.IHR.PSRC.P5?format=json&date=1996:2024&per_page=20000,"Intentional homicides (per 100,000 people)",sha256:e9a648c0c7b58588f02986817d1638cb82d3073ee9615c0bb8913cf6ee17339f,OFFICIAL_API,VERIFIED,,False,False,World Bank published intentional-homicide rate.,1.59885261038705
df5f0b6e-3e65-47a7-b3fb-b35f451aefe7,HARM,GRC,INTENTIONAL_HOMICIDE_RATE_PER_100K,1.91106937511326,PER_100K,1997-12-31,,2026-10-05T21:30:25.675437+00:00,World Bank API v2,https://api.worldbank.org/v2/country/AUS;BRA;CAN;CHE;DEU;ESP;FRA;GBR;GRC;IDN;IND;ITA;JPN;KOR;MEX;NLD;NOR;TUR;USA;ZAF/indicator/VC.IHR.PSRC.P5?format=json&date=1996:2024&per_page=20000,"Intentional homicides (per 100,000 people)",sha256:e9a648c0c7b58588f02986817d1638cb82d3073ee9615c0bb8913cf6ee17339f,OFFICIAL_API,VERIFIED,,False,False,World Bank published intentional-homicide rate.,1.91106937511326
f34c1848-0ec5-4fcf-b899-7632832cde65,HARM,GRC,INTENTIONAL_HOMICIDE_RATE_PER_100K,1.6486487777658,PER_100K,1998-12-31,,2026-10-05T21:30:25.675437+00:00,World Bank API v2,https://api.worldbank.org/v2/country/AUS;BRA;CAN;CHE;DEU;ESP;FRA;GBR;GRC;IDN;IND;ITA;JPN;KOR;MEX;NLD;NOR;TUR;USA;ZAF/indicator/VC.IHR.PSRC.P5?format=json&date=1996:2024&per_page=20000,"Intentional homicides (per 100,000 people)",sha256:e9a648c0c7b58588f02986817d1638cb82d3073ee9615c0bb8913cf6ee17339f,OFFICIAL_API,VERIFIED,,False,False,World Bank published intentional-homicide rate.,1.6486487777658
cafd5999-468b-4936-ae08-e86206868d7a,HARM,GRC,INTENTIONAL_HOMICIDE_RATE_PER_100K,1.44482396707554,PER_100K,1999-12-31,,2026-10-05T21:30:25.675437+00:00,World Bank API v2,https://api.worldbank.org/v2/country/AUS;BRA;CAN;CHE;DEU;ESP;FRA;GBR;GRC;IDN;IND;ITA;JPN;KOR;MEX;NLD;NOR;TUR;USA;ZAF/indicator/VC.IHR.PSRC.P5?format=json&date=1996:2024&per_page=20000,"Intentional homicides (per 100,000 people)",sha256:e9a648c0c7b58588f02986817d1638cb82d3073ee9615c0bb8913cf6ee17339f,OFFICIAL_API,VERIFIED,,False,False,World Bank published intentional-homicide rate.,1.44482396707554
a957e6d9-584c-43f1-a7b6-9640154a6cfd,HARM,GRC,INTENTIONAL_HOMICIDE_RATE_PER_100K,,PER_100K,2000-12-31,,2026-10-05T21:30:25.706640+00:00,NO_SOURCE_VALUE,,No source value retrieved,,UNAVAILABLE,UNAVAILABLE,SOURCE_HAS_NO_VALUE_FOR_COUNTRY_YEAR,False,False,World Bank published intentional-homicide rate.,
5c22582c-51e5-4aef-8a52-95ac76f7dd0f,HARM,GRC,INTENTIONAL_HOMICIDE_RATE_PER_100K,1.21735690880249,PER_100K,2001-12-31,,2026-10-05T21:30:25.675437+00:00,World Bank API v2,https://api.worldbank.org/v2/country/AUS;BRA;CAN;CHE;DEU;ESP;FRA;GBR;GRC;IDN;IND;ITA;JPN;KOR;MEX;NLD;NOR;TUR;USA;ZAF/indicator/VC.IHR.PSRC.P5?format=json&date=1996:2024&per_page=20000,"Intentional homicides (per 100,000 people)",sha256:e9a648c0c7b58588f02986817d1638cb82d3073ee9615c0bb8913cf6ee17339f,OFFICIAL_API,VERIFIED,,False,False,World Bank published intentional-homicide rate.,1.21735690880249
1c277f12-7912-4541-a06c-49ee5ee4b15d,HARM,GRC,INTENTIONAL_HOMICIDE_RATE_PER_100K,0.863154597737589,PER_100K,2002-12-31,,2026-10-05T21:30:25.675437+00:00,World Bank API v2,https://api.worldbank.org/v2/country/AUS;BRA;CAN;CHE;DEU;ESP;FRA;GBR;GRC;IDN;IND;ITA;JPN;KOR;MEX;NLD;NOR;TUR;USA;ZAF/indicator/VC.IHR.PSRC.P5?format=json&date=1996:2024&per_page=20000,"Intentional homicides (per 100,000 people)",sha256:e9a648c0c7b58588f02986817d1638cb82d3073ee9615c0bb8913cf6ee17339f,OFFICIAL_API,VERIFIED,,False,False,World Bank published intentional-homicide rate.,0.863154597737589
380fb80a-475a-4c63-b0df-111b5e43aba7,HARM,GRC,INTENTIONAL_HOMICIDE_RATE_PER_100K,,PER_100K,2003-12-31,,2026-10-05T21:30:25.706640+00:00,NO_SOURCE_VALUE,,No source value retrieved,,UNAVAILABLE,UNAVAILABLE,SOURCE_HAS_NO_VALUE_FOR_COUNTRY_YEAR,False,False,World Bank published intentional-homicide rate.,
778602fb-5f59-4081-83f1-1fc904d9ca61,HARM,GRC,INTENTIONAL_HOMICIDE_RATE_PER_100K,1.01394257823949,PER_100K,2004-12-31,,2026-10-05T21:30:25.675437+00:00,World Bank API v2,https://api.worldbank.org/v2/country/AUS;BRA;CAN;CHE;DEU;ESP;FRA;GBR;GRC;IDN;IND;ITA;JPN;KOR;MEX;NLD;NOR;TUR;USA;ZAF/indicator/VC.IHR.PSRC.P5?format=json&date=1996:2024&per_page=20000,"Intentional homicides (per 100,000 people)",sha256:e9a648c0c7b58588f02986817d1638cb82d3073ee9615c0bb8913cf6ee17339f,OFFICIAL_API,VERIFIED,,False,False,World Bank published intentional-homicide rate.,1.01394257823949
0d58afd7-9a22-4715-ac44-09ccdbe6c6ab,HARM,GRC,INTENTIONAL_HOMICIDE_RATE_PER_100K,1.20203980691416,PER_100K,2005-12-31,,2026-10-05T21:30:25.675437+00:00,World Bank API v2,https://api.worldbank.org/v2/country/AUS;BRA;CAN;CHE;DEU;ESP;FRA;GBR;GRC;IDN;IND;ITA;JPN;KOR;MEX;NLD;NOR;TUR;USA;ZAF/indicator/VC.IHR.PSRC.P5?format=json&date=1996:2024&per_page=20000,"Intentional homicides (per 100,000 people)",sha256:e9a648c0c7b58588f02986817d1638cb82d3073ee9615c0bb8913cf6ee17339f,OFFICIAL_API,VERIFIED,,False,False,World Bank published intentional-homicide rate.,1.20203980691416
8e6cf084-45b9-4671-8234-6ba7ec960a38,HARM,GRC,INTENTIONAL_HOMICIDE_RATE_PER_100K,0.99853818548455,PER_100K,2006-12-31,,2026-10-05T21:30:25.675437+00:00,World Bank API v2,https://api.worldbank.org/v2/country/AUS;BRA;CAN;CHE;DEU;ESP;FRA;GBR;GRC;IDN;IND;ITA;JPN;KOR;MEX;NLD;NOR;TUR;USA;ZAF/indicator/VC.IHR.PSRC.P5?format=json&date=1996:2024&per_page=20000,"Intentional homicides (per 100,000 people)",sha256:e9a648c0c7b58588f02986817d1638cb82d3073ee9615c0bb8913cf6ee17339f,OFFICIAL_API,VERIFIED,,False,False,World Bank published intentional-homicide rate.,0.99853818548455
c436b323-ee5a-4474-acae-3736e01316d9,HARM,GRC,INTENTIONAL_HOMICIDE_RATE_PER_100K,1.17692468944918,PER_100K,2007-12-31,,2026-10-05T21:30:25.675437+00:00,World Bank API v2,https://api.worldbank.org/v2/country/AUS;BRA;CAN;CHE;DEU;ESP;FRA;GBR;GRC;IDN;IND;ITA;JPN;KOR;MEX;NLD;NOR;TUR;USA;ZAF/indicator/VC.IHR.PSRC.P5?format=json&date=1996:2024&per_page=20000,"Intentional homicides (per 100,000 people)",sha256:e9a648c0c7b58588f02986817d1638cb82d3073ee9615c0bb8913cf6ee17339f,OFFICIAL_API,VERIFIED,,False,False,World Bank published intentional-homicide rate.,1.17692468944918
9c93a6d2-d2b4-4891-9690-d6899b346bf4,HARM,GRC,INTENTIONAL_HOMICIDE_RATE_PER_100K,1.30000599447209,PER_100K,2008-12-31,,2026-10-05T21:30:25.675437+00:00,World Bank API v2,https://api.worldbank.org/v2/country/AUS;BRA;CAN;CHE;DEU;ESP;FRA;GBR;GRC;IDN;IND;ITA;JPN;KOR;MEX;NLD;NOR;TUR;USA;ZAF/indicator/VC.IHR.PSRC.P5?format=json&date=1996:2024&per_page=20000,"Intentional homicides (per 100,000 people)",sha256:e9a648c0c7b58588f02986817d1638cb82d3073ee9615c0bb8913cf6ee17339f,OFFICIAL_API,VERIFIED,,False,False,World Bank published intentional-homicide rate.,1.30000599447209
e2983bd7-bb8f-4282-ac29-a362dce1798b,HARM,GRC,INTENTIONAL_HOMICIDE_RATE_PER_100K,1.36837464729468,PER_100K,2009-12-31,,2026-10-05T21:30:25.675437+00:00,World Bank API v2,https://api.worldbank.org/v2/country/AUS;BRA;CAN;CHE;DEU;ESP;FRA;GBR;GRC;IDN;IND;ITA;JPN;KOR;MEX;NLD;NOR;TUR;USA;ZAF/indicator/VC.IHR.PSRC.P5?format=json&date=1996:2024&per_page=20000,"Intentional homicides (per 100,000 people)",sha256:e9a648c0c7b58588f02986817d1638cb82d3073ee9615c0bb8913cf6ee17339f,OFFICIAL_API,VERIFIED,,False,False,World Bank published intentional-homicide rate.,1.36837464729468
0ddf5f6b-c788-4156-8d1d-8613f3f4582a,HARM,GRC,INTENTIONAL_HOMICIDE_RATE_PER_100K,1.58206940071031,PER_100K,2010-12-31,,2026-10-05T21:30:25.675437+00:00,World Bank API v2,https://api.worldbank.org/v2/country/AUS;BRA;CAN;CHE;DEU;ESP;FRA;GBR;GRC;IDN;IND;ITA;JPN;KOR;MEX;NLD;NOR;TUR;USA;ZAF/indicator/VC.IHR.PSRC.P5?format=json&date=1996:2024&per_page=20000,"Intentional homicides (per 100,000 people)",sha256:e9a648c0c7b58588f02986817d1638cb82d3073ee9615c0bb8913cf6ee17339f,OFFICIAL_API,VERIFIED,,False,False,World Bank published intentional-homicide rate.,1.58206940071031
0509e65d-124c-4d11-ad42-ec26e13eb68f,HARM,GRC,INTENTIONAL_HOMICIDE_RATE_PER_100K,1.65633803374762,PER_100K,2011-12-31,,2026-10-05T21:30:25.675437+00:00,World Bank API v2,https://api.worldbank.org/v2/country/AUS;BRA;CAN;CHE;DEU;ESP;FRA;GBR;GRC;IDN;IND;ITA;JPN;KOR;MEX;NLD;NOR;TUR;USA;ZAF/indicator/VC.IHR.PSRC.P5?format=json&date=1996:2024&per_page=20000,"Intentional homicides (per 100,000 people)",sha256:e9a648c0c7b58588f02986817d1638cb82d3073ee9615c0bb8913cf6ee17339f,OFFICIAL_API,VERIFIED,,False,False,World Bank published intentional-homicide rate.,1.65633803374762
56f4279b-6187-4b3e-b3c6-f54412de6524,HARM,GRC,INTENTIONAL_HOMICIDE_RATE_PER_100K,1.50249393628294,PER_100K,2012-12-31,,2026-10-05T21:30:25.675437+00:00,World Bank API v2,https://api.worldbank.org/v2/country/AUS;BRA;CAN;CHE;DEU;ESP;FRA;GBR;GRC;IDN;IND;ITA;JPN;KOR;MEX;NLD;NOR;TUR;USA;ZAF/indicator/VC.IHR.PSRC.P5?format=json&date=1996:2024&per_page=20000,"Intentional homicides (per 100,000 people)",sha256:e9a648c0c7b58588f02986817d1638cb82d3073ee9615c0bb8913cf6ee17339f,OFFICIAL_API,VERIFIED,,False,False,World Bank published intentional-homicide rate.,1.50249393628294
4484078a-5e78-4e08-8548-f0babcdbadea,HARM,GRC,INTENTIONAL_HOMICIDE_RATE_PER_100K,1.39502562128674,PER_100K,2013-12-31,,2026-10-05T21:30:25.675437+00:00,World Bank API v2,https://api.worldbank.org/v2/country/AUS;BRA;CAN;CHE;DEU;ESP;FRA;GBR;GRC;IDN;IND;ITA;JPN;KOR;MEX;NLD;NOR;TUR;USA;ZAF/indicator/VC.IHR.PSRC.P5?format=json&date=1996:2024&per_page=20000,"Intentional homicides (per 100,000 people)",sha256:e9a648c0c7b58588f02986817d1638cb82d3073ee9615c0bb8913cf6ee17339f,OFFICIAL_API,VERIFIED,,False,False,World Bank published intentional-homicide rate.,1.39502562128674
88a814fe-a9a2-4ac6-b3c7-3e949948e0ad,HARM,GRC,INTENTIONAL_HOMICIDE_RATE_PER_100K,0.982267185579143,PER_100K,2014-12-31,,2026-10-05T21:30:25.675437+00:00,World Bank API v2,https://api.worldbank.org/v2/country/AUS;BRA;CAN;CHE;DEU;ESP;FRA;GBR;GRC;IDN;IND;ITA;JPN;KOR;MEX;NLD;NOR;TUR;USA;ZAF/indicator/VC.IHR.PSRC.P5?format=json&date=1996:2024&per_page=20000,"Intentional homicides (per 100,000 people)",sha256:e9a648c0c7b58588f02986817d1638cb82d3073ee9615c0bb8913cf6ee17339f,OFFICIAL_API,VERIFIED,,False,False,World Bank published intentional-homicide rate.,0.982267185579143
d55425c7-cd74-4e2d-a659-6992dc4c679e,HARM,GRC,INTENTIONAL_HOMICIDE_RATE_PER_100K,0.859447721666469,PER_100K,2015-12-31,,2026-10-05T21:30:25.675437+00:00,World Bank API v2,https://api.worldbank.org/v2/country/AUS;BRA;CAN;CHE;DEU;ESP;FRA;GBR;GRC;IDN;IND;ITA;JPN;KOR;MEX;NLD;NOR;TUR;USA;ZAF/indicator/VC.IHR.PSRC.P5?format=json&date=1996:2024&per_page=20000,"Intentional homicides (per 100,000 people)",sha256:e9a648c0c7b58588f02986817d1638cb82d3073ee9615c0bb8913cf6ee17339f,OFFICIAL_API,VERIFIED,,False,False,World Bank published intentional-homicide rate.,0.859447721666469
83db0da3-809d-467b-bc46-ed25c4a3c752,HARM,GRC,INTENTIONAL_HOMICIDE_RATE_PER_100K,0.779545903374914,PER_100K,2016-12-31,,2026-10-05T21:30:25.675437+00:00,World Bank API v2,https://api.worldbank.org/v2/country/AUS;BRA;CAN;CHE;DEU;ESP;FRA;GBR;GRC;IDN;IND;ITA;JPN;KOR;MEX;NLD;NOR;TUR;USA;ZAF/indicator/VC.IHR.PSRC.P5?format=json&date=1996:2024&per_page=20000,"Intentional homicides (per 100,000 people)",sha256:e9a648c0c7b58588f02986817d1638cb82d3073ee9615c0bb8913cf6ee17339f,OFFICIAL_API,VERIFIED,,False,False,World Bank published intentional-homicide rate.,0.779545903374914
8e885ff9-fbfd-4d3d-86ff-05a353395491,HARM,GRC,INTENTIONAL_HOMICIDE_RATE_PER_100K,0.799737128265793,PER_100K,2017-12-31,,2026-10-05T21:30:25.675437+00:00,World Bank API v2,https://api.worldbank.org/v2/country/AUS;BRA;CAN;CHE;DEU;ESP;FRA;GBR;GRC;IDN;IND;ITA;JPN;KOR;MEX;NLD;NOR;TUR;USA;ZAF/indicator/VC.IHR.PSRC.P5?format=json&date=1996:2024&per_page=20000,"Intentional homicides (per 100,000 people)",sha256:e9a648c0c7b58588f02986817d1638cb82d3073ee9615c0bb8913cf6ee17339f,OFFICIAL_API,VERIFIED,,False,False,World Bank published intentional-homicide rate.,0.799737128265793
bc2434ee-10f9-45fb-8c42-cbccc40a6da3,HARM,GRC,INTENTIONAL_HOMICIDE_RATE_PER_100K,0.922574259889262,PER_100K,2018-12-31,,2026-10-05T21:30:25.675437+00:00,World Bank API v2,https://api.worldbank.org/v2/country/AUS;BRA;CAN;CHE;DEU;ESP;FRA;GBR;GRC;IDN;IND;ITA;JPN;KOR;MEX;NLD;NOR;TUR;USA;ZAF/indicator/VC.IHR.PSRC.P5?format=json&date=1996:2024&per_page=20000,"Intentional homicides (per 100,000 people)",sha256:e9a648c0c7b58588f02986817d1638cb82d3073ee9615c0bb8913cf6ee17339f,OFFICIAL_API,VERIFIED,,False,False,World Bank published intentional-homicide rate.,0.922574259889262
9e0d248a-1a22-48b2-ba70-703d52071fe8,HARM,GRC,INTENTIONAL_HOMICIDE_RATE_PER_100K,0.727708640014711,PER_100K,2019-12-31,,2026-10-05T21:30:25.675437+00:00,World Bank API v2,https://api.worldbank.org/v2/country/AUS;BRA;CAN;CHE;DEU;ESP;FRA;GBR;GRC;IDN;IND;ITA;JPN;KOR;MEX;NLD;NOR;TUR;USA;ZAF/indicator/VC.IHR.PSRC.P5?format=json&date=1996:2024&per_page=20000,"Intentional homicides (per 100,000 people)",sha256:e9a648c0c7b58588f02986817d1638cb82d3073ee9615c0bb8913cf6ee17339f,OFFICIAL_API,VERIFIED,,False,False,World Bank published intentional-homicide rate.,0.727708640014711
a07989e4-18f0-43a7-a346-9bb53a6109b1,HARM,GRC,INTENTIONAL_HOMICIDE_RATE_PER_100K,0.72901495405944,PER_100K,2020-12-31,,2026-10-05T21:30:25.675437+00:00,World Bank API v2,https://api.worldbank.org/v2/country/AUS;BRA;CAN;CHE;DEU;ESP;FRA;GBR;GRC;IDN;IND;ITA;JPN;KOR;MEX;NLD;NOR;TUR;USA;ZAF/indicator/VC.IHR.PSRC.P5?format=json&date=1996:2024&per_page=20000,"Intentional homicides (per 100,000 people)",sha256:e9a648c0c7b58588f02986817d1638cb82d3073ee9615c0bb8913cf6ee17339f,OFFICIAL_API,VERIFIED,,False,False,World Bank published intentional-homicide rate.,0.72901495405944
a2660c05-faac-485b-b251-51e0de22276e,HARM,GRC,INTENTIONAL_HOMICIDE_RATE_PER_100K,0.841244735958326,PER_100K,2021-12-31,,2026-10-05T21:30:25.675437+00:00,World Bank API v2,https://api.worldbank.org/v2/country/AUS;BRA;CAN;CHE;DEU;ESP;FRA;GBR;GRC;IDN;IND;ITA;JPN;KOR;MEX;NLD;NOR;TUR;USA;ZAF/indicator/VC.IHR.PSRC.P5?format=json&date=1996:2024&per_page=20000,"Intentional homicides (per 100,000 people)",sha256:e9a648c0c7b58588f02986817d1638cb82d3073ee9615c0bb8913cf6ee17339f,OFFICIAL_API,VERIFIED,,False,False,World Bank published intentional-homicide rate.,0.841244735958326
a2cec5b1-8315-421f-9859-f01b5be7b300,HARM,GRC,INTENTIONAL_HOMICIDE_RATE_PER_100K,1.12365161805833,PER_100K,2022-12-31,,2026-10-05T21:30:25.675437+00:00,World Bank API v2,https://api.worldbank.org/v2/country/AUS;BRA;CAN;CHE;DEU;ESP;FRA;GBR;GRC;IDN;IND;ITA;JPN;KOR;MEX;NLD;NOR;TUR;USA;ZAF/indicator/VC.IHR.PSRC.P5?format=json&date=1996:2024&per_page=20000,"Intentional homicides (per 100,000 people)",sha256:e9a648c0c7b58588f02986817d1638cb82d3073ee9615c0bb8913cf6ee17339f,OFFICIAL_API,VERIFIED,,False,False,World Bank published intentional-homicide rate.,1.12365161805833
72981b86-4273-4ffc-aedc-ede54ded8ae5,HARM,GRC,INTENTIONAL_HOMICIDE_RATE_PER_100K,0.839605274224601,PER_100K,2023-12-31,,2026-10-05T21:30:25.675437+00:00,World Bank API v2,https://api.worldbank.org/v2/country/AUS;BRA;CAN;CHE;DEU;ESP;FRA;GBR;GRC;IDN;IND;ITA;JPN;KOR;MEX;NLD;NOR;TUR;USA;ZAF/indicator/VC.IHR.PSRC.P5?format=json&date=1996:2024&per_page=20000,"Intentional homicides (per 100,000 people)",sha256:e9a648c0c7b58588f02986817d1638cb82d3073ee9615c0bb8913cf6ee17339f,OFFICIAL_API,VERIFIED,,False,False,World Bank published intentional-homicide rate.,0.839605274224601
50b1a6ef-65b5-408a-a7a8-c64d195974d6,HARM,GRC,INTENTIONAL_HOMICIDE_RATE_PER_100K,,PER_100K,2024-12-31,,2026-10-05T21:30:25.709160+00:00,NO_SOURCE_VALUE,,No source value retrieved,,UNAVAILABLE,UNAVAILABLE,SOURCE_HAS_NO_VALUE_FOR_COUNTRY_YEAR,False,False,World Bank published intentional-homicide rate.,
b74d821e-0ebd-4ce6-a8d3-db916b50bba8,HARM,IDN,INTENTIONAL_HOMICIDE_RATE_PER_100K,,PER_100K,1996-12-31,,2026-10-05T21:30:25.710159+00:00,NO_SOURCE_VALUE,,No source value retrieved,,UNAVAILABLE,UNAVAILABLE,SOURCE_HAS_NO_VALUE_FOR_COUNTRY_YEAR,False,False,World Bank published intentional-homicide rate.,
4adcfcdd-17c3-48fe-bdd2-62251aa6a7cb,HARM,IDN,INTENTIONAL_HOMICIDE_RATE_PER_100K,,PER_100K,1997-12-31,,2026-10-05T21:30:25.710159+00:00,NO_SOURCE_VALUE,,No source value retrieved,,UNAVAILABLE,UNAVAILABLE,SOURCE_HAS_NO_VALUE_FOR_COUNTRY_YEAR,False,False,World Bank published intentional-homicide rate.,
f99aece4-fcf6-4194-91ef-ed4150592a48,HARM,IDN,INTENTIONAL_HOMICIDE_RATE_PER_100K,0.837833916521102,PER_100K,1998-12-31,,2026-10-05T21:30:25.675437+00:00,World Bank API v2,https://api.worldbank.org/v2/country/AUS;BRA;CAN;CHE;DEU;ESP;FRA;GBR;GRC;IDN;IND;ITA;JPN;KOR;MEX;NLD;NOR;TUR;USA;ZAF/indicator/VC.IHR.PSRC.P5?format=json&date=1996:2024&per_page=20000,"Intentional homicides (per 100,000 people)",sha256:e9a648c0c7b58588f02986817d1638cb82d3073ee9615c0bb8913cf6ee17339f,OFFICIAL_API,VERIFIED,,False,False,World Bank published intentional-homicide rate.,0.837833916521102
205fe40d-690c-4e3f-9e71-09c3408b51ff,HARM,IDN,INTENTIONAL_HOMICIDE_RATE_PER_100K,0.98119915381385,PER_100K,1999-12-31,,2026-10-05T21:30:25.675437+00:00,World Bank API v2,https://api.worldbank.org/v2/country/AUS;BRA;CAN;CHE;DEU;ESP;FRA;GBR;GRC;IDN;IND;ITA;JPN;KOR;MEX;NLD;NOR;TUR;USA;ZAF/indicator/VC.IHR.PSRC.P5?format=json&date=1996:2024&per_page=20000,"Intentional homicides (per 100,000 people)",sha256:e9a648c0c7b58588f02986817d1638cb82d3073ee9615c0bb8913cf6ee17339f,OFFICIAL_API,VERIFIED,,False,False,World Bank published intentional-homicide rate.,0.98119915381385
3da7c855-c9bc-4e50-8869-042e144420ef,HARM,IDN,INTENTIONAL_HOMICIDE_RATE_PER_100K,1.02000302761334,PER_100K,2000-12-31,,2026-10-05T21:30:25.675437+00:00,World Bank API v2,https://api.worldbank.org/v2/country/AUS;BRA;CAN;CHE;DEU;ESP;FRA;GBR;GRC;IDN;IND;ITA;JPN;KOR;MEX;NLD;NOR;TUR;USA;ZAF/indicator/VC.IHR.PSRC.P5?format=json&date=1996:2024&per_page=20000,"Intentional homicides (per 100,000 people)",sha256:e9a648c0c7b58588f02986817d1638cb82d3073ee9615c0bb8913cf6ee17339f,OFFICIAL_API,VERIFIED,,False,False,World Bank published intentional-homicide rate.,1.02000302761334
55bb6ec8-46ad-4cbb-bcf9-188fcba5c734,HARM,IDN,INTENTIONAL_HOMICIDE_RATE_PER_100K,,PER_100K,2001-12-31,,2026-10-05T21:30:25.711159+00:00,NO_SOURCE_VALUE,,No source value retrieved,,UNAVAILABLE,UNAVAILABLE,SOURCE_HAS_NO_VALUE_FOR_COUNTRY_YEAR,False,False,World Bank published intentional-homicide rate.,
da1d363d-485b-492b-942c-aadaf99ad64b,HARM,IDN,INTENTIONAL_HOMICIDE_RATE_PER_100K,,PER_100K,2002-12-31,,2026-10-05T21:30:25.711159+00:00,NO_SOURCE_VALUE,,No source value retrieved,,UNAVAILABLE,UNAVAILABLE,SOURCE_HAS_NO_VALUE_FOR_COUNTRY_YEAR,False,False,World Bank published intentional-homicide rate.,
b6b5cb01-d924-41cc-a4b1-0a0998f5ee8a,HARM,IDN,INTENTIONAL_HOMICIDE_RATE_PER_100K,0.726511653296908,PER_100K,2003-12-31,,2026-10-05T21:30:25.675437+00:00,World Bank API v2,https://api.worldbank.org/v2/country/AUS;BRA;CAN;CHE;DEU;ESP;FRA;GBR;GRC;IDN;IND;ITA;JPN;KOR;MEX;NLD;NOR;TUR;USA;ZAF/indicator/VC.IHR.PSRC.P5?format=json&date=1996:2024&per_page=20000,"Intentional homicides (per 100,000 people)",sha256:e9a648c0c7b58588f02986817d1638cb82d3073ee9615c0bb8913cf6ee17339f,OFFICIAL_API,VERIFIED,,False,False,World Bank published intentional-homicide rate.,0.726511653296908
70f66d3f-fb8f-44c6-b677-18adaf10b508,HARM,IDN,INTENTIONAL_HOMICIDE_RATE_PER_100K,0.62256871069078,PER_100K,2004-12-31,,2026-10-05T21:30:25.675437+00:00,World Bank API v2,https://api.worldbank.org/v2/country/AUS;BRA;CAN;CHE;DEU;ESP;FRA;GBR;GRC;IDN;IND;ITA;JPN;KOR;MEX;NLD;NOR;TUR;USA;ZAF/indicator/VC.IHR.PSRC.P5?format=json&date=1996:2024&per_page=20000,"Intentional homicides (per 100,000 people)",sha256:e9a648c0c7b58588f02986817d1638cb82d3073ee9615c0bb8913cf6ee17339f,OFFICIAL_API,VERIFIED,,False,False,World Bank published intentional-homicide rate.,0.62256871069078
08404281-c798-40ca-ab41-a6326ec395f2,HARM,IDN,INTENTIONAL_HOMICIDE_RATE_PER_100K,,PER_100K,2005-12-31,,2026-10-05T21:30:25.711159+00:00,NO_SOURCE_VALUE,,No source value retrieved,,UNAVAILABLE,UNAVAILABLE,SOURCE_HAS_NO_VALUE_FOR_COUNTRY_YEAR,False,False,World Bank published intentional-homicide rate.,
3b2f7d20-2bf5-4441-9f6b-bc623c6a7970,HARM,IDN,INTENTIONAL_HOMICIDE_RATE_PER_100K,,PER_100K,2006-12-31,,2026-10-05T21:30:25.712156+00:00,NO_SOURCE_VALUE,,No source value retrieved,,UNAVAILABLE,UNAVAILABLE,SOURCE_HAS_NO_VALUE_FOR_COUNTRY_YEAR,False,False,World Bank published intentional-homicide rate.,
6fb40461-0ac2-4cae-9d3b-41cab22015d6,HARM,IDN,INTENTIONAL_HOMICIDE_RATE_PER_100K,,PER_100K,2007-12-31,,2026-10-05T21:30:25.712156+00:00,NO_SOURCE_VALUE,,No source value retrieved,,UNAVAILABLE,UNAVAILABLE,SOURCE_HAS_NO_VALUE_FOR_COUNTRY_YEAR,False,False,World Bank published intentional-homicide rate.,
dbb62e50-fedd-4a0d-a722-4fc32f957e08,HARM,IDN,INTENTIONAL_HOMICIDE_RATE_PER_100K,,PER_100K,2008-12-31,,2026-10-05T21:30:25.712156+00:00,NO_SOURCE_VALUE,,No source value retrieved,,UNAVAILABLE,UNAVAILABLE,SOURCE_HAS_NO_VALUE_FOR_COUNTRY_YEAR,False,False,World Bank published intentional-homicide rate.,
66211916-7ded-45ff-a749-5400cdc4aa31,HARM,IDN,INTENTIONAL_HOMICIDE_RATE_PER_100K,,PER_100K,2009-12-31,,2026-10-05T21:30:25.712156+00:00,NO_SOURCE_VALUE,,No source value retrieved,,UNAVAILABLE,UNAVAILABLE,SOURCE_HAS_NO_VALUE_FOR_COUNTRY_YEAR,False,False,World Bank published intentional-homicide rate.,
4002814c-c20b-4520-890e-2349e012a70a,HARM,IDN,INTENTIONAL_HOMICIDE_RATE_PER_100K,,PER_100K,2010-12-31,,2026-10-05T21:30:25.712156+00:00,NO_SOURCE_VALUE,,No source value retrieved,,UNAVAILABLE,UNAVAILABLE,SOURCE_HAS_NO_VALUE_FOR_COUNTRY_YEAR,False,False,World Bank published intentional-homicide rate.,
66cb53e0-e603-48a4-a60a-282948f62cf1,HARM,IDN,INTENTIONAL_HOMICIDE_RATE_PER_100K,,PER_100K,2011-12-31,,2026-10-05T21:30:25.712156+00:00,NO_SOURCE_VALUE,,No source value retrieved,,UNAVAILABLE,UNAVAILABLE,SOURCE_HAS_NO_VALUE_FOR_COUNTRY_YEAR,False,False,World Bank published intentional-homicide rate.,
40e6aebd-c9fc-4193-88e4-0ce82f1e9ef3,HARM,IDN,INTENTIONAL_HOMICIDE_RATE_PER_100K,,PER_100K,2012-12-31,,2026-10-05T21:30:25.713163+00:00,NO_SOURCE_VALUE,,No source value retrieved,,UNAVAILABLE,UNAVAILABLE,SOURCE_HAS_NO_VALUE_FOR_COUNTRY_YEAR,False,False,World Bank published intentional-homicide rate.,
2d572cdf-e824-4460-8f6a-6ac2761b12e2,HARM,IDN,INTENTIONAL_HOMICIDE_RATE_PER_100K,,PER_100K,2013-12-31,,2026-10-05T21:30:25.713163+00:00,NO_SOURCE_VALUE,,No source value retrieved,,UNAVAILABLE,UNAVAILABLE,SOURCE_HAS_NO_VALUE_FOR_COUNTRY_YEAR,False,False,World Bank published intentional-homicide rate.,
8b9dcae2-8ead-4edc-b712-7452c0c54cbd,HARM,IDN,INTENTIONAL_HOMICIDE_RATE_PER_100K,,PER_100K,2014-12-31,,2026-10-05T21:30:25.713163+00:00,NO_SOURCE_VALUE,,No source value retrieved,,UNAVAILABLE,UNAVAILABLE,SOURCE_HAS_NO_VALUE_FOR_COUNTRY_YEAR,False,False,World Bank published intentional-homicide rate.,
6e4c5487-32ee-4b9b-b1b0-f5894a922c4e,HARM,IDN,INTENTIONAL_HOMICIDE_RATE_PER_100K,,PER_100K,2015-12-31,,2026-10-05T21:30:25.713163+00:00,NO_SOURCE_VALUE,,No source value retrieved,,UNAVAILABLE,UNAVAILABLE,SOURCE_HAS_NO_VALUE_FOR_COUNTRY_YEAR,False,False,World Bank published intentional-homicide rate.,
e14ca1c9-d387-4688-a909-84dc1736bc2f,HARM,IDN,INTENTIONAL_HOMICIDE_RATE_PER_100K,,PER_100K,2016-12-31,,2026-10-05T21:30:25.713163+00:00,NO_SOURCE_VALUE,,No source value retrieved,,UNAVAILABLE,UNAVAILABLE,SOURCE_HAS_NO_VALUE_FOR_COUNTRY_YEAR,False,False,World Bank published intentional-homicide rate.,
eb5d3b2d-b379-4cc4-89e2-66abcc20c497,HARM,IDN,INTENTIONAL_HOMICIDE_RATE_PER_100K,,PER_100K,2017-12-31,,2026-10-05T21:30:25.713163+00:00,NO_SOURCE_VALUE,,No source value retrieved,,UNAVAILABLE,UNAVAILABLE,SOURCE_HAS_NO_VALUE_FOR_COUNTRY_YEAR,False,False,World Bank published intentional-homicide rate.,
719be695-c104-45df-b462-819b6a2940f2,HARM,IDN,INTENTIONAL_HOMICIDE_RATE_PER_100K,,PER_100K,2018-12-31,,2026-10-05T21:30:25.713163+00:00,NO_SOURCE_VALUE,,No source value retrieved,,UNAVAILABLE,UNAVAILABLE,SOURCE_HAS_NO_VALUE_FOR_COUNTRY_YEAR,False,False,World Bank published intentional-homicide rate.,
e4acbc34-e0be-41d4-af47-f982a5bbbcb4,HARM,IDN,INTENTIONAL_HOMICIDE_RATE_PER_100K,,PER_100K,2019-12-31,,2026-10-05T21:30:25.714164+00:00,NO_SOURCE_VALUE,,No source value retrieved,,UNAVAILABLE,UNAVAILABLE,SOURCE_HAS_NO_VALUE_FOR_COUNTRY_YEAR,False,False,World Bank published intentional-homicide rate.,
5d31b008-c1cf-44d8-9880-3d1745dfc722,HARM,IDN,INTENTIONAL_HOMICIDE_RATE_PER_100K,,PER_100K,2020-12-31,,2026-10-05T21:30:25.714164+00:00,NO_SOURCE_VALUE,,No source value retrieved,,UNAVAILABLE,UNAVAILABLE,SOURCE_HAS_NO_VALUE_FOR_COUNTRY_YEAR,False,False,World Bank published intentional-homicide rate.,
2a466038-a4cd-4086-bfc2-e4ae1be2fffe,HARM,IDN,INTENTIONAL_HOMICIDE_RATE_PER_100K,,PER_100K,2021-12-31,,2026-10-05T21:30:25.714164+00:00,NO_SOURCE_VALUE,,No source value retrieved,,UNAVAILABLE,UNAVAILABLE,SOURCE_HAS_NO_VALUE_FOR_COUNTRY_YEAR,False,False,World Bank published intentional-homicide rate.,
4ca97e05-bce8-45eb-ab12-ceb0b7b26128,HARM,IDN,INTENTIONAL_HOMICIDE_RATE_PER_100K,0.303768746039586,PER_100K,2022-12-31,,2026-10-05T21:30:25.675437+00:00,World Bank API v2,https://api.worldbank.org/v2/country/AUS;BRA;CAN;CHE;DEU;ESP;FRA;GBR;GRC;IDN;IND;ITA;JPN;KOR;MEX;NLD;NOR;TUR;USA;ZAF/indicator/VC.IHR.PSRC.P5?format=json&date=1996:2024&per_page=20000,"Intentional homicides (per 100,000 people)",sha256:e9a648c0c7b58588f02986817d1638cb82d3073ee9615c0bb8913cf6ee17339f,OFFICIAL_API,VERIFIED,,False,False,World Bank published intentional-homicide rate.,0.303768746039586
4774c63b-24d0-4d9c-ab53-7c68150a895f,HARM,IDN,INTENTIONAL_HOMICIDE_RATE_PER_100K,,PER_100K,2023-12-31,,2026-10-05T21:30:25.714164+00:00,NO_SOURCE_VALUE,,No source value retrieved,,UNAVAILABLE,UNAVAILABLE,SOURCE_HAS_NO_VALUE_FOR_COUNTRY_YEAR,False,False,World Bank published intentional-homicide rate.,
deb77212-215c-4a17-961a-76526de3067f,HARM,IDN,INTENTIONAL_HOMICIDE_RATE_PER_100K,,PER_100K,2024-12-31,,2026-10-05T21:30:25.715159+00:00,NO_SOURCE_VALUE,,No source value retrieved,,UNAVAILABLE,UNAVAILABLE,SOURCE_HAS_NO_VALUE_FOR_COUNTRY_YEAR,False,False,World Bank published intentional-homicide rate.,
060940c2-99a4-44a4-b2ee-cdc06137f450,HARM,IND,INTENTIONAL_HOMICIDE_RATE_PER_100K,4.7885099027111,PER_100K,1996-12-31,,2026-10-05T21:30:25.675437+00:00,World Bank API v2,https://api.worldbank.org/v2/country/AUS;BRA;CAN;CHE;DEU;ESP;FRA;GBR;GRC;IDN;IND;ITA;JPN;KOR;MEX;NLD;NOR;TUR;USA;ZAF/indicator/VC.IHR.PSRC.P5?format=json&date=1996:2024&per_page=20000,"Intentional homicides (per 100,000 people)",sha256:e9a648c0c7b58588f02986817d1638cb82d3073ee9615c0bb8913cf6ee17339f,OFFICIAL_API,VERIFIED,,False,False,World Bank published intentional-homicide rate.,4.7885099027111
f6dc3900-926d-4dce-8183-3a6a428b72a4,HARM,IND,INTENTIONAL_HOMICIDE_RATE_PER_100K,4.74591109090452,PER_100K,1997-12-31,,2026-10-05T21:30:25.675437+00:00,World Bank API v2,https://api.worldbank.org/v2/country/AUS;BRA;CAN;CHE;DEU;ESP;FRA;GBR;GRC;IDN;IND;ITA;JPN;KOR;MEX;NLD;NOR;TUR;USA;ZAF/indicator/VC.IHR.PSRC.P5?format=json&date=1996:2024&per_page=20000,"Intentional homicides (per 100,000 people)",sha256:e9a648c0c7b58588f02986817d1638cb82d3073ee9615c0bb8913cf6ee17339f,OFFICIAL_API,VERIFIED,,False,False,World Bank published intentional-homicide rate.,4.74591109090452
efc69f2c-aeb2-4b5a-aa42-dbee10486426,HARM,IND,INTENTIONAL_HOMICIDE_RATE_PER_100K,4.83888188255162,PER_100K,1998-12-31,,2026-10-05T21:30:25.675437+00:00,World Bank API v2,https://api.worldbank.org/v2/country/AUS;BRA;CAN;CHE;DEU;ESP;FRA;GBR;GRC;IDN;IND;ITA;JPN;KOR;MEX;NLD;NOR;TUR;USA;ZAF/indicator/VC.IHR.PSRC.P5?format=json&date=1996:2024&per_page=20000,"Intentional homicides (per 100,000 people)",sha256:e9a648c0c7b58588f02986817d1638cb82d3073ee9615c0bb8913cf6ee17339f,OFFICIAL_API,VERIFIED,,False,False,World Bank published intentional-homicide rate.,4.83888188255162
2d9efd11-d4c9-4b54-bab6-16afc57fcd88,HARM,IND,INTENTIONAL_HOMICIDE_RATE_PER_100K,4.60217795989072,PER_100K,1999-12-31,,2026-10-05T21:30:25.675437+00:00,World Bank API v2,https://api.worldbank.org/v2/country/AUS;BRA;CAN;CHE;DEU;ESP;FRA;GBR;GRC;IDN;IND;ITA;JPN;KOR;MEX;NLD;NOR;TUR;USA;ZAF/indicator/VC.IHR.PSRC.P5?format=json&date=1996:2024&per_page=20000,"Intentional homicides (per 100,000 people)",sha256:e9a648c0c7b58588f02986817d1638cb82d3073ee9615c0bb8913cf6ee17339f,OFFICIAL_API,VERIFIED,,False,False,World Bank published intentional-homicide rate.,4.60217795989072
8e3c0ec7-be3e-473c-b381-53ce6e792d4d,HARM,IND,INTENTIONAL_HOMICIDE_RATE_PER_100K,4.55297901231507,PER_100K,2000-12-31,,2026-10-05T21:30:25.675437+00:00,World Bank API v2,https://api.worldbank.org/v2/country/AUS;BRA;CAN;CHE;DEU;ESP;FRA;GBR;GRC;IDN;IND;ITA;JPN;KOR;MEX;NLD;NOR;TUR;USA;ZAF/indicator/VC.IHR.PSRC.P5?format=json&date=1996:2024&per_page=20000,"Intentional homicides (per 100,000 people)",sha256:e9a648c0c7b58588f02986817d1638cb82d3073ee9615c0bb8913cf6ee17339f,OFFICIAL_API,VERIFIED,,False,False,World Bank published intentional-homicide rate.,4.55297901231507
e15b83b4-6e32-447e-b317-2062d0b3d0cb,HARM,IND,INTENTIONAL_HOMICIDE_RATE_PER_100K,4.30652763410509,PER_100K,2001-12-31,,2026-10-05T21:30:25.675437+00:00,World Bank API v2,https://api.worldbank.org/v2/country/AUS;BRA;CAN;CHE;DEU;ESP;FRA;GBR;GRC;IDN;IND;ITA;JPN;KOR;MEX;NLD;NOR;TUR;USA;ZAF/indicator/VC.IHR.PSRC.P5?format=json&date=1996:2024&per_page=20000,"Intentional homicides (per 100,000 people)",sha256:e9a648c0c7b58588f02986817d1638cb82d3073ee9615c0bb8913cf6ee17339f,OFFICIAL_API,VERIFIED,,False,False,World Bank published intentional-homicide rate.,4.30652763410509
8eda78a2-2c34-447a-af36-e299d930020f,HARM,IND,INTENTIONAL_HOMICIDE_RATE_PER_100K,4.16690817646815,PER_100K,2002-12-31,,2026-10-05T21:30:25.675437+00:00,World Bank API v2,https://api.worldbank.org/v2/country/AUS;BRA;CAN;CHE;DEU;ESP;FRA;GBR;GRC;IDN;IND;ITA;JPN;KOR;MEX;NLD;NOR;TUR;USA;ZAF/indicator/VC.IHR.PSRC.P5?format=json&date=1996:2024&per_page=20000,"Intentional homicides (per 100,000 people)",sha256:e9a648c0c7b58588f02986817d1638cb82d3073ee9615c0bb8913cf6ee17339f,OFFICIAL_API,VERIFIED,,False,False,World Bank published intentional-homicide rate.,4.16690817646815
84fbeb98-446a-433d-b5e2-18d662661e01,HARM,IND,INTENTIONAL_HOMICIDE_RATE_PER_100K,3.96945564811633,PER_100K,2003-12-31,,2026-10-05T21:30:25.675437+00:00,World Bank API v2,https://api.worldbank.org/v2/country/AUS;BRA;CAN;CHE;DEU;ESP;FRA;GBR;GRC;IDN;IND;ITA;JPN;KOR;MEX;NLD;NOR;TUR;USA;ZAF/indicator/VC.IHR.PSRC.P5?format=json&date=1996:2024&per_page=20000,"Intentional homicides (per 100,000 people)",sha256:e9a648c0c7b58588f02986817d1638cb82d3073ee9615c0bb8913cf6ee17339f,OFFICIAL_API,VERIFIED,,False,False,World Bank published intentional-homicide rate.,3.96945564811633
55b25c4d-41da-4661-b7a5-67bbd5015d86,HARM,IND,INTENTIONAL_HOMICIDE_RATE_PER_100K,4.09246015023157,PER_100K,2004-12-31,,2026-10-05T21:30:25.675437+00:00,World Bank API v2,https://api.worldbank.org/v2/country/AUS;BRA;CAN;CHE;DEU;ESP;FRA;GBR;GRC;IDN;IND;ITA;JPN;KOR;MEX;NLD;NOR;TUR;USA;ZAF/indicator/VC.IHR.PSRC.P5?format=json&date=1996:2024&per_page=20000,"Intentional homicides (per 100,000 people)",sha256:e9a648c0c7b58588f02986817d1638cb82d3073ee9615c0bb8913cf6ee17339f,OFFICIAL_API,VERIFIED,,False,False,World Bank published intentional-homicide rate.,4.09246015023157
c31c77a5-f8cf-42e4-b5ab-5d795dc123bf,HARM,IND,INTENTIONAL_HOMICIDE_RATE_PER_100K,3.9054234629053,PER_100K,2005-12-31,,2026-10-05T21:30:25.675437+00:00,World Bank API v2,https://api.worldbank.org/v2/country/AUS;BRA;CAN;CHE;DEU;ESP;FRA;GBR;GRC;IDN;IND;ITA;JPN;KOR;MEX;NLD;NOR;TUR;USA;ZAF/indicator/VC.IHR.PSRC.P5?format=json&date=1996:2024&per_page=20000,"Intentional homicides (per 100,000 people)",sha256:e9a648c0c7b58588f02986817d1638cb82d3073ee9615c0bb8913cf6ee17339f,OFFICIAL_API,VERIFIED,,False,False,World Bank published intentional-homicide rate.,3.9054234629053
7115becf-82a9-4771-8a14-4113e299673c,HARM,IND,INTENTIONAL_HOMICIDE_RATE_PER_100K,3.83338811896998,PER_100K,2006-12-31,,2026-10-05T21:30:25.675437+00:00,World Bank API v2,https://api.worldbank.org/v2/country/AUS;BRA;CAN;CHE;DEU;ESP;FRA;GBR;GRC;IDN;IND;ITA;JPN;KOR;MEX;NLD;NOR;TUR;USA;ZAF/indicator/VC.IHR.PSRC.P5?format=json&date=1996:2024&per_page=20000,"Intentional homicides (per 100,000 people)",sha256:e9a648c0c7b58588f02986817d1638cb82d3073ee9615c0bb8913cf6ee17339f,OFFICIAL_API,VERIFIED,,False,False,World Bank published intentional-homicide rate.,3.83338811896998
8d7c547b-c1f5-4da6-b673-77e581733967,HARM,IND,INTENTIONAL_HOMICIDE_RATE_PER_100K,3.80976850285027,PER_100K,2007-12-31,,2026-10-05T21:30:25.675437+00:00,World Bank API v2,https://api.worldbank.org/v2/country/AUS;BRA;CAN;CHE;DEU;ESP;FRA;GBR;GRC;IDN;IND;ITA;JPN;KOR;MEX;NLD;NOR;TUR;USA;ZAF/indicator/VC.IHR.PSRC.P5?format=json&date=1996:2024&per_page=20000,"Intentional homicides (per 100,000 people)",sha256:e9a648c0c7b58588f02986817d1638cb82d3073ee9615c0bb8913cf6ee17339f,OFFICIAL_API,VERIFIED,,False,False,World Bank published intentional-homicide rate.,3.80976850285027
26099448-4d6f-4854-ab30-65179340c4a6,HARM,IND,INTENTIONAL_HOMICIDE_RATE_PER_100K,3.80808186808269,PER_100K,2008-12-31,,2026-10-05T21:30:25.675437+00:00,World Bank API v2,https://api.worldbank.org/v2/country/AUS;BRA;CAN;CHE;DEU;ESP;FRA;GBR;GRC;IDN;IND;ITA;JPN;KOR;MEX;NLD;NOR;TUR;USA;ZAF/indicator/VC.IHR.PSRC.P5?format=json&date=1996:2024&per_page=20000,"Intentional homicides (per 100,000 people)",sha256:e9a648c0c7b58588f02986817d1638cb82d3073ee9615c0bb8913cf6ee17339f,OFFICIAL_API,VERIFIED,,False,False,World Bank published intentional-homicide rate.,3.80808186808269
6d70ce06-bc2c-4a2a-adda-ad8ffa2ee453,HARM,IND,INTENTIONAL_HOMICIDE_RATE_PER_100K,3.7391329622536,PER_100K,2009-12-31,,2026-10-05T21:30:25.675437+00:00,World Bank API v2,https://api.worldbank.org/v2/country/AUS;BRA;CAN;CHE;DEU;ESP;FRA;GBR;GRC;IDN;IND;ITA;JPN;KOR;MEX;NLD;NOR;TUR;USA;ZAF/indicator/VC.IHR.PSRC.P5?format=json&date=1996:2024&per_page=20000,"Intentional homicides (per 100,000 people)",sha256:e9a648c0c7b58588f02986817d1638cb82d3073ee9615c0bb8913cf6ee17339f,OFFICIAL_API,VERIFIED,,False,False,World Bank published intentional-homicide rate.,3.7391329622536
521e9e72-16a6-4d2c-b67f-0128dad454fc,HARM,IND,INTENTIONAL_HOMICIDE_RATE_PER_100K,3.73628378136533,PER_100K,2010-12-31,,2026-10-05T21:30:25.675437+00:00,World Bank API v2,https://api.worldbank.org/v2/country/AUS;BRA;CAN;CHE;DEU;ESP;FRA;GBR;GRC;IDN;IND;ITA;JPN;KOR;MEX;NLD;NOR;TUR;USA;ZAF/indicator/VC.IHR.PSRC.P5?format=json&date=1996:2024&per_page=20000,"Intentional homicides (per 100,000 people)",sha256:e9a648c0c7b58588f02986817d1638cb82d3073ee9615c0bb8913cf6ee17339f,OFFICIAL_API,VERIFIED,,False,False,World Bank published intentional-homicide rate.,3.73628378136533
57901a14-31e9-44f3-90d6-a978e2d90928,HARM,IND,INTENTIONAL_HOMICIDE_RATE_PER_100K,3.77728016164146,PER_100K,2011-12-31,,2026-10-05T21:30:25.675437+00:00,World Bank API v2,https://api.worldbank.org/v2/country/AUS;BRA;CAN;CHE;DEU;ESP;FRA;GBR;GRC;IDN;IND;ITA;JPN;KOR;MEX;NLD;NOR;TUR;USA;ZAF/indicator/VC.IHR.PSRC.P5?format=json&date=1996:2024&per_page=20000,"Intentional homicides (per 100,000 people)",sha256:e9a648c0c7b58588f02986817d1638cb82d3073ee9615c0bb8913cf6ee17339f,OFFICIAL_API,VERIFIED,,False,False,World Bank published intentional-homicide rate.,3.77728016164146
49ff9ea3-18d1-4f15-bb2d-38f6e74e0fe1,HARM,IND,INTENTIONAL_HOMICIDE_RATE_PER_100K,3.71306379435684,PER_100K,2012-12-31,,2026-10-05T21:30:25.675437+00:00,World Bank API v2,https://api.worldbank.org/v2/country/AUS;BRA;CAN;CHE;DEU;ESP;FRA;GBR;GRC;IDN;IND;ITA;JPN;KOR;MEX;NLD;NOR;TUR;USA;ZAF/indicator/VC.IHR.PSRC.P5?format=json&date=1996:2024&per_page=20000,"Intentional homicides (per 100,000 people)",sha256:e9a648c0c7b58588f02986817d1638cb82d3073ee9615c0bb8913cf6ee17339f,OFFICIAL_API,VERIFIED,,False,False,World Bank published intentional-homicide rate.,3.71306379435684
d69a3f97-ede8-4592-95a4-1cd4ad51f4cf,HARM,IND,INTENTIONAL_HOMICIDE_RATE_PER_100K,3.54043488192346,PER_100K,2013-12-31,,2026-10-05T21:30:25.675437+00:00,World Bank API v2,https://api.worldbank.org/v2/country/AUS;BRA;CAN;CHE;DEU;ESP;FRA;GBR;GRC;IDN;IND;ITA;JPN;KOR;MEX;NLD;NOR;TUR;USA;ZAF/indicator/VC.IHR.PSRC.P5?format=json&date=1996:2024&per_page=20000,"Intentional homicides (per 100,000 people)",sha256:e9a648c0c7b58588f02986817d1638cb82d3073ee9615c0bb8913cf6ee17339f,OFFICIAL_API,VERIFIED,,False,False,World Bank published intentional-homicide rate.,3.54043488192346
5b66e2ce-1478-45b8-8258-4bbcf14f392d,HARM,IND,INTENTIONAL_HOMICIDE_RATE_PER_100K,3.60868879736221,PER_100K,2014-12-31,,2026-10-05T21:30:25.675437+00:00,World Bank API v2,https://api.worldbank.org/v2/country/AUS;BRA;CAN;CHE;DEU;ESP;FRA;GBR;GRC;IDN;IND;ITA;JPN;KOR;MEX;NLD;NOR;TUR;USA;ZAF/indicator/VC.IHR.PSRC.P5?format=json&date=1996:2024&per_page=20000,"Intentional homicides (per 100,000 people)",sha256:e9a648c0c7b58588f02986817d1638cb82d3073ee9615c0bb8913cf6ee17339f,OFFICIAL_API,VERIFIED,,False,False,World Bank published intentional-homicide rate.,3.60868879736221
ff745296-b12e-4269-a87c-af8d416b53e8,HARM,IND,INTENTIONAL_HOMICIDE_RATE_PER_100K,3.341278725169,PER_100K,2015-12-31,,2026-10-05T21:30:25.675437+00:00,World Bank API v2,https://api.worldbank.org/v2/country/AUS;BRA;CAN;CHE;DEU;ESP;FRA;GBR;GRC;IDN;IND;ITA;JPN;KOR;MEX;NLD;NOR;TUR;USA;ZAF/indicator/VC.IHR.PSRC.P5?format=json&date=1996:2024&per_page=20000,"Intentional homicides (per 100,000 people)",sha256:e9a648c0c7b58588f02986817d1638cb82d3073ee9615c0bb8913cf6ee17339f,OFFICIAL_API,VERIFIED,,False,False,World Bank published intentional-homicide rate.,3.341278725169
e444e894-e31a-48b6-9199-98844e43fe91,HARM,IND,INTENTIONAL_HOMICIDE_RATE_PER_100K,3.14894003612781,PER_100K,2016-12-31,,2026-10-05T21:30:25.675437+00:00,World Bank API v2,https://api.worldbank.org/v2/country/AUS;BRA;CAN;CHE;DEU;ESP;FRA;GBR;GRC;IDN;IND;ITA;JPN;KOR;MEX;NLD;NOR;TUR;USA;ZAF/indicator/VC.IHR.PSRC.P5?format=json&date=1996:2024&per_page=20000,"Intentional homicides (per 100,000 people)",sha256:e9a648c0c7b58588f02986817d1638cb82d3073ee9615c0bb8913cf6ee17339f,OFFICIAL_API,VERIFIED,,False,False,World Bank published intentional-homicide rate.,3.14894003612781
c6e44e3a-9880-4e64-b3c1-e5eb2b1d08b9,HARM,IND,INTENTIONAL_HOMICIDE_RATE_PER_100K,3.07665739913599,PER_100K,2017-12-31,,2026-10-05T21:30:25.675437+00:00,World Bank API v2,https://api.worldbank.org/v2/country/AUS;BRA;CAN;CHE;DEU;ESP;FRA;GBR;GRC;IDN;IND;ITA;JPN;KOR;MEX;NLD;NOR;TUR;USA;ZAF/indicator/VC.IHR.PSRC.P5?format=json&date=1996:2024&per_page=20000,"Intentional homicides (per 100,000 people)",sha256:e9a648c0c7b58588f02986817d1638cb82d3073ee9615c0bb8913cf6ee17339f,OFFICIAL_API,VERIFIED,,False,False,World Bank published intentional-homicide rate.,3.07665739913599
bcee6dfd-5ea6-4186-ab40-919ce6ce9d62,HARM,IND,INTENTIONAL_HOMICIDE_RATE_PER_100K,3.0299149142336,PER_100K,2018-12-31,,2026-10-05T21:30:25.675437+00:00,World Bank API v2,https://api.worldbank.org/v2/country/AUS;BRA;CAN;CHE;DEU;ESP;FRA;GBR;GRC;IDN;IND;ITA;JPN;KOR;MEX;NLD;NOR;TUR;USA;ZAF/indicator/VC.IHR.PSRC.P5?format=json&date=1996:2024&per_page=20000,"Intentional homicides (per 100,000 people)",sha256:e9a648c0c7b58588f02986817d1638cb82d3073ee9615c0bb8913cf6ee17339f,OFFICIAL_API,VERIFIED,,False,False,World Bank published intentional-homicide rate.,3.0299149142336
31a712df-bb9a-4e30-88c7-896371f374d8,HARM,IND,INTENTIONAL_HOMICIDE_RATE_PER_100K,2.94997162020176,PER_100K,2019-12-31,,2026-10-05T21:30:25.675437+00:00,World Bank API v2,https://api.worldbank.org/v2/country/AUS;BRA;CAN;CHE;DEU;ESP;FRA;GBR;GRC;IDN;IND;ITA;JPN;KOR;MEX;NLD;NOR;TUR;USA;ZAF/indicator/VC.IHR.PSRC.P5?format=json&date=1996:2024&per_page=20000,"Intentional homicides (per 100,000 people)",sha256:e9a648c0c7b58588f02986817d1638cb82d3073ee9615c0bb8913cf6ee17339f,OFFICIAL_API,VERIFIED,,False,False,World Bank published intentional-homicide rate.,2.94997162020176
22c487b8-7ad0-4691-be4d-fd65d9c6eb35,HARM,IND,INTENTIONAL_HOMICIDE_RATE_PER_100K,2.93529734667461,PER_100K,2020-12-31,,2026-10-05T21:30:25.675437+00:00,World Bank API v2,https://api.worldbank.org/v2/country/AUS;BRA;CAN;CHE;DEU;ESP;FRA;GBR;GRC;IDN;IND;ITA;JPN;KOR;MEX;NLD;NOR;TUR;USA;ZAF/indicator/VC.IHR.PSRC.P5?format=json&date=1996:2024&per_page=20000,"Intentional homicides (per 100,000 people)",sha256:e9a648c0c7b58588f02986817d1638cb82d3073ee9615c0bb8913cf6ee17339f,OFFICIAL_API,VERIFIED,,False,False,World Bank published intentional-homicide rate.,2.93529734667461
9ef074c7-31e6-4101-b692-df5509211eb9,HARM,IND,INTENTIONAL_HOMICIDE_RATE_PER_100K,2.92249230234054,PER_100K,2021-12-31,,2026-10-05T21:30:25.675437+00:00,World Bank API v2,https://api.worldbank.org/v2/country/AUS;BRA;CAN;CHE;DEU;ESP;FRA;GBR;GRC;IDN;IND;ITA;JPN;KOR;MEX;NLD;NOR;TUR;USA;ZAF/indicator/VC.IHR.PSRC.P5?format=json&date=1996:2024&per_page=20000,"Intentional homicides (per 100,000 people)",sha256:e9a648c0c7b58588f02986817d1638cb82d3073ee9615c0bb8913cf6ee17339f,OFFICIAL_API,VERIFIED,,False,False,World Bank published intentional-homicide rate.,2.92249230234054
244d024d-89c7-4953-8afa-30e024be2a85,HARM,IND,INTENTIONAL_HOMICIDE_RATE_PER_100K,2.81530423021647,PER_100K,2022-12-31,,2026-10-05T21:30:25.675437+00:00,World Bank API v2,https://api.worldbank.org/v2/country/AUS;BRA;CAN;CHE;DEU;ESP;FRA;GBR;GRC;IDN;IND;ITA;JPN;KOR;MEX;NLD;NOR;TUR;USA;ZAF/indicator/VC.IHR.PSRC.P5?format=json&date=1996:2024&per_page=20000,"Intentional homicides (per 100,000 people)",sha256:e9a648c0c7b58588f02986817d1638cb82d3073ee9615c0bb8913cf6ee17339f,OFFICIAL_API,VERIFIED,,False,False,World Bank published intentional-homicide rate.,2.81530423021647
e4dcfe61-46c3-405f-88d5-6897629a250d,HARM,IND,INTENTIONAL_HOMICIDE_RATE_PER_100K,,PER_100K,2023-12-31,,2026-10-05T21:30:25.718674+00:00,NO_SOURCE_VALUE,,No source value retrieved,,UNAVAILABLE,UNAVAILABLE,SOURCE_HAS_NO_VALUE_FOR_COUNTRY_YEAR,False,False,World Bank published intentional-homicide rate.,
35e3b47f-8c94-45a4-aabd-6bb8ebeebf8a,HARM,IND,INTENTIONAL_HOMICIDE_RATE_PER_100K,,PER_100K,2024-12-31,,2026-10-05T21:30:25.719675+00:00,NO_SOURCE_VALUE,,No source value retrieved,,UNAVAILABLE,UNAVAILABLE,SOURCE_HAS_NO_VALUE_FOR_COUNTRY_YEAR,False,False,World Bank published intentional-homicide rate.,
8bd6fb26-ebbc-4330-aff2-e20ce9a24c33,HARM,ITA,INTENTIONAL_HOMICIDE_RATE_PER_100K,1.66718882215848,PER_100K,1996-12-31,,2026-10-05T21:30:25.675437+00:00,World Bank API v2,https://api.worldbank.org/v2/country/AUS;BRA;CAN;CHE;DEU;ESP;FRA;GBR;GRC;IDN;IND;ITA;JPN;KOR;MEX;NLD;NOR;TUR;USA;ZAF/indicator/VC.IHR.PSRC.P5?format=json&date=1996:2024&per_page=20000,"Intentional homicides (per 100,000 people)",sha256:e9a648c0c7b58588f02986817d1638cb82d3073ee9615c0bb8913cf6ee17339f,OFFICIAL_API,VERIFIED,,False,False,World Bank published intentional-homicide rate.,1.66718882215848
22752dd3-1d31-403f-8d7e-3d62d71ecc36,HARM,ITA,INTENTIONAL_HOMICIDE_RATE_PER_100K,1.52651001019431,PER_100K,1997-12-31,,2026-10-05T21:30:25.675437+00:00,World Bank API v2,https://api.worldbank.org/v2/country/AUS;BRA;CAN;CHE;DEU;ESP;FRA;GBR;GRC;IDN;IND;ITA;JPN;KOR;MEX;NLD;NOR;TUR;USA;ZAF/indicator/VC.IHR.PSRC.P5?format=json&date=1996:2024&per_page=20000,"Intentional homicides (per 100,000 people)",sha256:e9a648c0c7b58588f02986817d1638cb82d3073ee9615c0bb8913cf6ee17339f,OFFICIAL_API,VERIFIED,,False,False,World Bank published intentional-homicide rate.,1.52651001019431
be9688d7-f54a-46e6-965d-401da2164ac4,HARM,ITA,INTENTIONAL_HOMICIDE_RATE_PER_100K,1.55378306019741,PER_100K,1998-12-31,,2026-10-05T21:30:25.675437+00:00,World Bank API v2,https://api.worldbank.org/v2/country/AUS;BRA;CAN;CHE;DEU;ESP;FRA;GBR;GRC;IDN;IND;ITA;JPN;KOR;MEX;NLD;NOR;TUR;USA;ZAF/indicator/VC.IHR.PSRC.P5?format=json&date=1996:2024&per_page=20000,"Intentional homicides (per 100,000 people)",sha256:e9a648c0c7b58588f02986817d1638cb82d3073ee9615c0bb8913cf6ee17339f,OFFICIAL_API,VERIFIED,,False,False,World Bank published intentional-homicide rate.,1.55378306019741
785f6719-3fbc-42dd-9356-0d58db8a063f,HARM,ITA,INTENTIONAL_HOMICIDE_RATE_PER_100K,1.43079765038568,PER_100K,1999-12-31,,2026-10-05T21:30:25.675437+00:00,World Bank API v2,https://api.worldbank.org/v2/country/AUS;BRA;CAN;CHE;DEU;ESP;FRA;GBR;GRC;IDN;IND;ITA;JPN;KOR;MEX;NLD;NOR;TUR;USA;ZAF/indicator/VC.IHR.PSRC.P5?format=json&date=1996:2024&per_page=20000,"Intentional homicides (per 100,000 people)",sha256:e9a648c0c7b58588f02986817d1638cb82d3073ee9615c0bb8913cf6ee17339f,OFFICIAL_API,VERIFIED,,False,False,World Bank published intentional-homicide rate.,1.43079765038568
07ca06a9-87bb-4882-94da-9272286bf2dc,HARM,ITA,INTENTIONAL_HOMICIDE_RATE_PER_100K,1.33747271243561,PER_100K,2000-12-31,,2026-10-05T21:30:25.675437+00:00,World Bank API v2,https://api.worldbank.org/v2/country/AUS;BRA;CAN;CHE;DEU;ESP;FRA;GBR;GRC;IDN;IND;ITA;JPN;KOR;MEX;NLD;NOR;TUR;USA;ZAF/indicator/VC.IHR.PSRC.P5?format=json&date=1996:2024&per_page=20000,"Intentional homicides (per 100,000 people)",sha256:e9a648c0c7b58588f02986817d1638cb82d3073ee9615c0bb8913cf6ee17339f,OFFICIAL_API,VERIFIED,,False,False,World Bank published intentional-homicide rate.,1.33747271243561
eebde677-e52e-4cc1-b527-c7ad55b28150,HARM,ITA,INTENTIONAL_HOMICIDE_RATE_PER_100K,1.23722291409081,PER_100K,2001-12-31,,2026-10-05T21:30:25.675437+00:00,World Bank API v2,https://api.worldbank.org/v2/country/AUS;BRA;CAN;CHE;DEU;ESP;FRA;GBR;GRC;IDN;IND;ITA;JPN;KOR;MEX;NLD;NOR;TUR;USA;ZAF/indicator/VC.IHR.PSRC.P5?format=json&date=1996:2024&per_page=20000,"Intentional homicides (per 100,000 people)",sha256:e9a648c0c7b58588f02986817d1638cb82d3073ee9615c0bb8913cf6ee17339f,OFFICIAL_API,VERIFIED,,False,False,World Bank published intentional-homicide rate.,1.23722291409081
5a004cf8-78b3-4808-a85d-0b2488e5dd59,HARM,ITA,INTENTIONAL_HOMICIDE_RATE_PER_100K,1.12154817534866,PER_100K,2002-12-31,,2026-10-05T21:30:25.675437+00:00,World Bank API v2,https://api.worldbank.org/v2/country/AUS;BRA;CAN;CHE;DEU;ESP;FRA;GBR;GRC;IDN;IND;ITA;JPN;KOR;MEX;NLD;NOR;TUR;USA;ZAF/indicator/VC.IHR.PSRC.P5?format=json&date=1996:2024&per_page=20000,"Intentional homicides (per 100,000 people)",sha256:e9a648c0c7b58588f02986817d1638cb82d3073ee9615c0bb8913cf6ee17339f,OFFICIAL_API,VERIFIED,,False,False,World Bank published intentional-homicide rate.,1.12154817534866
897bd87e-a484-4a90-8a75-38610b6a3495,HARM,ITA,INTENTIONAL_HOMICIDE_RATE_PER_100K,,PER_100K,2003-12-31,,2026-10-05T21:30:25.720306+00:00,NO_SOURCE_VALUE,,No source value retrieved,,UNAVAILABLE,UNAVAILABLE,SOURCE_HAS_NO_VALUE_FOR_COUNTRY_YEAR,False,False,World Bank published intentional-homicide rate.,
a709476d-0976-48a3-8d0b-fae3c2c1409d,HARM,ITA,INTENTIONAL_HOMICIDE_RATE_PER_100K,,PER_100K,2004-12-31,,2026-10-05T21:30:25.720306+00:00,NO_SOURCE_VALUE,,No source value retrieved,,UNAVAILABLE,UNAVAILABLE,SOURCE_HAS_NO_VALUE_FOR_COUNTRY_YEAR,False,False,World Bank published intentional-homicide rate.,
9fa30b96-2370-427d-87f7-c923eeaf0d56,HARM,ITA,INTENTIONAL_HOMICIDE_RATE_PER_100K,1.04238414237751,PER_100K,2005-12-31,,2026-10-05T21:30:25.675437+00:00,World Bank API v2,https://api.worldbank.org/v2/country/AUS;BRA;CAN;CHE;DEU;ESP;FRA;GBR;GRC;IDN;IND;ITA;JPN;KOR;MEX;NLD;NOR;TUR;USA;ZAF/indicator/VC.IHR.PSRC.P5?format=json&date=1996:2024&per_page=20000,"Intentional homicides (per 100,000 people)",sha256:e9a648c0c7b58588f02986817d1638cb82d3073ee9615c0bb8913cf6ee17339f,OFFICIAL_API,VERIFIED,,False,False,World Bank published intentional-homicide rate.,1.04238414237751
f551a1b1-bec5-41fe-909b-f255050556d8,HARM,ITA,INTENTIONAL_HOMICIDE_RATE_PER_100K,1.06374952167439,PER_100K,2006-12-31,,2026-10-05T21:30:25.675437+00:00,World Bank API v2,https://api.worldbank.org/v2/country/AUS;BRA;CAN;CHE;DEU;ESP;FRA;GBR;GRC;IDN;IND;ITA;JPN;KOR;MEX;NLD;NOR;TUR;USA;ZAF/indicator/VC.IHR.PSRC.P5?format=json&date=1996:2024&per_page=20000,"Intentional homicides (per 100,000 people)",sha256:e9a648c0c7b58588f02986817d1638cb82d3073ee9615c0bb8913cf6ee17339f,OFFICIAL_API,VERIFIED,,False,False,World Bank published intentional-homicide rate.,1.06374952167439
a27df726-c30e-4aa2-a5b4-b411f4910443,HARM,ITA,INTENTIONAL_HOMICIDE_RATE_PER_100K,1.06752438557289,PER_100K,2007-12-31,,2026-10-05T21:30:25.675437+00:00,World Bank API v2,https://api.worldbank.org/v2/country/AUS;BRA;CAN;CHE;DEU;ESP;FRA;GBR;GRC;IDN;IND;ITA;JPN;KOR;MEX;NLD;NOR;TUR;USA;ZAF/indicator/VC.IHR.PSRC.P5?format=json&date=1996:2024&per_page=20000,"Intentional homicides (per 100,000 people)",sha256:e9a648c0c7b58588f02986817d1638cb82d3073ee9615c0bb8913cf6ee17339f,OFFICIAL_API,VERIFIED,,False,False,World Bank published intentional-homicide rate.,1.06752438557289
801647d4-b8eb-4459-a2d8-129dfc75d0a3,HARM,ITA,INTENTIONAL_HOMICIDE_RATE_PER_100K,1.03254300197422,PER_100K,2008-12-31,,2026-10-05T21:30:25.675437+00:00,World Bank API v2,https://api.worldbank.org/v2/country/AUS;BRA;CAN;CHE;DEU;ESP;FRA;GBR;GRC;IDN;IND;ITA;JPN;KOR;MEX;NLD;NOR;TUR;USA;ZAF/indicator/VC.IHR.PSRC.P5?format=json&date=1996:2024&per_page=20000,"Intentional homicides (per 100,000 people)",sha256:e9a648c0c7b58588f02986817d1638cb82d3073ee9615c0bb8913cf6ee17339f,OFFICIAL_API,VERIFIED,,False,False,World Bank published intentional-homicide rate.,1.03254300197422
8e7abe86-6591-40e3-bd5f-1c47ff223883,HARM,ITA,INTENTIONAL_HOMICIDE_RATE_PER_100K,0.984909015398894,PER_100K,2009-12-31,,2026-10-05T21:30:25.675437+00:00,World Bank API v2,https://api.worldbank.org/v2/country/AUS;BRA;CAN;CHE;DEU;ESP;FRA;GBR;GRC;IDN;IND;ITA;JPN;KOR;MEX;NLD;NOR;TUR;USA;ZAF/indicator/VC.IHR.PSRC.P5?format=json&date=1996:2024&per_page=20000,"Intentional homicides (per 100,000 people)",sha256:e9a648c0c7b58588f02986817d1638cb82d3073ee9615c0bb8913cf6ee17339f,OFFICIAL_API,VERIFIED,,False,False,World Bank published intentional-homicide rate.,0.984909015398894
4666edd0-5180-4888-9cb1-4c5ece047601,HARM,ITA,INTENTIONAL_HOMICIDE_RATE_PER_100K,0.879260233986606,PER_100K,2010-12-31,,2026-10-05T21:30:25.675437+00:00,World Bank API v2,https://api.worldbank.org/v2/country/AUS;BRA;CAN;CHE;DEU;ESP;FRA;GBR;GRC;IDN;IND;ITA;JPN;KOR;MEX;NLD;NOR;TUR;USA;ZAF/indicator/VC.IHR.PSRC.P5?format=json&date=1996:2024&per_page=20000,"Intentional homicides (per 100,000 people)",sha256:e9a648c0c7b58588f02986817d1638cb82d3073ee9615c0bb8913cf6ee17339f,OFFICIAL_API,VERIFIED,,False,False,World Bank published intentional-homicide rate.,0.879260233986606
98c3492a-642c-4448-8a05-5e0383226039,HARM,ITA,INTENTIONAL_HOMICIDE_RATE_PER_100K,0.914393555930683,PER_100K,2011-12-31,,2026-10-05T21:30:25.675437+00:00,World Bank API v2,https://api.worldbank.org/v2/country/AUS;BRA;CAN;CHE;DEU;ESP;FRA;GBR;GRC;IDN;IND;ITA;JPN;KOR;MEX;NLD;NOR;TUR;USA;ZAF/indicator/VC.IHR.PSRC.P5?format=json&date=1996:2024&per_page=20000,"Intentional homicides (per 100,000 people)",sha256:e9a648c0c7b58588f02986817d1638cb82d3073ee9615c0bb8913cf6ee17339f,OFFICIAL_API,VERIFIED,,False,False,World Bank published intentional-homicide rate.,0.914393555930683
26cfd413-0b61-4676-85fd-ba116b0cb7a4,HARM,ITA,INTENTIONAL_HOMICIDE_RATE_PER_100K,0.87557696185202,PER_100K,2012-12-31,,2026-10-05T21:30:25.675437+00:00,World Bank API v2,https://api.worldbank.org/v2/country/AUS;BRA;CAN;CHE;DEU;ESP;FRA;GBR;GRC;IDN;IND;ITA;JPN;KOR;MEX;NLD;NOR;TUR;USA;ZAF/indicator/VC.IHR.PSRC.P5?format=json&date=1996:2024&per_page=20000,"Intentional homicides (per 100,000 people)",sha256:e9a648c0c7b58588f02986817d1638cb82d3073ee9615c0bb8913cf6ee17339f,OFFICIAL_API,VERIFIED,,False,False,World Bank published intentional-homicide rate.,0.87557696185202
4ba7b62d-a1b2-451b-8520-bb1d4d93c4b7,HARM,ITA,INTENTIONAL_HOMICIDE_RATE_PER_100K,0.827647126909968,PER_100K,2013-12-31,,2026-10-05T21:30:25.675437+00:00,World Bank API v2,https://api.worldbank.org/v2/country/AUS;BRA;CAN;CHE;DEU;ESP;FRA;GBR;GRC;IDN;IND;ITA;JPN;KOR;MEX;NLD;NOR;TUR;USA;ZAF/indicator/VC.IHR.PSRC.P5?format=json&date=1996:2024&per_page=20000,"Intentional homicides (per 100,000 people)",sha256:e9a648c0c7b58588f02986817d1638cb82d3073ee9615c0bb8913cf6ee17339f,OFFICIAL_API,VERIFIED,,False,False,World Bank published intentional-homicide rate.,0.827647126909968
88b026d8-a44f-4ca7-b25d-68976fcb2fbc,HARM,ITA,INTENTIONAL_HOMICIDE_RATE_PER_100K,0.782999237037301,PER_100K,2014-12-31,,2026-10-05T21:30:25.675437+00:00,World Bank API v2,https://api.worldbank.org/v2/country/AUS;BRA;CAN;CHE;DEU;ESP;FRA;GBR;GRC;IDN;IND;ITA;JPN;KOR;MEX;NLD;NOR;TUR;USA;ZAF/indicator/VC.IHR.PSRC.P5?format=json&date=1996:2024&per_page=20000,"Intentional homicides (per 100,000 people)",sha256:e9a648c0c7b58588f02986817d1638cb82d3073ee9615c0bb8913cf6ee17339f,OFFICIAL_API,VERIFIED,,False,False,World Bank published intentional-homicide rate.,0.782999237037301
f0f1d6ee-07af-4f0a-bc93-2c57c1e0f050,HARM,ITA,INTENTIONAL_HOMICIDE_RATE_PER_100K,0.774242762514025,PER_100K,2015-12-31,,2026-10-05T21:30:25.675437+00:00,World Bank API v2,https://api.worldbank.org/v2/country/AUS;BRA;CAN;CHE;DEU;ESP;FRA;GBR;GRC;IDN;IND;ITA;JPN;KOR;MEX;NLD;NOR;TUR;USA;ZAF/indicator/VC.IHR.PSRC.P5?format=json&date=1996:2024&per_page=20000,"Intentional homicides (per 100,000 people)",sha256:e9a648c0c7b58588f02986817d1638cb82d3073ee9615c0bb8913cf6ee17339f,OFFICIAL_API,VERIFIED,,False,False,World Bank published intentional-homicide rate.,0.774242762514025
bba247c5-0b6a-4bc4-ad01-263ae716df45,HARM,ITA,INTENTIONAL_HOMICIDE_RATE_PER_100K,0.668010320924807,PER_100K,2016-12-31,,2026-10-05T21:30:25.675437+00:00,World Bank API v2,https://api.worldbank.org/v2/country/AUS;BRA;CAN;CHE;DEU;ESP;FRA;GBR;GRC;IDN;IND;ITA;JPN;KOR;MEX;NLD;NOR;TUR;USA;ZAF/indicator/VC.IHR.PSRC.P5?format=json&date=1996:2024&per_page=20000,"Intentional homicides (per 100,000 people)",sha256:e9a648c0c7b58588f02986817d1638cb82d3073ee9615c0bb8913cf6ee17339f,OFFICIAL_API,VERIFIED,,False,False,World Bank published intentional-homicide rate.,0.668010320924807
cd8a4d76-3881-43cf-9b05-8b697d525dbe,HARM,ITA,INTENTIONAL_HOMICIDE_RATE_PER_100K,0.622616360456986,PER_100K,2017-12-31,,2026-10-05T21:30:25.675437+00:00,World Bank API v2,https://api.worldbank.org/v2/country/AUS;BRA;CAN;CHE;DEU;ESP;FRA;GBR;GRC;IDN;IND;ITA;JPN;KOR;MEX;NLD;NOR;TUR;USA;ZAF/indicator/VC.IHR.PSRC.P5?format=json&date=1996:2024&per_page=20000,"Intentional homicides (per 100,000 people)",sha256:e9a648c0c7b58588f02986817d1638cb82d3073ee9615c0bb8913cf6ee17339f,OFFICIAL_API,VERIFIED,,False,False,World Bank published intentional-homicide rate.,0.622616360456986
2953a8ed-01d1-43e5-bd2d-2d5333b0e16f,HARM,ITA,INTENTIONAL_HOMICIDE_RATE_PER_100K,0.595578796289962,PER_100K,2018-12-31,,2026-10-05T21:30:25.675437+00:00,World Bank API v2,https://api.worldbank.org/v2/country/AUS;BRA;CAN;CHE;DEU;ESP;FRA;GBR;GRC;IDN;IND;ITA;JPN;KOR;MEX;NLD;NOR;TUR;USA;ZAF/indicator/VC.IHR.PSRC.P5?format=json&date=1996:2024&per_page=20000,"Intentional homicides (per 100,000 people)",sha256:e9a648c0c7b58588f02986817d1638cb82d3073ee9615c0bb8913cf6ee17339f,OFFICIAL_API,VERIFIED,,False,False,World Bank published intentional-homicide rate.,0.595578796289962
ffb0dae2-677e-4411-8e08-198cf09cb2c0,HARM,ITA,INTENTIONAL_HOMICIDE_RATE_PER_100K,0.527189893600108,PER_100K,2019-12-31,,2026-10-05T21:30:25.675437+00:00,World Bank API v2,https://api.worldbank.org/v2/country/AUS;BRA;CAN;CHE;DEU;ESP;FRA;GBR;GRC;IDN;IND;ITA;JPN;KOR;MEX;NLD;NOR;TUR;USA;ZAF/indicator/VC.IHR.PSRC.P5?format=json&date=1996:2024&per_page=20000,"Intentional homicides (per 100,000 people)",sha256:e9a648c0c7b58588f02986817d1638cb82d3073ee9615c0bb8913cf6ee17339f,OFFICIAL_API,VERIFIED,,False,False,World Bank published intentional-homicide rate.,0.527189893600108
69807d64-761e-4b6f-b3d4-d93de415848e,HARM,ITA,INTENTIONAL_HOMICIDE_RATE_PER_100K,0.475691584209703,PER_100K,2020-12-31,,2026-10-05T21:30:25.675437+00:00,World Bank API v2,https://api.worldbank.org/v2/country/AUS;BRA;CAN;CHE;DEU;ESP;FRA;GBR;GRC;IDN;IND;ITA;JPN;KOR;MEX;NLD;NOR;TUR;USA;ZAF/indicator/VC.IHR.PSRC.P5?format=json&date=1996:2024&per_page=20000,"Intentional homicides (per 100,000 people)",sha256:e9a648c0c7b58588f02986817d1638cb82d3073ee9615c0bb8913cf6ee17339f,OFFICIAL_API,VERIFIED,,False,False,World Bank published intentional-homicide rate.,0.475691584209703
16ee599a-bb09-4bcf-9aaf-ec293e1a8d58,HARM,ITA,INTENTIONAL_HOMICIDE_RATE_PER_100K,0.50728829294141,PER_100K,2021-12-31,,2026-10-05T21:30:25.675437+00:00,World Bank API v2,https://api.worldbank.org/v2/country/AUS;BRA;CAN;CHE;DEU;ESP;FRA;GBR;GRC;IDN;IND;ITA;JPN;KOR;MEX;NLD;NOR;TUR;USA;ZAF/indicator/VC.IHR.PSRC.P5?format=json&date=1996:2024&per_page=20000,"Intentional homicides (per 100,000 people)",sha256:e9a648c0c7b58588f02986817d1638cb82d3073ee9615c0bb8913cf6ee17339f,OFFICIAL_API,VERIFIED,,False,False,World Bank published intentional-homicide rate.,0.50728829294141
666efd70-beb5-4b3e-a915-ed2b11bf8034,HARM,ITA,INTENTIONAL_HOMICIDE_RATE_PER_100K,0.540095240763765,PER_100K,2022-12-31,,2026-10-05T21:30:25.675437+00:00,World Bank API v2,https://api.worldbank.org/v2/country/AUS;BRA;CAN;CHE;DEU;ESP;FRA;GBR;GRC;IDN;IND;ITA;JPN;KOR;MEX;NLD;NOR;TUR;USA;ZAF/indicator/VC.IHR.PSRC.P5?format=json&date=1996:2024&per_page=20000,"Intentional homicides (per 100,000 people)",sha256:e9a648c0c7b58588f02986817d1638cb82d3073ee9615c0bb8913cf6ee17339f,OFFICIAL_API,VERIFIED,,False,False,World Bank published intentional-homicide rate.,0.540095240763765
b2ad0f71-e180-46d8-9fd1-34a43c463b0f,HARM,ITA,INTENTIONAL_HOMICIDE_RATE_PER_100K,0.568072449338316,PER_100K,2023-12-31,,2026-10-05T21:30:25.675437+00:00,World Bank API v2,https://api.worldbank.org/v2/country/AUS;BRA;CAN;CHE;DEU;ESP;FRA;GBR;GRC;IDN;IND;ITA;JPN;KOR;MEX;NLD;NOR;TUR;USA;ZAF/indicator/VC.IHR.PSRC.P5?format=json&date=1996:2024&per_page=20000,"Intentional homicides (per 100,000 people)",sha256:e9a648c0c7b58588f02986817d1638cb82d3073ee9615c0bb8913cf6ee17339f,OFFICIAL_API,VERIFIED,,False,False,World Bank published intentional-homicide rate.,0.568072449338316
c144aeb5-0a11-496c-ba16-d14c0c816542,HARM,ITA,INTENTIONAL_HOMICIDE_RATE_PER_100K,,PER_100K,2024-12-31,,2026-10-05T21:30:25.723314+00:00,NO_SOURCE_VALUE,,No source value retrieved,,UNAVAILABLE,UNAVAILABLE,SOURCE_HAS_NO_VALUE_FOR_COUNTRY_YEAR,False,False,World Bank published intentional-homicide rate.,
ce8ce967-0f03-412a-a033-10e8c4242226,HARM,JPN,INTENTIONAL_HOMICIDE_RATE_PER_100K,0.517561767782069,PER_100K,1996-12-31,,2026-10-05T21:30:25.675437+00:00,World Bank API v2,https://api.worldbank.org/v2/country/AUS;BRA;CAN;CHE;DEU;ESP;FRA;GBR;GRC;IDN;IND;ITA;JPN;KOR;MEX;NLD;NOR;TUR;USA;ZAF/indicator/VC.IHR.PSRC.P5?format=json&date=1996:2024&per_page=20000,"Intentional homicides (per 100,000 people)",sha256:e9a648c0c7b58588f02986817d1638cb82d3073ee9615c0bb8913cf6ee17339f,OFFICIAL_API,VERIFIED,,False,False,World Bank published intentional-homicide rate.,0.517561767782069
23db3281-055a-44e4-a548-f78e6bb40ea2,HARM,JPN,INTENTIONAL_HOMICIDE_RATE_PER_100K,0.562305291398125,PER_100K,1997-12-31,,2026-10-05T21:30:25.675437+00:00,World Bank API v2,https://api.worldbank.org/v2/country/AUS;BRA;CAN;CHE;DEU;ESP;FRA;GBR;GRC;IDN;IND;ITA;JPN;KOR;MEX;NLD;NOR;TUR;USA;ZAF/indicator/VC.IHR.PSRC.P5?format=json&date=1996:2024&per_page=20000,"Intentional homicides (per 100,000 people)",sha256:e9a648c0c7b58588f02986817d1638cb82d3073ee9615c0bb8913cf6ee17339f,OFFICIAL_API,VERIFIED,,False,False,World Bank published intentional-homicide rate.,0.562305291398125
61ebda2e-6aa4-4e02-a09a-5774958430af,HARM,JPN,INTENTIONAL_HOMICIDE_RATE_PER_100K,0.612410126937131,PER_100K,1998-12-31,,2026-10-05T21:30:25.675437+00:00,World Bank API v2,https://api.worldbank.org/v2/country/AUS;BRA;CAN;CHE;DEU;ESP;FRA;GBR;GRC;IDN;IND;ITA;JPN;KOR;MEX;NLD;NOR;TUR;USA;ZAF/indicator/VC.IHR.PSRC.P5?format=json&date=1996:2024&per_page=20000,"Intentional homicides (per 100,000 people)",sha256:e9a648c0c7b58588f02986817d1638cb82d3073ee9615c0bb8913cf6ee17339f,OFFICIAL_API,VERIFIED,,False,False,World Bank published intentional-homicide rate.,0.612410126937131
8a5ad116-b07f-4fb5-916a-dd76e9f5668e,HARM,JPN,INTENTIONAL_HOMICIDE_RATE_PER_100K,0.580434481076274,PER_100K,1999-12-31,,2026-10-05T21:30:25.675437+00:00,World Bank API v2,https://api.worldbank.org/v2/country/AUS;BRA;CAN;CHE;DEU;ESP;FRA;GBR;GRC;IDN;IND;ITA;JPN;KOR;MEX;NLD;NOR;TUR;USA;ZAF/indicator/VC.IHR.PSRC.P5?format=json&date=1996:2024&per_page=20000,"Intentional homicides (per 100,000 people)",sha256:e9a648c0c7b58588f02986817d1638cb82d3073ee9615c0bb8913cf6ee17339f,OFFICIAL_API,VERIFIED,,False,False,World Bank published intentional-homicide rate.,0.580434481076274
1452e947-db0a-4385-b506-7823de45fb77,HARM,JPN,INTENTIONAL_HOMICIDE_RATE_PER_100K,0.533741479197123,PER_100K,2000-12-31,,2026-10-05T21:30:25.675437+00:00,World Bank API v2,https://api.worldbank.org/v2/country/AUS;BRA;CAN;CHE;DEU;ESP;FRA;GBR;GRC;IDN;IND;ITA;JPN;KOR;MEX;NLD;NOR;TUR;USA;ZAF/indicator/VC.IHR.PSRC.P5?format=json&date=1996:2024&per_page=20000,"Intentional homicides (per 100,000 people)",sha256:e9a648c0c7b58588f02986817d1638cb82d3073ee9615c0bb8913cf6ee17339f,OFFICIAL_API,VERIFIED,,False,False,World Bank published intentional-homicide rate.,0.533741479197123
1b366d27-2288-40aa-9fda-aa293cc999e1,HARM,JPN,INTENTIONAL_HOMICIDE_RATE_PER_100K,0.547696989948495,PER_100K,2001-12-31,,2026-10-05T21:30:25.675437+00:00,World Bank API v2,https://api.worldbank.org/v2/country/AUS;BRA;CAN;CHE;DEU;ESP;FRA;GBR;GRC;IDN;IND;ITA;JPN;KOR;MEX;NLD;NOR;TUR;USA;ZAF/indicator/VC.IHR.PSRC.P5?format=json&date=1996:2024&per_page=20000,"Intentional homicides (per 100,000 people)",sha256:e9a648c0c7b58588f02986817d1638cb82d3073ee9615c0bb8913cf6ee17339f,OFFICIAL_API,VERIFIED,,False,False,World Bank published intentional-homicide rate.,0.547696989948495
b197f2f2-a444-4ad3-a00a-63591b6b6241,HARM,JPN,INTENTIONAL_HOMICIDE_RATE_PER_100K,0.519278415107055,PER_100K,2002-12-31,,2026-10-05T21:30:25.675437+00:00,World Bank API v2,https://api.worldbank.org/v2/country/AUS;BRA;CAN;CHE;DEU;ESP;FRA;GBR;GRC;IDN;IND;ITA;JPN;KOR;MEX;NLD;NOR;TUR;USA;ZAF/indicator/VC.IHR.PSRC.P5?format=json&date=1996:2024&per_page=20000,"Intentional homicides (per 100,000 people)",sha256:e9a648c0c7b58588f02986817d1638cb82d3073ee9615c0bb8913cf6ee17339f,OFFICIAL_API,VERIFIED,,False,False,World Bank published intentional-homicide rate.,0.519278415107055
1b339b56-9bd7-4d91-a4f1-c1d7ba577fdc,HARM,JPN,INTENTIONAL_HOMICIDE_RATE_PER_100K,0.545933396760037,PER_100K,2003-12-31,,2026-10-05T21:30:25.675437+00:00,World Bank API v2,https://api.worldbank.org/v2/country/AUS;BRA;CAN;CHE;DEU;ESP;FRA;GBR;GRC;IDN;IND;ITA;JPN;KOR;MEX;NLD;NOR;TUR;USA;ZAF/indicator/VC.IHR.PSRC.P5?format=json&date=1996:2024&per_page=20000,"Intentional homicides (per 100,000 people)",sha256:e9a648c0c7b58588f02986817d1638cb82d3073ee9615c0bb8913cf6ee17339f,OFFICIAL_API,VERIFIED,,False,False,World Bank published intentional-homicide rate.,0.545933396760037
baead822-369d-4053-863a-e8d8c4f02b62,HARM,JPN,INTENTIONAL_HOMICIDE_RATE_PER_100K,0.546880856818189,PER_100K,2004-12-31,,2026-10-05T21:30:25.675437+00:00,World Bank API v2,https://api.worldbank.org/v2/country/AUS;BRA;CAN;CHE;DEU;ESP;FRA;GBR;GRC;IDN;IND;ITA;JPN;KOR;MEX;NLD;NOR;TUR;USA;ZAF/indicator/VC.IHR.PSRC.P5?format=json&date=1996:2024&per_page=20000,"Intentional homicides (per 100,000 people)",sha256:e9a648c0c7b58588f02986817d1638cb82d3073ee9615c0bb8913cf6ee17339f,OFFICIAL_API,VERIFIED,,False,False,World Bank published intentional-homicide rate.,0.546880856818189
83315a7a-8ffe-4988-b225-8dc449b87ac9,HARM,JPN,INTENTIONAL_HOMICIDE_RATE_PER_100K,0.502684120166819,PER_100K,2005-12-31,,2026-10-05T21:30:25.675437+00:00,World Bank API v2,https://api.worldbank.org/v2/country/AUS;BRA;CAN;CHE;DEU;ESP;FRA;GBR;GRC;IDN;IND;ITA;JPN;KOR;MEX;NLD;NOR;TUR;USA;ZAF/indicator/VC.IHR.PSRC.P5?format=json&date=1996:2024&per_page=20000,"Intentional homicides (per 100,000 people)",sha256:e9a648c0c7b58588f02986817d1638cb82d3073ee9615c0bb8913cf6ee17339f,OFFICIAL_API,VERIFIED,,False,False,World Bank published intentional-homicide rate.,0.502684120166819
1c1c311e-1d21-4952-9a1d-46c75359d60e,HARM,JPN,INTENTIONAL_HOMICIDE_RATE_PER_100K,0.48360414937829,PER_100K,2006-12-31,,2026-10-05T21:30:25.675437+00:00,World Bank API v2,https://api.worldbank.org/v2/country/AUS;BRA;CAN;CHE;DEU;ESP;FRA;GBR;GRC;IDN;IND;ITA;JPN;KOR;MEX;NLD;NOR;TUR;USA;ZAF/indicator/VC.IHR.PSRC.P5?format=json&date=1996:2024&per_page=20000,"Intentional homicides (per 100,000 people)",sha256:e9a648c0c7b58588f02986817d1638cb82d3073ee9615c0bb8913cf6ee17339f,OFFICIAL_API,VERIFIED,,False,False,World Bank published intentional-homicide rate.,0.48360414937829
b84e9071-9b2a-466f-824b-26aeece04b5d,HARM,JPN,INTENTIONAL_HOMICIDE_RATE_PER_100K,0.448130523589302,PER_100K,2007-12-31,,2026-10-05T21:30:25.675437+00:00,World Bank API v2,https://api.worldbank.org/v2/country/AUS;BRA;CAN;CHE;DEU;ESP;FRA;GBR;GRC;IDN;IND;ITA;JPN;KOR;MEX;NLD;NOR;TUR;USA;ZAF/indicator/VC.IHR.PSRC.P5?format=json&date=1996:2024&per_page=20000,"Intentional homicides (per 100,000 people)",sha256:e9a648c0c7b58588f02986817d1638cb82d3073ee9615c0bb8913cf6ee17339f,OFFICIAL_API,VERIFIED,,False,False,World Bank published intentional-homicide rate.,0.448130523589302
ed738c35-d287-4b5f-af8a-a733c4e7858c,HARM,JPN,INTENTIONAL_HOMICIDE_RATE_PER_100K,0.510315592739754,PER_100K,2008-12-31,,2026-10-05T21:30:25.675437+00:00,World Bank API v2,https://api.worldbank.org/v2/country/AUS;BRA;CAN;CHE;DEU;ESP;FRA;GBR;GRC;IDN;IND;ITA;JPN;KOR;MEX;NLD;NOR;TUR;USA;ZAF/indicator/VC.IHR.PSRC.P5?format=json&date=1996:2024&per_page=20000,"Intentional homicides (per 100,000 people)",sha256:e9a648c0c7b58588f02986817d1638cb82d3073ee9615c0bb8913cf6ee17339f,OFFICIAL_API,VERIFIED,,False,False,World Bank published intentional-homicide rate.,0.510315592739754
8cb0ada3-e427-439b-98a5-8fd4fd08975d,HARM,JPN,INTENTIONAL_HOMICIDE_RATE_PER_100K,0.394718973722555,PER_100K,2009-12-31,,2026-10-05T21:30:25.675437+00:00,World Bank API v2,https://api.worldbank.org/v2/country/AUS;BRA;CAN;CHE;DEU;ESP;FRA;GBR;GRC;IDN;IND;ITA;JPN;KOR;MEX;NLD;NOR;TUR;USA;ZAF/indicator/VC.IHR.PSRC.P5?format=json&date=1996:2024&per_page=20000,"Intentional homicides (per 100,000 people)",sha256:e9a648c0c7b58588f02986817d1638cb82d3073ee9615c0bb8913cf6ee17339f,OFFICIAL_API,VERIFIED,,False,False,World Bank published intentional-homicide rate.,0.394718973722555
b2b1ac1b-a298-4863-ae99-2e3f3694bc73,HARM,JPN,INTENTIONAL_HOMICIDE_RATE_PER_100K,0.362756174607419,PER_100K,2010-12-31,,2026-10-05T21:30:25.675437+00:00,World Bank API v2,https://api.worldbank.org/v2/country/AUS;BRA;CAN;CHE;DEU;ESP;FRA;GBR;GRC;IDN;IND;ITA;JPN;KOR;MEX;NLD;NOR;TUR;USA;ZAF/indicator/VC.IHR.PSRC.P5?format=json&date=1996:2024&per_page=20000,"Intentional homicides (per 100,000 people)",sha256:e9a648c0c7b58588f02986817d1638cb82d3073ee9615c0bb8913cf6ee17339f,OFFICIAL_API,VERIFIED,,False,False,World Bank published intentional-homicide rate.,0.362756174607419
41aa1340-1006-4e78-99ce-8cfdd931eb63,HARM,JPN,INTENTIONAL_HOMICIDE_RATE_PER_100K,0.345052544691282,PER_100K,2011-12-31,,2026-10-05T21:30:25.675437+00:00,World Bank API v2,https://api.worldbank.org/v2/country/AUS;BRA;CAN;CHE;DEU;ESP;FRA;GBR;GRC;IDN;IND;ITA;JPN;KOR;MEX;NLD;NOR;TUR;USA;ZAF/indicator/VC.IHR.PSRC.P5?format=json&date=1996:2024&per_page=20000,"Intentional homicides (per 100,000 people)",sha256:e9a648c0c7b58588f02986817d1638cb82d3073ee9615c0bb8913cf6ee17339f,OFFICIAL_API,VERIFIED,,False,False,World Bank published intentional-homicide rate.,0.345052544691282
67f2f48b-6d07-4d5d-ba49-9acfc5ab5aa6,HARM,JPN,INTENTIONAL_HOMICIDE_RATE_PER_100K,0.335344134410932,PER_100K,2012-12-31,,2026-10-05T21:30:25.675437+00:00,World Bank API v2,https://api.worldbank.org/v2/country/AUS;BRA;CAN;CHE;DEU;ESP;FRA;GBR;GRC;IDN;IND;ITA;JPN;KOR;MEX;NLD;NOR;TUR;USA;ZAF/indicator/VC.IHR.PSRC.P5?format=json&date=1996:2024&per_page=20000,"Intentional homicides (per 100,000 people)",sha256:e9a648c0c7b58588f02986817d1638cb82d3073ee9615c0bb8913cf6ee17339f,OFFICIAL_API,VERIFIED,,False,False,World Bank published intentional-homicide rate.,0.335344134410932
62cb46dd-23eb-4cd2-8e79-2a5229042871,HARM,JPN,INTENTIONAL_HOMICIDE_RATE_PER_100K,0.289687941924583,PER_100K,2013-12-31,,2026-10-05T21:30:25.675437+00:00,World Bank API v2,https://api.worldbank.org/v2/country/AUS;BRA;CAN;CHE;DEU;ESP;FRA;GBR;GRC;IDN;IND;ITA;JPN;KOR;MEX;NLD;NOR;TUR;USA;ZAF/indicator/VC.IHR.PSRC.P5?format=json&date=1996:2024&per_page=20000,"Intentional homicides (per 100,000 people)",sha256:e9a648c0c7b58588f02986817d1638cb82d3073ee9615c0bb8913cf6ee17339f,OFFICIAL_API,VERIFIED,,False,False,World Bank published intentional-homicide rate.,0.289687941924583
c14b2bac-ac91-4bc5-8c67-6f328631e044,HARM,JPN,INTENTIONAL_HOMICIDE_RATE_PER_100K,0.309836473839101,PER_100K,2014-12-31,,2026-10-05T21:30:25.675437+00:00,World Bank API v2,https://api.worldbank.org/v2/country/AUS;BRA;CAN;CHE;DEU;ESP;FRA;GBR;GRC;IDN;IND;ITA;JPN;KOR;MEX;NLD;NOR;TUR;USA;ZAF/indicator/VC.IHR.PSRC.P5?format=json&date=1996:2024&per_page=20000,"Intentional homicides (per 100,000 people)",sha256:e9a648c0c7b58588f02986817d1638cb82d3073ee9615c0bb8913cf6ee17339f,OFFICIAL_API,VERIFIED,,False,False,World Bank published intentional-homicide rate.,0.309836473839101
1cc0b374-9342-4788-81f5-abc67311a73b,HARM,JPN,INTENTIONAL_HOMICIDE_RATE_PER_100K,0.285207237530428,PER_100K,2015-12-31,,2026-10-05T21:30:25.675437+00:00,World Bank API v2,https://api.worldbank.org/v2/country/AUS;BRA;CAN;CHE;DEU;ESP;FRA;GBR;GRC;IDN;IND;ITA;JPN;KOR;MEX;NLD;NOR;TUR;USA;ZAF/indicator/VC.IHR.PSRC.P5?format=json&date=1996:2024&per_page=20000,"Intentional homicides (per 100,000 people)",sha256:e9a648c0c7b58588f02986817d1638cb82d3073ee9615c0bb8913cf6ee17339f,OFFICIAL_API,VERIFIED,,False,False,World Bank published intentional-homicide rate.,0.285207237530428
5e2ba595-1c0c-4c38-b2ff-ebf410f11868,HARM,JPN,INTENTIONAL_HOMICIDE_RATE_PER_100K,0.284680826905949,PER_100K,2016-12-31,,2026-10-05T21:30:25.675437+00:00,World Bank API v2,https://api.worldbank.org/v2/country/AUS;BRA;CAN;CHE;DEU;ESP;FRA;GBR;GRC;IDN;IND;ITA;JPN;KOR;MEX;NLD;NOR;TUR;USA;ZAF/indicator/VC.IHR.PSRC.P5?format=json&date=1996:2024&per_page=20000,"Intentional homicides (per 100,000 people)",sha256:e9a648c0c7b58588f02986817d1638cb82d3073ee9615c0bb8913cf6ee17339f,OFFICIAL_API,VERIFIED,,False,False,World Bank published intentional-homicide rate.,0.284680826905949
840b35eb-6551-4cd3-99a2-4e51f46e0eb9,HARM,JPN,INTENTIONAL_HOMICIDE_RATE_PER_100K,0.240822214259524,PER_100K,2017-12-31,,2026-10-05T21:30:25.675437+00:00,World Bank API v2,https://api.worldbank.org/v2/country/AUS;BRA;CAN;CHE;DEU;ESP;FRA;GBR;GRC;IDN;IND;ITA;JPN;KOR;MEX;NLD;NOR;TUR;USA;ZAF/indicator/VC.IHR.PSRC.P5?format=json&date=1996:2024&per_page=20000,"Intentional homicides (per 100,000 people)",sha256:e9a648c0c7b58588f02986817d1638cb82d3073ee9615c0bb8913cf6ee17339f,OFFICIAL_API,VERIFIED,,False,False,World Bank published intentional-homicide rate.,0.240822214259524
4dbb83d3-3d22-4a15-8a33-e7d71291e07d,HARM,JPN,INTENTIONAL_HOMICIDE_RATE_PER_100K,0.26317151259777,PER_100K,2018-12-31,,2026-10-05T21:30:25.675437+00:00,World Bank API v2,https://api.worldbank.org/v2/country/AUS;BRA;CAN;CHE;DEU;ESP;FRA;GBR;GRC;IDN;IND;ITA;JPN;KOR;MEX;NLD;NOR;TUR;USA;ZAF/indicator/VC.IHR.PSRC.P5?format=json&date=1996:2024&per_page=20000,"Intentional homicides (per 100,000 people)",sha256:e9a648c0c7b58588f02986817d1638cb82d3073ee9615c0bb8913cf6ee17339f,OFFICIAL_API,VERIFIED,,False,False,World Bank published intentional-homicide rate.,0.26317151259777
08b1a507-8ff9-4223-9f0c-43a83350b0a4,HARM,JPN,INTENTIONAL_HOMICIDE_RATE_PER_100K,0.251776994076062,PER_100K,2019-12-31,,2026-10-05T21:30:25.675437+00:00,World Bank API v2,https://api.worldbank.org/v2/country/AUS;BRA;CAN;CHE;DEU;ESP;FRA;GBR;GRC;IDN;IND;ITA;JPN;KOR;MEX;NLD;NOR;TUR;USA;ZAF/indicator/VC.IHR.PSRC.P5?format=json&date=1996:2024&per_page=20000,"Intentional homicides (per 100,000 people)",sha256:e9a648c0c7b58588f02986817d1638cb82d3073ee9615c0bb8913cf6ee17339f,OFFICIAL_API,VERIFIED,,False,False,World Bank published intentional-homicide rate.,0.251776994076062
fbdb9b09-3677-4303-a52e-d4f8d63e501b,HARM,JPN,INTENTIONAL_HOMICIDE_RATE_PER_100K,0.251772416452194,PER_100K,2020-12-31,,2026-10-05T21:30:25.675437+00:00,World Bank API v2,https://api.worldbank.org/v2/country/AUS;BRA;CAN;CHE;DEU;ESP;FRA;GBR;GRC;IDN;IND;ITA;JPN;KOR;MEX;NLD;NOR;TUR;USA;ZAF/indicator/VC.IHR.PSRC.P5?format=json&date=1996:2024&per_page=20000,"Intentional homicides (per 100,000 people)",sha256:e9a648c0c7b58588f02986817d1638cb82d3073ee9615c0bb8913cf6ee17339f,OFFICIAL_API,VERIFIED,,False,False,World Bank published intentional-homicide rate.,0.251772416452194
14fdcdc5-caac-431d-b802-8f4d8887939c,HARM,JPN,INTENTIONAL_HOMICIDE_RATE_PER_100K,0.226767585297115,PER_100K,2021-12-31,,2026-10-05T21:30:25.675437+00:00,World Bank API v2,https://api.worldbank.org/v2/country/AUS;BRA;CAN;CHE;DEU;ESP;FRA;GBR;GRC;IDN;IND;ITA;JPN;KOR;MEX;NLD;NOR;TUR;USA;ZAF/indicator/VC.IHR.PSRC.P5?format=json&date=1996:2024&per_page=20000,"Intentional homicides (per 100,000 people)",sha256:e9a648c0c7b58588f02986817d1638cb82d3073ee9615c0bb8913cf6ee17339f,OFFICIAL_API,VERIFIED,,False,False,World Bank published intentional-homicide rate.,0.226767585297115
cbb64913-3b09-49f1-89ae-90ea07caf85f,HARM,JPN,INTENTIONAL_HOMICIDE_RATE_PER_100K,0.231204479818001,PER_100K,2022-12-31,,2026-10-05T21:30:25.675437+00:00,World Bank API v2,https://api.worldbank.org/v2/country/AUS;BRA;CAN;CHE;DEU;ESP;FRA;GBR;GRC;IDN;IND;ITA;JPN;KOR;MEX;NLD;NOR;TUR;USA;ZAF/indicator/VC.IHR.PSRC.P5?format=json&date=1996:2024&per_page=20000,"Intentional homicides (per 100,000 people)",sha256:e9a648c0c7b58588f02986817d1638cb82d3073ee9615c0bb8913cf6ee17339f,OFFICIAL_API,VERIFIED,,False,False,World Bank published intentional-homicide rate.,0.231204479818001
4b65336b-316b-467e-a270-97af942e34c7,HARM,JPN,INTENTIONAL_HOMICIDE_RATE_PER_100K,0.229153196964695,PER_100K,2023-12-31,,2026-10-05T21:30:25.675437+00:00,World Bank API v2,https://api.worldbank.org/v2/country/AUS;BRA;CAN;CHE;DEU;ESP;FRA;GBR;GRC;IDN;IND;ITA;JPN;KOR;MEX;NLD;NOR;TUR;USA;ZAF/indicator/VC.IHR.PSRC.P5?format=json&date=1996:2024&per_page=20000,"Intentional homicides (per 100,000 people)",sha256:e9a648c0c7b58588f02986817d1638cb82d3073ee9615c0bb8913cf6ee17339f,OFFICIAL_API,VERIFIED,,False,False,World Bank published intentional-homicide rate.,0.229153196964695
c33350a2-f1af-40ba-97fc-c038b62c52d9,HARM,JPN,INTENTIONAL_HOMICIDE_RATE_PER_100K,,PER_100K,2024-12-31,,2026-10-05T21:30:25.726312+00:00,NO_SOURCE_VALUE,,No source value retrieved,,UNAVAILABLE,UNAVAILABLE,SOURCE_HAS_NO_VALUE_FOR_COUNTRY_YEAR,False,False,World Bank published intentional-homicide rate.,
c53c5f3c-2e85-46a8-8123-66c9f41b333e,HARM,KOR,INTENTIONAL_HOMICIDE_RATE_PER_100K,0.539859337441754,PER_100K,1996-12-31,,2026-10-05T21:30:25.675437+00:00,World Bank API v2,https://api.worldbank.org/v2/country/AUS;BRA;CAN;CHE;DEU;ESP;FRA;GBR;GRC;IDN;IND;ITA;JPN;KOR;MEX;NLD;NOR;TUR;USA;ZAF/indicator/VC.IHR.PSRC.P5?format=json&date=1996:2024&per_page=20000,"Intentional homicides (per 100,000 people)",sha256:e9a648c0c7b58588f02986817d1638cb82d3073ee9615c0bb8913cf6ee17339f,OFFICIAL_API,VERIFIED,,False,False,World Bank published intentional-homicide rate.,0.539859337441754
3d8bf973-71c7-449a-9df0-8088e58aa2b9,HARM,KOR,INTENTIONAL_HOMICIDE_RATE_PER_100K,0.603759904845466,PER_100K,1997-12-31,,2026-10-05T21:30:25.675437+00:00,World Bank API v2,https://api.worldbank.org/v2/country/AUS;BRA;CAN;CHE;DEU;ESP;FRA;GBR;GRC;IDN;IND;ITA;JPN;KOR;MEX;NLD;NOR;TUR;USA;ZAF/indicator/VC.IHR.PSRC.P5?format=json&date=1996:2024&per_page=20000,"Intentional homicides (per 100,000 people)",sha256:e9a648c0c7b58588f02986817d1638cb82d3073ee9615c0bb8913cf6ee17339f,OFFICIAL_API,VERIFIED,,False,False,World Bank published intentional-homicide rate.,0.603759904845466
cdd8e0c1-c5ec-437e-b7a0-6e1c2a83ba62,HARM,KOR,INTENTIONAL_HOMICIDE_RATE_PER_100K,0.817013515783673,PER_100K,1998-12-31,,2026-10-05T21:30:25.675437+00:00,World Bank API v2,https://api.worldbank.org/v2/country/AUS;BRA;CAN;CHE;DEU;ESP;FRA;GBR;GRC;IDN;IND;ITA;JPN;KOR;MEX;NLD;NOR;TUR;USA;ZAF/indicator/VC.IHR.PSRC.P5?format=json&date=1996:2024&per_page=20000,"Intentional homicides (per 100,000 people)",sha256:e9a648c0c7b58588f02986817d1638cb82d3073ee9615c0bb8913cf6ee17339f,OFFICIAL_API,VERIFIED,,False,False,World Bank published intentional-homicide rate.,0.817013515783673
0d9fadd8-3da8-4e82-912b-77eb74c1dbe7,HARM,KOR,INTENTIONAL_HOMICIDE_RATE_PER_100K,0.827274200757047,PER_100K,1999-12-31,,2026-10-05T21:30:25.675437+00:00,World Bank API v2,https://api.worldbank.org/v2/country/AUS;BRA;CAN;CHE;DEU;ESP;FRA;GBR;GRC;IDN;IND;ITA;JPN;KOR;MEX;NLD;NOR;TUR;USA;ZAF/indicator/VC.IHR.PSRC.P5?format=json&date=1996:2024&per_page=20000,"Intentional homicides (per 100,000 people)",sha256:e9a648c0c7b58588f02986817d1638cb82d3073ee9615c0bb8913cf6ee17339f,OFFICIAL_API,VERIFIED,,False,False,World Bank published intentional-homicide rate.,0.827274200757047
62a66b13-0ca3-4da5-b43d-13ba285bccf2,HARM,KOR,INTENTIONAL_HOMICIDE_RATE_PER_100K,0.791086129840636,PER_100K,2000-12-31,,2026-10-05T21:30:25.675437+00:00,World Bank API v2,https://api.worldbank.org/v2/country/AUS;BRA;CAN;CHE;DEU;ESP;FRA;GBR;GRC;IDN;IND;ITA;JPN;KOR;MEX;NLD;NOR;TUR;USA;ZAF/indicator/VC.IHR.PSRC.P5?format=json&date=1996:2024&per_page=20000,"Intentional homicides (per 100,000 people)",sha256:e9a648c0c7b58588f02986817d1638cb82d3073ee9615c0bb8913cf6ee17339f,OFFICIAL_API,VERIFIED,,False,False,World Bank published intentional-homicide rate.,0.791086129840636
68db2c05-d603-4901-b557-497043fede26,HARM,KOR,INTENTIONAL_HOMICIDE_RATE_PER_100K,0.865486201280152,PER_100K,2001-12-31,,2026-10-05T21:30:25.675437+00:00,World Bank API v2,https://api.worldbank.org/v2/country/AUS;BRA;CAN;CHE;DEU;ESP;FRA;GBR;GRC;IDN;IND;ITA;JPN;KOR;MEX;NLD;NOR;TUR;USA;ZAF/indicator/VC.IHR.PSRC.P5?format=json&date=1996:2024&per_page=20000,"Intentional homicides (per 100,000 people)",sha256:e9a648c0c7b58588f02986817d1638cb82d3073ee9615c0bb8913cf6ee17339f,OFFICIAL_API,VERIFIED,,False,False,World Bank published intentional-homicide rate.,0.865486201280152
edd98902-5144-4682-8d63-e821562c5c36,HARM,KOR,INTENTIONAL_HOMICIDE_RATE_PER_100K,0.783818725484695,PER_100K,2002-12-31,,2026-10-05T21:30:25.675437+00:00,World Bank API v2,https://api.worldbank.org/v2/country/AUS;BRA;CAN;CHE;DEU;ESP;FRA;GBR;GRC;IDN;IND;ITA;JPN;KOR;MEX;NLD;NOR;TUR;USA;ZAF/indicator/VC.IHR.PSRC.P5?format=json&date=1996:2024&per_page=20000,"Intentional homicides (per 100,000 people)",sha256:e9a648c0c7b58588f02986817d1638cb82d3073ee9615c0bb8913cf6ee17339f,OFFICIAL_API,VERIFIED,,False,False,World Bank published intentional-homicide rate.,0.783818725484695
5ac3d2d7-e28a-4e4f-b5bc-551f5baec0a5,HARM,KOR,INTENTIONAL_HOMICIDE_RATE_PER_100K,0.81369986339581,PER_100K,2003-12-31,,2026-10-05T21:30:25.675437+00:00,World Bank API v2,https://api.worldbank.org/v2/country/AUS;BRA;CAN;CHE;DEU;ESP;FRA;GBR;GRC;IDN;IND;ITA;JPN;KOR;MEX;NLD;NOR;TUR;USA;ZAF/indicator/VC.IHR.PSRC.P5?format=json&date=1996:2024&per_page=20000,"Intentional homicides (per 100,000 people)",sha256:e9a648c0c7b58588f02986817d1638cb82d3073ee9615c0bb8913cf6ee17339f,OFFICIAL_API,VERIFIED,,False,False,World Bank published intentional-homicide rate.,0.81369986339581
202f0fc6-8f50-41f4-8b29-6a9029721153,HARM,KOR,INTENTIONAL_HOMICIDE_RATE_PER_100K,0.880428906223651,PER_100K,2004-12-31,,2026-10-05T21:30:25.675437+00:00,World Bank API v2,https://api.worldbank.org/v2/country/AUS;BRA;CAN;CHE;DEU;ESP;FRA;GBR;GRC;IDN;IND;ITA;JPN;KOR;MEX;NLD;NOR;TUR;USA;ZAF/indicator/VC.IHR.PSRC.P5?format=json&date=1996:2024&per_page=20000,"Intentional homicides (per 100,000 people)",sha256:e9a648c0c7b58588f02986817d1638cb82d3073ee9615c0bb8913cf6ee17339f,OFFICIAL_API,VERIFIED,,False,False,World Bank published intentional-homicide rate.,0.880428906223651
790f9c10-db54-4ecb-b184-0ea7aa18d67d,HARM,KOR,INTENTIONAL_HOMICIDE_RATE_PER_100K,0.858964633866176,PER_100K,2005-12-31,,2026-10-05T21:30:25.675437+00:00,World Bank API v2,https://api.worldbank.org/v2/country/AUS;BRA;CAN;CHE;DEU;ESP;FRA;GBR;GRC;IDN;IND;ITA;JPN;KOR;MEX;NLD;NOR;TUR;USA;ZAF/indicator/VC.IHR.PSRC.P5?format=json&date=1996:2024&per_page=20000,"Intentional homicides (per 100,000 people)",sha256:e9a648c0c7b58588f02986817d1638cb82d3073ee9615c0bb8913cf6ee17339f,OFFICIAL_API,VERIFIED,,False,False,World Bank published intentional-homicide rate.,0.858964633866176
46f472f7-88af-4ebf-afd5-5cdd31547214,HARM,KOR,INTENTIONAL_HOMICIDE_RATE_PER_100K,0.865877155391301,PER_100K,2006-12-31,,2026-10-05T21:30:25.675437+00:00,World Bank API v2,https://api.worldbank.org/v2/country/AUS;BRA;CAN;CHE;DEU;ESP;FRA;GBR;GRC;IDN;IND;ITA;JPN;KOR;MEX;NLD;NOR;TUR;USA;ZAF/indicator/VC.IHR.PSRC.P5?format=json&date=1996:2024&per_page=20000,"Intentional homicides (per 100,000 people)",sha256:e9a648c0c7b58588f02986817d1638cb82d3073ee9615c0bb8913cf6ee17339f,OFFICIAL_API,VERIFIED,,False,False,World Bank published intentional-homicide rate.,0.865877155391301
6338cdf5-cc8c-4614-8689-e8fc981b0874,HARM,KOR,INTENTIONAL_HOMICIDE_RATE_PER_100K,0.893348650348504,PER_100K,2007-12-31,,2026-10-05T21:30:25.675437+00:00,World Bank API v2,https://api.worldbank.org/v2/country/AUS;BRA;CAN;CHE;DEU;ESP;FRA;GBR;GRC;IDN;IND;ITA;JPN;KOR;MEX;NLD;NOR;TUR;USA;ZAF/indicator/VC.IHR.PSRC.P5?format=json&date=1996:2024&per_page=20000,"Intentional homicides (per 100,000 people)",sha256:e9a648c0c7b58588f02986817d1638cb82d3073ee9615c0bb8913cf6ee17339f,OFFICIAL_API,VERIFIED,,False,False,World Bank published intentional-homicide rate.,0.893348650348504
b04f42dc-d53b-40e1-bc85-63b1b9f0f960,HARM,KOR,INTENTIONAL_HOMICIDE_RATE_PER_100K,0.888451063800414,PER_100K,2008-12-31,,2026-10-05T21:30:25.675437+00:00,World Bank API v2,https://api.worldbank.org/v2/country/AUS;BRA;CAN;CHE;DEU;ESP;FRA;GBR;GRC;IDN;IND;ITA;JPN;KOR;MEX;NLD;NOR;TUR;USA;ZAF/indicator/VC.IHR.PSRC.P5?format=json&date=1996:2024&per_page=20000,"Intentional homicides (per 100,000 people)",sha256:e9a648c0c7b58588f02986817d1638cb82d3073ee9615c0bb8913cf6ee17339f,OFFICIAL_API,VERIFIED,,False,False,World Bank published intentional-homicide rate.,0.888451063800414
c03c8060-d672-4fd7-af3f-7075710e784e,HARM,KOR,INTENTIONAL_HOMICIDE_RATE_PER_100K,1.09643755353408,PER_100K,2009-12-31,,2026-10-05T21:30:25.675437+00:00,World Bank API v2,https://api.worldbank.org/v2/country/AUS;BRA;CAN;CHE;DEU;ESP;FRA;GBR;GRC;IDN;IND;ITA;JPN;KOR;MEX;NLD;NOR;TUR;USA;ZAF/indicator/VC.IHR.PSRC.P5?format=json&date=1996:2024&per_page=20000,"Intentional homicides (per 100,000 people)",sha256:e9a648c0c7b58588f02986817d1638cb82d3073ee9615c0bb8913cf6ee17339f,OFFICIAL_API,VERIFIED,,False,False,World Bank published intentional-homicide rate.,1.09643755353408
78982e55-dac4-4ed7-8db0-f681f12031a2,HARM,KOR,INTENTIONAL_HOMICIDE_RATE_PER_100K,0.993727389936438,PER_100K,2010-12-31,,2026-10-05T21:30:25.675437+00:00,World Bank API v2,https://api.worldbank.org/v2/country/AUS;BRA;CAN;CHE;DEU;ESP;FRA;GBR;GRC;IDN;IND;ITA;JPN;KOR;MEX;NLD;NOR;TUR;USA;ZAF/indicator/VC.IHR.PSRC.P5?format=json&date=1996:2024&per_page=20000,"Intentional homicides (per 100,000 people)",sha256:e9a648c0c7b58588f02986817d1638cb82d3073ee9615c0bb8913cf6ee17339f,OFFICIAL_API,VERIFIED,,False,False,World Bank published intentional-homicide rate.,0.993727389936438
15e8d53a-f872-47c8-b11c-975f05dc87e6,HARM,KOR,INTENTIONAL_HOMICIDE_RATE_PER_100K,0.820312091704541,PER_100K,2011-12-31,,2026-10-05T21:30:25.675437+00:00,World Bank API v2,https://api.worldbank.org/v2/country/AUS;BRA;CAN;CHE;DEU;ESP;FRA;GBR;GRC;IDN;IND;ITA;JPN;KOR;MEX;NLD;NOR;TUR;USA;ZAF/indicator/VC.IHR.PSRC.P5?format=json&date=1996:2024&per_page=20000,"Intentional homicides (per 100,000 people)",sha256:e9a648c0c7b58588f02986817d1638cb82d3073ee9615c0bb8913cf6ee17339f,OFFICIAL_API,VERIFIED,,False,False,World Bank published intentional-homicide rate.,0.820312091704541
3d4e04b6-8bfd-49b1-a633-cf50ff223477,HARM,KOR,INTENTIONAL_HOMICIDE_RATE_PER_100K,0.877023564282435,PER_100K,2012-12-31,,2026-10-05T21:30:25.675437+00:00,World Bank API v2,https://api.worldbank.org/v2/country/AUS;BRA;CAN;CHE;DEU;ESP;FRA;GBR;GRC;IDN;IND;ITA;JPN;KOR;MEX;NLD;NOR;TUR;USA;ZAF/indicator/VC.IHR.PSRC.P5?format=json&date=1996:2024&per_page=20000,"Intentional homicides (per 100,000 people)",sha256:e9a648c0c7b58588f02986817d1638cb82d3073ee9615c0bb8913cf6ee17339f,OFFICIAL_API,VERIFIED,,False,False,World Bank published intentional-homicide rate.,0.877023564282435
ada67402-4c3b-45f8-87d1-0ac97abb1daa,HARM,KOR,INTENTIONAL_HOMICIDE_RATE_PER_100K,0.702999427944201,PER_100K,2013-12-31,,2026-10-05T21:30:25.675437+00:00,World Bank API v2,https://api.worldbank.org/v2/country/AUS;BRA;CAN;CHE;DEU;ESP;FRA;GBR;GRC;IDN;IND;ITA;JPN;KOR;MEX;NLD;NOR;TUR;USA;ZAF/indicator/VC.IHR.PSRC.P5?format=json&date=1996:2024&per_page=20000,"Intentional homicides (per 100,000 people)",sha256:e9a648c0c7b58588f02986817d1638cb82d3073ee9615c0bb8913cf6ee17339f,OFFICIAL_API,VERIFIED,,False,False,World Bank published intentional-homicide rate.,0.702999427944201
4162f3d2-4701-412b-b0ba-dc05b7804939,HARM,KOR,INTENTIONAL_HOMICIDE_RATE_PER_100K,0.745957747469183,PER_100K,2014-12-31,,2026-10-05T21:30:25.675437+00:00,World Bank API v2,https://api.worldbank.org/v2/country/AUS;BRA;CAN;CHE;DEU;ESP;FRA;GBR;GRC;IDN;IND;ITA;JPN;KOR;MEX;NLD;NOR;TUR;USA;ZAF/indicator/VC.IHR.PSRC.P5?format=json&date=1996:2024&per_page=20000,"Intentional homicides (per 100,000 people)",sha256:e9a648c0c7b58588f02986817d1638cb82d3073ee9615c0bb8913cf6ee17339f,OFFICIAL_API,VERIFIED,,False,False,World Bank published intentional-homicide rate.,0.745957747469183
be14ee09-8f6c-434f-a56e-c97f2800edd1,HARM,KOR,INTENTIONAL_HOMICIDE_RATE_PER_100K,0.73552614730237,PER_100K,2015-12-31,,2026-10-05T21:30:25.675437+00:00,World Bank API v2,https://api.worldbank.org/v2/country/AUS;BRA;CAN;CHE;DEU;ESP;FRA;GBR;GRC;IDN;IND;ITA;JPN;KOR;MEX;NLD;NOR;TUR;USA;ZAF/indicator/VC.IHR.PSRC.P5?format=json&date=1996:2024&per_page=20000,"Intentional homicides (per 100,000 people)",sha256:e9a648c0c7b58588f02986817d1638cb82d3073ee9615c0bb8913cf6ee17339f,OFFICIAL_API,VERIFIED,,False,False,World Bank published intentional-homicide rate.,0.73552614730237
b7481ce1-b845-4b4b-941d-b28fcff2cbad,HARM,KOR,INTENTIONAL_HOMICIDE_RATE_PER_100K,0.693986349015599,PER_100K,2016-12-31,,2026-10-05T21:30:25.675437+00:00,World Bank API v2,https://api.worldbank.org/v2/country/AUS;BRA;CAN;CHE;DEU;ESP;FRA;GBR;GRC;IDN;IND;ITA;JPN;KOR;MEX;NLD;NOR;TUR;USA;ZAF/indicator/VC.IHR.PSRC.P5?format=json&date=1996:2024&per_page=20000,"Intentional homicides (per 100,000 people)",sha256:e9a648c0c7b58588f02986817d1638cb82d3073ee9615c0bb8913cf6ee17339f,OFFICIAL_API,VERIFIED,,False,False,World Bank published intentional-homicide rate.,0.693986349015599
37675988-1886-456a-ae11-1486ee4edd46,HARM,KOR,INTENTIONAL_HOMICIDE_RATE_PER_100K,0.584621875068617,PER_100K,2017-12-31,,2026-10-05T21:30:25.675437+00:00,World Bank API v2,https://api.worldbank.org/v2/country/AUS;BRA;CAN;CHE;DEU;ESP;FRA;GBR;GRC;IDN;IND;ITA;JPN;KOR;MEX;NLD;NOR;TUR;USA;ZAF/indicator/VC.IHR.PSRC.P5?format=json&date=1996:2024&per_page=20000,"Intentional homicides (per 100,000 people)",sha256:e9a648c0c7b58588f02986817d1638cb82d3073ee9615c0bb8913cf6ee17339f,OFFICIAL_API,VERIFIED,,False,False,World Bank published intentional-homicide rate.,0.584621875068617
58930ae0-e438-42e0-98ec-c7db1d5aa75c,HARM,KOR,INTENTIONAL_HOMICIDE_RATE_PER_100K,0.59836299503258,PER_100K,2018-12-31,,2026-10-05T21:30:25.675437+00:00,World Bank API v2,https://api.worldbank.org/v2/country/AUS;BRA;CAN;CHE;DEU;ESP;FRA;GBR;GRC;IDN;IND;ITA;JPN;KOR;MEX;NLD;NOR;TUR;USA;ZAF/indicator/VC.IHR.PSRC.P5?format=json&date=1996:2024&per_page=20000,"Intentional homicides (per 100,000 people)",sha256:e9a648c0c7b58588f02986817d1638cb82d3073ee9615c0bb8913cf6ee17339f,OFFICIAL_API,VERIFIED,,False,False,World Bank published intentional-homicide rate.,0.59836299503258
6ab319b6-d2ff-4612-8dc1-3da701467e80,HARM,KOR,INTENTIONAL_HOMICIDE_RATE_PER_100K,0.573715197653771,PER_100K,2019-12-31,,2026-10-05T21:30:25.675437+00:00,World Bank API v2,https://api.worldbank.org/v2/country/AUS;BRA;CAN;CHE;DEU;ESP;FRA;GBR;GRC;IDN;IND;ITA;JPN;KOR;MEX;NLD;NOR;TUR;USA;ZAF/indicator/VC.IHR.PSRC.P5?format=json&date=1996:2024&per_page=20000,"Intentional homicides (per 100,000 people)",sha256:e9a648c0c7b58588f02986817d1638cb82d3073ee9615c0bb8913cf6ee17339f,OFFICIAL_API,VERIFIED,,False,False,World Bank published intentional-homicide rate.,0.573715197653771
6e2d08f8-915c-4f69-a264-2fd69ce28586,HARM,KOR,INTENTIONAL_HOMICIDE_RATE_PER_100K,0.593924062354197,PER_100K,2020-12-31,,2026-10-05T21:30:25.675437+00:00,World Bank API v2,https://api.worldbank.org/v2/country/AUS;BRA;CAN;CHE;DEU;ESP;FRA;GBR;GRC;IDN;IND;ITA;JPN;KOR;MEX;NLD;NOR;TUR;USA;ZAF/indicator/VC.IHR.PSRC.P5?format=json&date=1996:2024&per_page=20000,"Intentional homicides (per 100,000 people)",sha256:e9a648c0c7b58588f02986817d1638cb82d3073ee9615c0bb8913cf6ee17339f,OFFICIAL_API,VERIFIED,,False,False,World Bank published intentional-homicide rate.,0.593924062354197
f3289cec-3309-4d37-952f-868f69b4b9bf,HARM,KOR,INTENTIONAL_HOMICIDE_RATE_PER_100K,0.472531479878428,PER_100K,2021-12-31,,2026-10-05T21:30:25.675437+00:00,World Bank API v2,https://api.worldbank.org/v2/country/AUS;BRA;CAN;CHE;DEU;ESP;FRA;GBR;GRC;IDN;IND;ITA;JPN;KOR;MEX;NLD;NOR;TUR;USA;ZAF/indicator/VC.IHR.PSRC.P5?format=json&date=1996:2024&per_page=20000,"Intentional homicides (per 100,000 people)",sha256:e9a648c0c7b58588f02986817d1638cb82d3073ee9615c0bb8913cf6ee17339f,OFFICIAL_API,VERIFIED,,False,False,World Bank published intentional-homicide rate.,0.472531479878428
e485ec3e-8529-4e95-a40f-99d30b9ea5fa,HARM,KOR,INTENTIONAL_HOMICIDE_RATE_PER_100K,0.49630655708926,PER_100K,2022-12-31,,2026-10-05T21:30:25.675437+00:00,World Bank API v2,https://api.worldbank.org/v2/country/AUS;BRA;CAN;CHE;DEU;ESP;FRA;GBR;GRC;IDN;IND;ITA;JPN;KOR;MEX;NLD;NOR;TUR;USA;ZAF/indicator/VC.IHR.PSRC.P5?format=json&date=1996:2024&per_page=20000,"Intentional homicides (per 100,000 people)",sha256:e9a648c0c7b58588f02986817d1638cb82d3073ee9615c0bb8913cf6ee17339f,OFFICIAL_API,VERIFIED,,False,False,World Bank published intentional-homicide rate.,0.49630655708926
441eb6c7-5e7e-403f-99bd-09b521c1dfa3,HARM,KOR,INTENTIONAL_HOMICIDE_RATE_PER_100K,0.477306316584835,PER_100K,2023-12-31,,2026-10-05T21:30:25.675437+00:00,World Bank API v2,https://api.worldbank.org/v2/country/AUS;BRA;CAN;CHE;DEU;ESP;FRA;GBR;GRC;IDN;IND;ITA;JPN;KOR;MEX;NLD;NOR;TUR;USA;ZAF/indicator/VC.IHR.PSRC.P5?format=json&date=1996:2024&per_page=20000,"Intentional homicides (per 100,000 people)",sha256:e9a648c0c7b58588f02986817d1638cb82d3073ee9615c0bb8913cf6ee17339f,OFFICIAL_API,VERIFIED,,False,False,World Bank published intentional-homicide rate.,0.477306316584835
314faf2e-acdd-4262-afa8-713d2601e089,HARM,KOR,INTENTIONAL_HOMICIDE_RATE_PER_100K,,PER_100K,2024-12-31,,2026-10-05T21:30:25.729756+00:00,NO_SOURCE_VALUE,,No source value retrieved,,UNAVAILABLE,UNAVAILABLE,SOURCE_HAS_NO_VALUE_FOR_COUNTRY_YEAR,False,False,World Bank published intentional-homicide rate.,
573211b6-da56-49d1-8bc6-5a3abce286d3,HARM,MEX,INTENTIONAL_HOMICIDE_RATE_PER_100K,15.6891033012258,PER_100K,1996-12-31,,2026-10-05T21:30:25.675437+00:00,World Bank API v2,https://api.worldbank.org/v2/country/AUS;BRA;CAN;CHE;DEU;ESP;FRA;GBR;GRC;IDN;IND;ITA;JPN;KOR;MEX;NLD;NOR;TUR;USA;ZAF/indicator/VC.IHR.PSRC.P5?format=json&date=1996:2024&per_page=20000,"Intentional homicides (per 100,000 people)",sha256:e9a648c0c7b58588f02986817d1638cb82d3073ee9615c0bb8913cf6ee17339f,OFFICIAL_API,VERIFIED,,False,False,World Bank published intentional-homicide rate.,15.6891033012258
73a8e55c-2aff-4fd1-b8c8-c9a8598d933d,HARM,MEX,INTENTIONAL_HOMICIDE_RATE_PER_100K,14.4137694382077,PER_100K,1997-12-31,,2026-10-05T21:30:25.675437+00:00,World Bank API v2,https://api.worldbank.org/v2/country/AUS;BRA;CAN;CHE;DEU;ESP;FRA;GBR;GRC;IDN;IND;ITA;JPN;KOR;MEX;NLD;NOR;TUR;USA;ZAF/indicator/VC.IHR.PSRC.P5?format=json&date=1996:2024&per_page=20000,"Intentional homicides (per 100,000 people)",sha256:e9a648c0c7b58588f02986817d1638cb82d3073ee9615c0bb8913cf6ee17339f,OFFICIAL_API,VERIFIED,,False,False,World Bank published intentional-homicide rate.,14.4137694382077
57ddb9dc-594b-4566-997b-80d9edb1c8ab,HARM,MEX,INTENTIONAL_HOMICIDE_RATE_PER_100K,14.2882186700123,PER_100K,1998-12-31,,2026-10-05T21:30:25.675437+00:00,World Bank API v2,https://api.worldbank.org/v2/country/AUS;BRA;CAN;CHE;DEU;ESP;FRA;GBR;GRC;IDN;IND;ITA;JPN;KOR;MEX;NLD;NOR;TUR;USA;ZAF/indicator/VC.IHR.PSRC.P5?format=json&date=1996:2024&per_page=20000,"Intentional homicides (per 100,000 people)",sha256:e9a648c0c7b58588f02986817d1638cb82d3073ee9615c0bb8913cf6ee17339f,OFFICIAL_API,VERIFIED,,False,False,World Bank published intentional-homicide rate.,14.2882186700123
f09a16d7-a9c8-451f-b8a2-bb54403ec48b,HARM,MEX,INTENTIONAL_HOMICIDE_RATE_PER_100K,12.6127898786382,PER_100K,1999-12-31,,2026-10-05T21:30:25.675437+00:00,World Bank API v2,https://api.worldbank.org/v2/country/AUS;BRA;CAN;CHE;DEU;ESP;FRA;GBR;GRC;IDN;IND;ITA;JPN;KOR;MEX;NLD;NOR;TUR;USA;ZAF/indicator/VC.IHR.PSRC.P5?format=json&date=1996:2024&per_page=20000,"Intentional homicides (per 100,000 people)",sha256:e9a648c0c7b58588f02986817d1638cb82d3073ee9615c0bb8913cf6ee17339f,OFFICIAL_API,VERIFIED,,False,False,World Bank published intentional-homicide rate.,12.6127898786382
e40a12f1-7836-474b-9884-eb52f12154db,HARM,MEX,INTENTIONAL_HOMICIDE_RATE_PER_100K,10.8866310831903,PER_100K,2000-12-31,,2026-10-05T21:30:25.675437+00:00,World Bank API v2,https://api.worldbank.org/v2/country/AUS;BRA;CAN;CHE;DEU;ESP;FRA;GBR;GRC;IDN;IND;ITA;JPN;KOR;MEX;NLD;NOR;TUR;USA;ZAF/indicator/VC.IHR.PSRC.P5?format=json&date=1996:2024&per_page=20000,"Intentional homicides (per 100,000 people)",sha256:e9a648c0c7b58588f02986817d1638cb82d3073ee9615c0bb8913cf6ee17339f,OFFICIAL_API,VERIFIED,,False,False,World Bank published intentional-homicide rate.,10.8866310831903
6dfb668f-731e-4b42-923d-c7c8d50020e6,HARM,MEX,INTENTIONAL_HOMICIDE_RATE_PER_100K,10.2748177070264,PER_100K,2001-12-31,,2026-10-05T21:30:25.675437+00:00,World Bank API v2,https://api.worldbank.org/v2/country/AUS;BRA;CAN;CHE;DEU;ESP;FRA;GBR;GRC;IDN;IND;ITA;JPN;KOR;MEX;NLD;NOR;TUR;USA;ZAF/indicator/VC.IHR.PSRC.P5?format=json&date=1996:2024&per_page=20000,"Intentional homicides (per 100,000 people)",sha256:e9a648c0c7b58588f02986817d1638cb82d3073ee9615c0bb8913cf6ee17339f,OFFICIAL_API,VERIFIED,,False,False,World Bank published intentional-homicide rate.,10.2748177070264
d43e0741-7b95-48d6-bd8a-65f674ca8b12,HARM,MEX,INTENTIONAL_HOMICIDE_RATE_PER_100K,9.93415725652767,PER_100K,2002-12-31,,2026-10-05T21:30:25.675437+00:00,World Bank API v2,https://api.worldbank.org/v2/country/AUS;BRA;CAN;CHE;DEU;ESP;FRA;GBR;GRC;IDN;IND;ITA;JPN;KOR;MEX;NLD;NOR;TUR;USA;ZAF/indicator/VC.IHR.PSRC.P5?format=json&date=1996:2024&per_page=20000,"Intentional homicides (per 100,000 people)",sha256:e9a648c0c7b58588f02986817d1638cb82d3073ee9615c0bb8913cf6ee17339f,OFFICIAL_API,VERIFIED,,False,False,World Bank published intentional-homicide rate.,9.93415725652767
8e698d00-0936-43e1-a1c8-fd07652b1a32,HARM,MEX,INTENTIONAL_HOMICIDE_RATE_PER_100K,9.79524704840011,PER_100K,2003-12-31,,2026-10-05T21:30:25.675437+00:00,World Bank API v2,https://api.worldbank.org/v2/country/AUS;BRA;CAN;CHE;DEU;ESP;FRA;GBR;GRC;IDN;IND;ITA;JPN;KOR;MEX;NLD;NOR;TUR;USA;ZAF/indicator/VC.IHR.PSRC.P5?format=json&date=1996:2024&per_page=20000,"Intentional homicides (per 100,000 people)",sha256:e9a648c0c7b58588f02986817d1638cb82d3073ee9615c0bb8913cf6ee17339f,OFFICIAL_API,VERIFIED,,False,False,World Bank published intentional-homicide rate.,9.79524704840011
cc01235d-ea08-474c-b550-fe7dddcbce76,HARM,MEX,INTENTIONAL_HOMICIDE_RATE_PER_100K,8.93632612354424,PER_100K,2004-12-31,,2026-10-05T21:30:25.675437+00:00,World Bank API v2,https://api.worldbank.org/v2/country/AUS;BRA;CAN;CHE;DEU;ESP;FRA;GBR;GRC;IDN;IND;ITA;JPN;KOR;MEX;NLD;NOR;TUR;USA;ZAF/indicator/VC.IHR.PSRC.P5?format=json&date=1996:2024&per_page=20000,"Intentional homicides (per 100,000 people)",sha256:e9a648c0c7b58588f02986817d1638cb82d3073ee9615c0bb8913cf6ee17339f,OFFICIAL_API,VERIFIED,,False,False,World Bank published intentional-homicide rate.,8.93632612354424
a54b736d-056e-49d2-8a77-ee304152cb45,HARM,MEX,INTENTIONAL_HOMICIDE_RATE_PER_100K,9.37610715749773,PER_100K,2005-12-31,,2026-10-05T21:30:25.675437+00:00,World Bank API v2,https://api.worldbank.org/v2/country/AUS;BRA;CAN;CHE;DEU;ESP;FRA;GBR;GRC;IDN;IND;ITA;JPN;KOR;MEX;NLD;NOR;TUR;USA;ZAF/indicator/VC.IHR.PSRC.P5?format=json&date=1996:2024&per_page=20000,"Intentional homicides (per 100,000 people)",sha256:e9a648c0c7b58588f02986817d1638cb82d3073ee9615c0bb8913cf6ee17339f,OFFICIAL_API,VERIFIED,,False,False,World Bank published intentional-homicide rate.,9.37610715749773
b35526af-37d3-43e3-9300-ce405969a68c,HARM,MEX,INTENTIONAL_HOMICIDE_RATE_PER_100K,9.74512148491559,PER_100K,2006-12-31,,2026-10-05T21:30:25.675437+00:00,World Bank API v2,https://api.worldbank.org/v2/country/AUS;BRA;CAN;CHE;DEU;ESP;FRA;GBR;GRC;IDN;IND;ITA;JPN;KOR;MEX;NLD;NOR;TUR;USA;ZAF/indicator/VC.IHR.PSRC.P5?format=json&date=1996:2024&per_page=20000,"Intentional homicides (per 100,000 people)",sha256:e9a648c0c7b58588f02986817d1638cb82d3073ee9615c0bb8913cf6ee17339f,OFFICIAL_API,VERIFIED,,False,False,World Bank published intentional-homicide rate.,9.74512148491559
3bd149fb-78c0-4017-a36a-45c101382364,HARM,MEX,INTENTIONAL_HOMICIDE_RATE_PER_100K,8.15173722925145,PER_100K,2007-12-31,,2026-10-05T21:30:25.675437+00:00,World Bank API v2,https://api.worldbank.org/v2/country/AUS;BRA;CAN;CHE;DEU;ESP;FRA;GBR;GRC;IDN;IND;ITA;JPN;KOR;MEX;NLD;NOR;TUR;USA;ZAF/indicator/VC.IHR.PSRC.P5?format=json&date=1996:2024&per_page=20000,"Intentional homicides (per 100,000 people)",sha256:e9a648c0c7b58588f02986817d1638cb82d3073ee9615c0bb8913cf6ee17339f,OFFICIAL_API,VERIFIED,,False,False,World Bank published intentional-homicide rate.,8.15173722925145
7e3807b0-7c3b-46c2-b784-d3d4cf21f3ab,HARM,MEX,INTENTIONAL_HOMICIDE_RATE_PER_100K,12.6895495806052,PER_100K,2008-12-31,,2026-10-05T21:30:25.675437+00:00,World Bank API v2,https://api.worldbank.org/v2/country/AUS;BRA;CAN;CHE;DEU;ESP;FRA;GBR;GRC;IDN;IND;ITA;JPN;KOR;MEX;NLD;NOR;TUR;USA;ZAF/indicator/VC.IHR.PSRC.P5?format=json&date=1996:2024&per_page=20000,"Intentional homicides (per 100,000 people)",sha256:e9a648c0c7b58588f02986817d1638cb82d3073ee9615c0bb8913cf6ee17339f,OFFICIAL_API,VERIFIED,,False,False,World Bank published intentional-homicide rate.,12.6895495806052
cd5b651c-6e86-4bb0-ad14-75bbb03998c7,HARM,MEX,INTENTIONAL_HOMICIDE_RATE_PER_100K,17.6812940453664,PER_100K,2009-12-31,,2026-10-05T21:30:25.675437+00:00,World Bank API v2,https://api.worldbank.org/v2/country/AUS;BRA;CAN;CHE;DEU;ESP;FRA;GBR;GRC;IDN;IND;ITA;JPN;KOR;MEX;NLD;NOR;TUR;USA;ZAF/indicator/VC.IHR.PSRC.P5?format=json&date=1996:2024&per_page=20000,"Intentional homicides (per 100,000 people)",sha256:e9a648c0c7b58588f02986817d1638cb82d3073ee9615c0bb8913cf6ee17339f,OFFICIAL_API,VERIFIED,,False,False,World Bank published intentional-homicide rate.,17.6812940453664
88be4c3b-8ef6-4c63-a8dc-d43d1d8cf13b,HARM,MEX,INTENTIONAL_HOMICIDE_RATE_PER_100K,22.6686472946558,PER_100K,2010-12-31,,2026-10-05T21:30:25.675437+00:00,World Bank API v2,https://api.worldbank.org/v2/country/AUS;BRA;CAN;CHE;DEU;ESP;FRA;GBR;GRC;IDN;IND;ITA;JPN;KOR;MEX;NLD;NOR;TUR;USA;ZAF/indicator/VC.IHR.PSRC.P5?format=json&date=1996:2024&per_page=20000,"Intentional homicides (per 100,000 people)",sha256:e9a648c0c7b58588f02986817d1638cb82d3073ee9615c0bb8913cf6ee17339f,OFFICIAL_API,VERIFIED,,False,False,World Bank published intentional-homicide rate.,22.6686472946558
02ab5d09-481d-4e19-92c9-2b9331feebb9,HARM,MEX,INTENTIONAL_HOMICIDE_RATE_PER_100K,23.6134785680132,PER_100K,2011-12-31,,2026-10-05T21:30:25.675437+00:00,World Bank API v2,https://api.worldbank.org/v2/country/AUS;BRA;CAN;CHE;DEU;ESP;FRA;GBR;GRC;IDN;IND;ITA;JPN;KOR;MEX;NLD;NOR;TUR;USA;ZAF/indicator/VC.IHR.PSRC.P5?format=json&date=1996:2024&per_page=20000,"Intentional homicides (per 100,000 people)",sha256:e9a648c0c7b58588f02986817d1638cb82d3073ee9615c0bb8913cf6ee17339f,OFFICIAL_API,VERIFIED,,False,False,World Bank published intentional-homicide rate.,23.6134785680132
0e3c9592-3181-4980-aceb-e59708355c86,HARM,MEX,INTENTIONAL_HOMICIDE_RATE_PER_100K,22.2285552341782,PER_100K,2012-12-31,,2026-10-05T21:30:25.675437+00:00,World Bank API v2,https://api.worldbank.org/v2/country/AUS;BRA;CAN;CHE;DEU;ESP;FRA;GBR;GRC;IDN;IND;ITA;JPN;KOR;MEX;NLD;NOR;TUR;USA;ZAF/indicator/VC.IHR.PSRC.P5?format=json&date=1996:2024&per_page=20000,"Intentional homicides (per 100,000 people)",sha256:e9a648c0c7b58588f02986817d1638cb82d3073ee9615c0bb8913cf6ee17339f,OFFICIAL_API,VERIFIED,,False,False,World Bank published intentional-homicide rate.,22.2285552341782
9dadea54-0f56-465e-8395-2a3e110e9c01,HARM,MEX,INTENTIONAL_HOMICIDE_RATE_PER_100K,19.4881727966757,PER_100K,2013-12-31,,2026-10-05T21:30:25.675437+00:00,World Bank API v2,https://api.worldbank.org/v2/country/AUS;BRA;CAN;CHE;DEU;ESP;FRA;GBR;GRC;IDN;IND;ITA;JPN;KOR;MEX;NLD;NOR;TUR;USA;ZAF/indicator/VC.IHR.PSRC.P5?format=json&date=1996:2024&per_page=20000,"Intentional homicides (per 100,000 people)",sha256:e9a648c0c7b58588f02986817d1638cb82d3073ee9615c0bb8913cf6ee17339f,OFFICIAL_API,VERIFIED,,False,False,World Bank published intentional-homicide rate.,19.4881727966757
4cb2cfce-c342-4437-812e-ba6e734f8b64,HARM,MEX,INTENTIONAL_HOMICIDE_RATE_PER_100K,16.7050327254596,PER_100K,2014-12-31,,2026-10-05T21:30:25.675437+00:00,World Bank API v2,https://api.worldbank.org/v2/country/AUS;BRA;CAN;CHE;DEU;ESP;FRA;GBR;GRC;IDN;IND;ITA;JPN;KOR;MEX;NLD;NOR;TUR;USA;ZAF/indicator/VC.IHR.PSRC.P5?format=json&date=1996:2024&per_page=20000,"Intentional homicides (per 100,000 people)",sha256:e9a648c0c7b58588f02986817d1638cb82d3073ee9615c0bb8913cf6ee17339f,OFFICIAL_API,VERIFIED,,False,False,World Bank published intentional-homicide rate.,16.7050327254596
2e7e201c-5ff0-46a2-9cee-d6e68466ab47,HARM,MEX,INTENTIONAL_HOMICIDE_RATE_PER_100K,17.1484302942078,PER_100K,2015-12-31,,2026-10-05T21:30:25.675437+00:00,World Bank API v2,https://api.worldbank.org/v2/country/AUS;BRA;CAN;CHE;DEU;ESP;FRA;GBR;GRC;IDN;IND;ITA;JPN;KOR;MEX;NLD;NOR;TUR;USA;ZAF/indicator/VC.IHR.PSRC.P5?format=json&date=1996:2024&per_page=20000,"Intentional homicides (per 100,000 people)",sha256:e9a648c0c7b58588f02986817d1638cb82d3073ee9615c0bb8913cf6ee17339f,OFFICIAL_API,VERIFIED,,False,False,World Bank published intentional-homicide rate.,17.1484302942078
8df470fc-fbf0-45c3-b9e3-db69e1113936,HARM,MEX,INTENTIONAL_HOMICIDE_RATE_PER_100K,20.0889396309777,PER_100K,2016-12-31,,2026-10-05T21:30:25.675437+00:00,World Bank API v2,https://api.worldbank.org/v2/country/AUS;BRA;CAN;CHE;DEU;ESP;FRA;GBR;GRC;IDN;IND;ITA;JPN;KOR;MEX;NLD;NOR;TUR;USA;ZAF/indicator/VC.IHR.PSRC.P5?format=json&date=1996:2024&per_page=20000,"Intentional homicides (per 100,000 people)",sha256:e9a648c0c7b58588f02986817d1638cb82d3073ee9615c0bb8913cf6ee17339f,OFFICIAL_API,VERIFIED,,False,False,World Bank published intentional-homicide rate.,20.0889396309777
6d67d27a-9ff7-49d2-9838-e4524376160d,HARM,MEX,INTENTIONAL_HOMICIDE_RATE_PER_100K,25.9959360229634,PER_100K,2017-12-31,,2026-10-05T21:30:25.675437+00:00,World Bank API v2,https://api.worldbank.org/v2/country/AUS;BRA;CAN;CHE;DEU;ESP;FRA;GBR;GRC;IDN;IND;ITA;JPN;KOR;MEX;NLD;NOR;TUR;USA;ZAF/indicator/VC.IHR.PSRC.P5?format=json&date=1996:2024&per_page=20000,"Intentional homicides (per 100,000 people)",sha256:e9a648c0c7b58588f02986817d1638cb82d3073ee9615c0bb8913cf6ee17339f,OFFICIAL_API,VERIFIED,,False,False,World Bank published intentional-homicide rate.,25.9959360229634
8f6dd9f1-55c4-413d-94b6-a5ec5f9a79d1,HARM,MEX,INTENTIONAL_HOMICIDE_RATE_PER_100K,29.4484283285099,PER_100K,2018-12-31,,2026-10-05T21:30:25.675437+00:00,World Bank API v2,https://api.worldbank.org/v2/country/AUS;BRA;CAN;CHE;DEU;ESP;FRA;GBR;GRC;IDN;IND;ITA;JPN;KOR;MEX;NLD;NOR;TUR;USA;ZAF/indicator/VC.IHR.PSRC.P5?format=json&date=1996:2024&per_page=20000,"Intentional homicides (per 100,000 people)",sha256:e9a648c0c7b58588f02986817d1638cb82d3073ee9615c0bb8913cf6ee17339f,OFFICIAL_API,VERIFIED,,False,False,World Bank published intentional-homicide rate.,29.4484283285099
c4506136-bcfc-4945-a251-8fe16f7b91c9,HARM,MEX,INTENTIONAL_HOMICIDE_RATE_PER_100K,29.150867187807,PER_100K,2019-12-31,,2026-10-05T21:30:25.675437+00:00,World Bank API v2,https://api.worldbank.org/v2/country/AUS;BRA;CAN;CHE;DEU;ESP;FRA;GBR;GRC;IDN;IND;ITA;JPN;KOR;MEX;NLD;NOR;TUR;USA;ZAF/indicator/VC.IHR.PSRC.P5?format=json&date=1996:2024&per_page=20000,"Intentional homicides (per 100,000 people)",sha256:e9a648c0c7b58588f02986817d1638cb82d3073ee9615c0bb8913cf6ee17339f,OFFICIAL_API,VERIFIED,,False,False,World Bank published intentional-homicide rate.,29.150867187807
539ebef7-4430-47c6-995c-7747eb36a770,HARM,MEX,INTENTIONAL_HOMICIDE_RATE_PER_100K,29.0010048931398,PER_100K,2020-12-31,,2026-10-05T21:30:25.675437+00:00,World Bank API v2,https://api.worldbank.org/v2/country/AUS;BRA;CAN;CHE;DEU;ESP;FRA;GBR;GRC;IDN;IND;ITA;JPN;KOR;MEX;NLD;NOR;TUR;USA;ZAF/indicator/VC.IHR.PSRC.P5?format=json&date=1996:2024&per_page=20000,"Intentional homicides (per 100,000 people)",sha256:e9a648c0c7b58588f02986817d1638cb82d3073ee9615c0bb8913cf6ee17339f,OFFICIAL_API,VERIFIED,,False,False,World Bank published intentional-homicide rate.,29.0010048931398
bd424f60-59bb-4ab4-b408-e5588e5c5175,HARM,MEX,INTENTIONAL_HOMICIDE_RATE_PER_100K,27.9675034061893,PER_100K,2021-12-31,,2026-10-05T21:30:25.675437+00:00,World Bank API v2,https://api.worldbank.org/v2/country/AUS;BRA;CAN;CHE;DEU;ESP;FRA;GBR;GRC;IDN;IND;ITA;JPN;KOR;MEX;NLD;NOR;TUR;USA;ZAF/indicator/VC.IHR.PSRC.P5?format=json&date=1996:2024&per_page=20000,"Intentional homicides (per 100,000 people)",sha256:e9a648c0c7b58588f02986817d1638cb82d3073ee9615c0bb8913cf6ee17339f,OFFICIAL_API,VERIFIED,,False,False,World Bank published intentional-homicide rate.,27.9675034061893
238c570c-d266-40a5-a540-4ad1f7c481e5,HARM,MEX,INTENTIONAL_HOMICIDE_RATE_PER_100K,25.8814968854168,PER_100K,2022-12-31,,2026-10-05T21:30:25.675437+00:00,World Bank API v2,https://api.worldbank.org/v2/country/AUS;BRA;CAN;CHE;DEU;ESP;FRA;GBR;GRC;IDN;IND;ITA;JPN;KOR;MEX;NLD;NOR;TUR;USA;ZAF/indicator/VC.IHR.PSRC.P5?format=json&date=1996:2024&per_page=20000,"Intentional homicides (per 100,000 people)",sha256:e9a648c0c7b58588f02986817d1638cb82d3073ee9615c0bb8913cf6ee17339f,OFFICIAL_API,VERIFIED,,False,False,World Bank published intentional-homicide rate.,25.8814968854168
31208531-8992-41bf-aa58-f1f41dbffc9e,HARM,MEX,INTENTIONAL_HOMICIDE_RATE_PER_100K,24.8589948436701,PER_100K,2023-12-31,,2026-10-05T21:30:25.675437+00:00,World Bank API v2,https://api.worldbank.org/v2/country/AUS;BRA;CAN;CHE;DEU;ESP;FRA;GBR;GRC;IDN;IND;ITA;JPN;KOR;MEX;NLD;NOR;TUR;USA;ZAF/indicator/VC.IHR.PSRC.P5?format=json&date=1996:2024&per_page=20000,"Intentional homicides (per 100,000 people)",sha256:e9a648c0c7b58588f02986817d1638cb82d3073ee9615c0bb8913cf6ee17339f,OFFICIAL_API,VERIFIED,,False,False,World Bank published intentional-homicide rate.,24.8589948436701
c0615bf8-7b7a-4daf-b09e-d1d248ec3f1d,HARM,MEX,INTENTIONAL_HOMICIDE_RATE_PER_100K,,PER_100K,2024-12-31,,2026-10-05T21:30:25.732957+00:00,NO_SOURCE_VALUE,,No source value retrieved,,UNAVAILABLE,UNAVAILABLE,SOURCE_HAS_NO_VALUE_FOR_COUNTRY_YEAR,False,False,World Bank published intentional-homicide rate.,
54833486-26dc-46d8-aef4-8eb3915c7071,HARM,NLD,INTENTIONAL_HOMICIDE_RATE_PER_100K,1.34910253032172,PER_100K,1996-12-31,,2026-10-05T21:30:25.675437+00:00,World Bank API v2,https://api.worldbank.org/v2/country/AUS;BRA;CAN;CHE;DEU;ESP;FRA;GBR;GRC;IDN;IND;ITA;JPN;KOR;MEX;NLD;NOR;TUR;USA;ZAF/indicator/VC.IHR.PSRC.P5?format=json&date=1996:2024&per_page=20000,"Intentional homicides (per 100,000 people)",sha256:e9a648c0c7b58588f02986817d1638cb82d3073ee9615c0bb8913cf6ee17339f,OFFICIAL_API,VERIFIED,,False,False,World Bank published intentional-homicide rate.,1.34910253032172
49c227e0-7a53-42a9-9045-8e73eb3a14f3,HARM,NLD,INTENTIONAL_HOMICIDE_RATE_PER_100K,1.32285042212284,PER_100K,1997-12-31,,2026-10-05T21:30:25.675437+00:00,World Bank API v2,https://api.worldbank.org/v2/country/AUS;BRA;CAN;CHE;DEU;ESP;FRA;GBR;GRC;IDN;IND;ITA;JPN;KOR;MEX;NLD;NOR;TUR;USA;ZAF/indicator/VC.IHR.PSRC.P5?format=json&date=1996:2024&per_page=20000,"Intentional homicides (per 100,000 people)",sha256:e9a648c0c7b58588f02986817d1638cb82d3073ee9615c0bb8913cf6ee17339f,OFFICIAL_API,VERIFIED,,False,False,World Bank published intentional-homicide rate.,1.32285042212284
32c21c9b-855b-4328-b506-dd3b43776899,HARM,NLD,INTENTIONAL_HOMICIDE_RATE_PER_100K,1.11201623897532,PER_100K,1998-12-31,,2026-10-05T21:30:25.675437+00:00,World Bank API v2,https://api.worldbank.org/v2/country/AUS;BRA;CAN;CHE;DEU;ESP;FRA;GBR;GRC;IDN;IND;ITA;JPN;KOR;MEX;NLD;NOR;TUR;USA;ZAF/indicator/VC.IHR.PSRC.P5?format=json&date=1996:2024&per_page=20000,"Intentional homicides (per 100,000 people)",sha256:e9a648c0c7b58588f02986817d1638cb82d3073ee9615c0bb8913cf6ee17339f,OFFICIAL_API,VERIFIED,,False,False,World Bank published intentional-homicide rate.,1.11201623897532
8052f04f-71ca-4b3d-ad3a-8db43e8ac036,HARM,NLD,INTENTIONAL_HOMICIDE_RATE_PER_100K,1.27351102095183,PER_100K,1999-12-31,,2026-10-05T21:30:25.675437+00:00,World Bank API v2,https://api.worldbank.org/v2/country/AUS;BRA;CAN;CHE;DEU;ESP;FRA;GBR;GRC;IDN;IND;ITA;JPN;KOR;MEX;NLD;NOR;TUR;USA;ZAF/indicator/VC.IHR.PSRC.P5?format=json&date=1996:2024&per_page=20000,"Intentional homicides (per 100,000 people)",sha256:e9a648c0c7b58588f02986817d1638cb82d3073ee9615c0bb8913cf6ee17339f,OFFICIAL_API,VERIFIED,,False,False,World Bank published intentional-homicide rate.,1.27351102095183
fd375ecf-01af-4bbc-847f-551fc070bf1c,HARM,NLD,INTENTIONAL_HOMICIDE_RATE_PER_100K,1.12088359004318,PER_100K,2000-12-31,,2026-10-05T21:30:25.675437+00:00,World Bank API v2,https://api.worldbank.org/v2/country/AUS;BRA;CAN;CHE;DEU;ESP;FRA;GBR;GRC;IDN;IND;ITA;JPN;KOR;MEX;NLD;NOR;TUR;USA;ZAF/indicator/VC.IHR.PSRC.P5?format=json&date=1996:2024&per_page=20000,"Intentional homicides (per 100,000 people)",sha256:e9a648c0c7b58588f02986817d1638cb82d3073ee9615c0bb8913cf6ee17339f,OFFICIAL_API,VERIFIED,,False,False,World Bank published intentional-homicide rate.,1.12088359004318
a81e3a09-3d31-4873-9322-3872ad4b3031,HARM,NLD,INTENTIONAL_HOMICIDE_RATE_PER_100K,1.24824619864232,PER_100K,2001-12-31,,2026-10-05T21:30:25.675437+00:00,World Bank API v2,https://api.worldbank.org/v2/country/AUS;BRA;CAN;CHE;DEU;ESP;FRA;GBR;GRC;IDN;IND;ITA;JPN;KOR;MEX;NLD;NOR;TUR;USA;ZAF/indicator/VC.IHR.PSRC.P5?format=json&date=1996:2024&per_page=20000,"Intentional homicides (per 100,000 people)",sha256:e9a648c0c7b58588f02986817d1638cb82d3073ee9615c0bb8913cf6ee17339f,OFFICIAL_API,VERIFIED,,False,False,World Bank published intentional-homicide rate.,1.24824619864232
39d75ae8-ace2-4cc6-88dd-a6a788bb6971,HARM,NLD,INTENTIONAL_HOMICIDE_RATE_PER_100K,1.19719664433762,PER_100K,2002-12-31,,2026-10-05T21:30:25.675437+00:00,World Bank API v2,https://api.worldbank.org/v2/country/AUS;BRA;CAN;CHE;DEU;ESP;FRA;GBR;GRC;IDN;IND;ITA;JPN;KOR;MEX;NLD;NOR;TUR;USA;ZAF/indicator/VC.IHR.PSRC.P5?format=json&date=1996:2024&per_page=20000,"Intentional homicides (per 100,000 people)",sha256:e9a648c0c7b58588f02986817d1638cb82d3073ee9615c0bb8913cf6ee17339f,OFFICIAL_API,VERIFIED,,False,False,World Bank published intentional-homicide rate.,1.19719664433762
bf32db61-52d9-4f4c-984f-56a0f83ad0df,HARM,NLD,INTENTIONAL_HOMICIDE_RATE_PER_100K,1.23419738555447,PER_100K,2003-12-31,,2026-10-05T21:30:25.675437+00:00,World Bank API v2,https://api.worldbank.org/v2/country/AUS;BRA;CAN;CHE;DEU;ESP;FRA;GBR;GRC;IDN;IND;ITA;JPN;KOR;MEX;NLD;NOR;TUR;USA;ZAF/indicator/VC.IHR.PSRC.P5?format=json&date=1996:2024&per_page=20000,"Intentional homicides (per 100,000 people)",sha256:e9a648c0c7b58588f02986817d1638cb82d3073ee9615c0bb8913cf6ee17339f,OFFICIAL_API,VERIFIED,,False,False,World Bank published intentional-homicide rate.,1.23419738555447
0723c648-e57b-4919-acd2-a29766b9c855,HARM,NLD,INTENTIONAL_HOMICIDE_RATE_PER_100K,1.16282145658851,PER_100K,2004-12-31,,2026-10-05T21:30:25.675437+00:00,World Bank API v2,https://api.worldbank.org/v2/country/AUS;BRA;CAN;CHE;DEU;ESP;FRA;GBR;GRC;IDN;IND;ITA;JPN;KOR;MEX;NLD;NOR;TUR;USA;ZAF/indicator/VC.IHR.PSRC.P5?format=json&date=1996:2024&per_page=20000,"Intentional homicides (per 100,000 people)",sha256:e9a648c0c7b58588f02986817d1638cb82d3073ee9615c0bb8913cf6ee17339f,OFFICIAL_API,VERIFIED,,False,False,World Bank published intentional-homicide rate.,1.16282145658851
b0ca94eb-5acf-44e6-8e40-14d31d92398f,HARM,NLD,INTENTIONAL_HOMICIDE_RATE_PER_100K,1.05674155563289,PER_100K,2005-12-31,,2026-10-05T21:30:25.675437+00:00,World Bank API v2,https://api.worldbank.org/v2/country/AUS;BRA;CAN;CHE;DEU;ESP;FRA;GBR;GRC;IDN;IND;ITA;JPN;KOR;MEX;NLD;NOR;TUR;USA;ZAF/indicator/VC.IHR.PSRC.P5?format=json&date=1996:2024&per_page=20000,"Intentional homicides (per 100,000 people)",sha256:e9a648c0c7b58588f02986817d1638cb82d3073ee9615c0bb8913cf6ee17339f,OFFICIAL_API,VERIFIED,,False,False,World Bank published intentional-homicide rate.,1.05674155563289
3669722b-0708-427a-b5a5-7573451a4cc9,HARM,NLD,INTENTIONAL_HOMICIDE_RATE_PER_100K,0.776046758999861,PER_100K,2006-12-31,,2026-10-05T21:30:25.675437+00:00,World Bank API v2,https://api.worldbank.org/v2/country/AUS;BRA;CAN;CHE;DEU;ESP;FRA;GBR;GRC;IDN;IND;ITA;JPN;KOR;MEX;NLD;NOR;TUR;USA;ZAF/indicator/VC.IHR.PSRC.P5?format=json&date=1996:2024&per_page=20000,"Intentional homicides (per 100,000 people)",sha256:e9a648c0c7b58588f02986817d1638cb82d3073ee9615c0bb8913cf6ee17339f,OFFICIAL_API,VERIFIED,,False,False,World Bank published intentional-homicide rate.,0.776046758999861
a529b196-c196-4082-bdbd-f6b3c37f3657,HARM,NLD,INTENTIONAL_HOMICIDE_RATE_PER_100K,0.86502275645006,PER_100K,2007-12-31,,2026-10-05T21:30:25.675437+00:00,World Bank API v2,https://api.worldbank.org/v2/country/AUS;BRA;CAN;CHE;DEU;ESP;FRA;GBR;GRC;IDN;IND;ITA;JPN;KOR;MEX;NLD;NOR;TUR;USA;ZAF/indicator/VC.IHR.PSRC.P5?format=json&date=1996:2024&per_page=20000,"Intentional homicides (per 100,000 people)",sha256:e9a648c0c7b58588f02986817d1638cb82d3073ee9615c0bb8913cf6ee17339f,OFFICIAL_API,VERIFIED,,False,False,World Bank published intentional-homicide rate.,0.86502275645006
d3ef1382-ca07-4f5b-b1fb-b6170f06a89b,HARM,NLD,INTENTIONAL_HOMICIDE_RATE_PER_100K,0.903763742179582,PER_100K,2008-12-31,,2026-10-05T21:30:25.675437+00:00,World Bank API v2,https://api.worldbank.org/v2/country/AUS;BRA;CAN;CHE;DEU;ESP;FRA;GBR;GRC;IDN;IND;ITA;JPN;KOR;MEX;NLD;NOR;TUR;USA;ZAF/indicator/VC.IHR.PSRC.P5?format=json&date=1996:2024&per_page=20000,"Intentional homicides (per 100,000 people)",sha256:e9a648c0c7b58588f02986817d1638cb82d3073ee9615c0bb8913cf6ee17339f,OFFICIAL_API,VERIFIED,,False,False,World Bank published intentional-homicide rate.,0.903763742179582
822edb6a-1dd3-4a35-97d6-4d1908197c43,HARM,NLD,INTENTIONAL_HOMICIDE_RATE_PER_100K,0.923031739705049,PER_100K,2009-12-31,,2026-10-05T21:30:25.675437+00:00,World Bank API v2,https://api.worldbank.org/v2/country/AUS;BRA;CAN;CHE;DEU;ESP;FRA;GBR;GRC;IDN;IND;ITA;JPN;KOR;MEX;NLD;NOR;TUR;USA;ZAF/indicator/VC.IHR.PSRC.P5?format=json&date=1996:2024&per_page=20000,"Intentional homicides (per 100,000 people)",sha256:e9a648c0c7b58588f02986817d1638cb82d3073ee9615c0bb8913cf6ee17339f,OFFICIAL_API,VERIFIED,,False,False,World Bank published intentional-homicide rate.,0.923031739705049
23167d7c-a18d-4e56-8c8a-2383a77fcf34,HARM,NLD,INTENTIONAL_HOMICIDE_RATE_PER_100K,0.858612976325238,PER_100K,2010-12-31,,2026-10-05T21:30:25.675437+00:00,World Bank API v2,https://api.worldbank.org/v2/country/AUS;BRA;CAN;CHE;DEU;ESP;FRA;GBR;GRC;IDN;IND;ITA;JPN;KOR;MEX;NLD;NOR;TUR;USA;ZAF/indicator/VC.IHR.PSRC.P5?format=json&date=1996:2024&per_page=20000,"Intentional homicides (per 100,000 people)",sha256:e9a648c0c7b58588f02986817d1638cb82d3073ee9615c0bb8913cf6ee17339f,OFFICIAL_API,VERIFIED,,False,False,World Bank published intentional-homicide rate.,0.858612976325238
1829ba87-d43c-40be-aeda-9d9132786f6b,HARM,NLD,INTENTIONAL_HOMICIDE_RATE_PER_100K,0.848611455055905,PER_100K,2011-12-31,,2026-10-05T21:30:25.675437+00:00,World Bank API v2,https://api.worldbank.org/v2/country/AUS;BRA;CAN;CHE;DEU;ESP;FRA;GBR;GRC;IDN;IND;ITA;JPN;KOR;MEX;NLD;NOR;TUR;USA;ZAF/indicator/VC.IHR.PSRC.P5?format=json&date=1996:2024&per_page=20000,"Intentional homicides (per 100,000 people)",sha256:e9a648c0c7b58588f02986817d1638cb82d3073ee9615c0bb8913cf6ee17339f,OFFICIAL_API,VERIFIED,,False,False,World Bank published intentional-homicide rate.,0.848611455055905
2b7f2cfd-c83d-4fdb-a815-f8768fc16ade,HARM,NLD,INTENTIONAL_HOMICIDE_RATE_PER_100K,0.857217506852641,PER_100K,2012-12-31,,2026-10-05T21:30:25.675437+00:00,World Bank API v2,https://api.worldbank.org/v2/country/AUS;BRA;CAN;CHE;DEU;ESP;FRA;GBR;GRC;IDN;IND;ITA;JPN;KOR;MEX;NLD;NOR;TUR;USA;ZAF/indicator/VC.IHR.PSRC.P5?format=json&date=1996:2024&per_page=20000,"Intentional homicides (per 100,000 people)",sha256:e9a648c0c7b58588f02986817d1638cb82d3073ee9615c0bb8913cf6ee17339f,OFFICIAL_API,VERIFIED,,False,False,World Bank published intentional-homicide rate.,0.857217506852641
2a23b2f7-e901-49c6-816b-32d512b6af75,HARM,NLD,INTENTIONAL_HOMICIDE_RATE_PER_100K,0.736721493873159,PER_100K,2013-12-31,,2026-10-05T21:30:25.675437+00:00,World Bank API v2,https://api.worldbank.org/v2/country/AUS;BRA;CAN;CHE;DEU;ESP;FRA;GBR;GRC;IDN;IND;ITA;JPN;KOR;MEX;NLD;NOR;TUR;USA;ZAF/indicator/VC.IHR.PSRC.P5?format=json&date=1996:2024&per_page=20000,"Intentional homicides (per 100,000 people)",sha256:e9a648c0c7b58588f02986817d1638cb82d3073ee9615c0bb8913cf6ee17339f,OFFICIAL_API,VERIFIED,,False,False,World Bank published intentional-homicide rate.,0.736721493873159
7a08499a-90a6-4216-8cbb-e67952fb0b2c,HARM,NLD,INTENTIONAL_HOMICIDE_RATE_PER_100K,0.722251091061564,PER_100K,2014-12-31,,2026-10-05T21:30:25.675437+00:00,World Bank API v2,https://api.worldbank.org/v2/country/AUS;BRA;CAN;CHE;DEU;ESP;FRA;GBR;GRC;IDN;IND;ITA;JPN;KOR;MEX;NLD;NOR;TUR;USA;ZAF/indicator/VC.IHR.PSRC.P5?format=json&date=1996:2024&per_page=20000,"Intentional homicides (per 100,000 people)",sha256:e9a648c0c7b58588f02986817d1638cb82d3073ee9615c0bb8913cf6ee17339f,OFFICIAL_API,VERIFIED,,False,False,World Bank published intentional-homicide rate.,0.722251091061564
7bb99536-994f-45a8-a309-5dde147f961e,HARM,NLD,INTENTIONAL_HOMICIDE_RATE_PER_100K,0.607922883579319,PER_100K,2015-12-31,,2026-10-05T21:30:25.675437+00:00,World Bank API v2,https://api.worldbank.org/v2/country/AUS;BRA;CAN;CHE;DEU;ESP;FRA;GBR;GRC;IDN;IND;ITA;JPN;KOR;MEX;NLD;NOR;TUR;USA;ZAF/indicator/VC.IHR.PSRC.P5?format=json&date=1996:2024&per_page=20000,"Intentional homicides (per 100,000 people)",sha256:e9a648c0c7b58588f02986817d1638cb82d3073ee9615c0bb8913cf6ee17339f,OFFICIAL_API,VERIFIED,,False,False,World Bank published intentional-homicide rate.,0.607922883579319
c28850df-8611-4c97-9715-8fbbc6429fc9,HARM,NLD,INTENTIONAL_HOMICIDE_RATE_PER_100K,0.546362553519554,PER_100K,2016-12-31,,2026-10-05T21:30:25.675437+00:00,World Bank API v2,https://api.worldbank.org/v2/country/AUS;BRA;CAN;CHE;DEU;ESP;FRA;GBR;GRC;IDN;IND;ITA;JPN;KOR;MEX;NLD;NOR;TUR;USA;ZAF/indicator/VC.IHR.PSRC.P5?format=json&date=1996:2024&per_page=20000,"Intentional homicides (per 100,000 people)",sha256:e9a648c0c7b58588f02986817d1638cb82d3073ee9615c0bb8913cf6ee17339f,OFFICIAL_API,VERIFIED,,False,False,World Bank published intentional-homicide rate.,0.546362553519554
588ee79c-e785-45b0-8d1b-cd037b80b549,HARM,NLD,INTENTIONAL_HOMICIDE_RATE_PER_100K,0.762328497745067,PER_100K,2017-12-31,,2026-10-05T21:30:25.675437+00:00,World Bank API v2,https://api.worldbank.org/v2/country/AUS;BRA;CAN;CHE;DEU;ESP;FRA;GBR;GRC;IDN;IND;ITA;JPN;KOR;MEX;NLD;NOR;TUR;USA;ZAF/indicator/VC.IHR.PSRC.P5?format=json&date=1996:2024&per_page=20000,"Intentional homicides (per 100,000 people)",sha256:e9a648c0c7b58588f02986817d1638cb82d3073ee9615c0bb8913cf6ee17339f,OFFICIAL_API,VERIFIED,,False,False,World Bank published intentional-homicide rate.,0.762328497745067
6e0d499a-0e9a-4871-955f-0663c59bf1c7,HARM,NLD,INTENTIONAL_HOMICIDE_RATE_PER_100K,0.574010651743461,PER_100K,2018-12-31,,2026-10-05T21:30:25.675437+00:00,World Bank API v2,https://api.worldbank.org/v2/country/AUS;BRA;CAN;CHE;DEU;ESP;FRA;GBR;GRC;IDN;IND;ITA;JPN;KOR;MEX;NLD;NOR;TUR;USA;ZAF/indicator/VC.IHR.PSRC.P5?format=json&date=1996:2024&per_page=20000,"Intentional homicides (per 100,000 people)",sha256:e9a648c0c7b58588f02986817d1638cb82d3073ee9615c0bb8913cf6ee17339f,OFFICIAL_API,VERIFIED,,False,False,World Bank published intentional-homicide rate.,0.574010651743461
f1b0e913-8a62-4fd0-901b-33ee9f2b2023,HARM,NLD,INTENTIONAL_HOMICIDE_RATE_PER_100K,0.712758090417298,PER_100K,2019-12-31,,2026-10-05T21:30:25.675437+00:00,World Bank API v2,https://api.worldbank.org/v2/country/AUS;BRA;CAN;CHE;DEU;ESP;FRA;GBR;GRC;IDN;IND;ITA;JPN;KOR;MEX;NLD;NOR;TUR;USA;ZAF/indicator/VC.IHR.PSRC.P5?format=json&date=1996:2024&per_page=20000,"Intentional homicides (per 100,000 people)",sha256:e9a648c0c7b58588f02986817d1638cb82d3073ee9615c0bb8913cf6ee17339f,OFFICIAL_API,VERIFIED,,False,False,World Bank published intentional-homicide rate.,0.712758090417298
5e59db71-882d-4017-822c-0b802d91836f,HARM,NLD,INTENTIONAL_HOMICIDE_RATE_PER_100K,0.686068183497271,PER_100K,2020-12-31,,2026-10-05T21:30:25.675437+00:00,World Bank API v2,https://api.worldbank.org/v2/country/AUS;BRA;CAN;CHE;DEU;ESP;FRA;GBR;GRC;IDN;IND;ITA;JPN;KOR;MEX;NLD;NOR;TUR;USA;ZAF/indicator/VC.IHR.PSRC.P5?format=json&date=1996:2024&per_page=20000,"Intentional homicides (per 100,000 people)",sha256:e9a648c0c7b58588f02986817d1638cb82d3073ee9615c0bb8913cf6ee17339f,OFFICIAL_API,VERIFIED,,False,False,World Bank published intentional-homicide rate.,0.686068183497271
4de1c3d0-a4d2-4d29-90d1-272251f207df,HARM,NLD,INTENTIONAL_HOMICIDE_RATE_PER_100K,0.710637312796065,PER_100K,2021-12-31,,2026-10-05T21:30:25.675437+00:00,World Bank API v2,https://api.worldbank.org/v2/country/AUS;BRA;CAN;CHE;DEU;ESP;FRA;GBR;GRC;IDN;IND;ITA;JPN;KOR;MEX;NLD;NOR;TUR;USA;ZAF/indicator/VC.IHR.PSRC.P5?format=json&date=1996:2024&per_page=20000,"Intentional homicides (per 100,000 people)",sha256:e9a648c0c7b58588f02986817d1638cb82d3073ee9615c0bb8913cf6ee17339f,OFFICIAL_API,VERIFIED,,False,False,World Bank published intentional-homicide rate.,0.710637312796065
55d0328d-cb2f-4b21-9952-b3a174b8be48,HARM,NLD,INTENTIONAL_HOMICIDE_RATE_PER_100K,0.798685419651381,PER_100K,2022-12-31,,2026-10-05T21:30:25.675437+00:00,World Bank API v2,https://api.worldbank.org/v2/country/AUS;BRA;CAN;CHE;DEU;ESP;FRA;GBR;GRC;IDN;IND;ITA;JPN;KOR;MEX;NLD;NOR;TUR;USA;ZAF/indicator/VC.IHR.PSRC.P5?format=json&date=1996:2024&per_page=20000,"Intentional homicides (per 100,000 people)",sha256:e9a648c0c7b58588f02986817d1638cb82d3073ee9615c0bb8913cf6ee17339f,OFFICIAL_API,VERIFIED,,False,False,World Bank published intentional-homicide rate.,0.798685419651381
6c62ac16-4d53-42d7-bb6f-6da0a684f475,HARM,NLD,INTENTIONAL_HOMICIDE_RATE_PER_100K,0.690893081283378,PER_100K,2023-12-31,,2026-10-05T21:30:25.675437+00:00,World Bank API v2,https://api.worldbank.org/v2/country/AUS;BRA;CAN;CHE;DEU;ESP;FRA;GBR;GRC;IDN;IND;ITA;JPN;KOR;MEX;NLD;NOR;TUR;USA;ZAF/indicator/VC.IHR.PSRC.P5?format=json&date=1996:2024&per_page=20000,"Intentional homicides (per 100,000 people)",sha256:e9a648c0c7b58588f02986817d1638cb82d3073ee9615c0bb8913cf6ee17339f,OFFICIAL_API,VERIFIED,,False,False,World Bank published intentional-homicide rate.,0.690893081283378
6a339544-9c10-4dbd-b3a1-edaa9eb2f383,HARM,NLD,INTENTIONAL_HOMICIDE_RATE_PER_100K,,PER_100K,2024-12-31,,2026-10-05T21:30:25.736331+00:00,NO_SOURCE_VALUE,,No source value retrieved,,UNAVAILABLE,UNAVAILABLE,SOURCE_HAS_NO_VALUE_FOR_COUNTRY_YEAR,False,False,World Bank published intentional-homicide rate.,
8c7beae1-3954-4cb9-969d-8cd17240d693,HARM,NOR,INTENTIONAL_HOMICIDE_RATE_PER_100K,0.981480938327732,PER_100K,1996-12-31,,2026-10-05T21:30:25.675437+00:00,World Bank API v2,https://api.worldbank.org/v2/country/AUS;BRA;CAN;CHE;DEU;ESP;FRA;GBR;GRC;IDN;IND;ITA;JPN;KOR;MEX;NLD;NOR;TUR;USA;ZAF/indicator/VC.IHR.PSRC.P5?format=json&date=1996:2024&per_page=20000,"Intentional homicides (per 100,000 people)",sha256:e9a648c0c7b58588f02986817d1638cb82d3073ee9615c0bb8913cf6ee17339f,OFFICIAL_API,VERIFIED,,False,False,World Bank published intentional-homicide rate.,0.981480938327732
85e6f3b4-2f65-4b88-a82d-f54af26dccd9,HARM,NOR,INTENTIONAL_HOMICIDE_RATE_PER_100K,0.862658716434205,PER_100K,1997-12-31,,2026-10-05T21:30:25.675437+00:00,World Bank API v2,https://api.worldbank.org/v2/country/AUS;BRA;CAN;CHE;DEU;ESP;FRA;GBR;GRC;IDN;IND;ITA;JPN;KOR;MEX;NLD;NOR;TUR;USA;ZAF/indicator/VC.IHR.PSRC.P5?format=json&date=1996:2024&per_page=20000,"Intentional homicides (per 100,000 people)",sha256:e9a648c0c7b58588f02986817d1638cb82d3073ee9615c0bb8913cf6ee17339f,OFFICIAL_API,VERIFIED,,False,False,World Bank published intentional-homicide rate.,0.862658716434205
964468f1-118d-4bdc-b5af-dbbe54d8499e,HARM,NOR,INTENTIONAL_HOMICIDE_RATE_PER_100K,0.857533647476493,PER_100K,1998-12-31,,2026-10-05T21:30:25.675437+00:00,World Bank API v2,https://api.worldbank.org/v2/country/AUS;BRA;CAN;CHE;DEU;ESP;FRA;GBR;GRC;IDN;IND;ITA;JPN;KOR;MEX;NLD;NOR;TUR;USA;ZAF/indicator/VC.IHR.PSRC.P5?format=json&date=1996:2024&per_page=20000,"Intentional homicides (per 100,000 people)",sha256:e9a648c0c7b58588f02986817d1638cb82d3073ee9615c0bb8913cf6ee17339f,OFFICIAL_API,VERIFIED,,False,False,World Bank published intentional-homicide rate.,0.857533647476493
36e72994-bc45-4955-9fcd-fbddd4b5cabb,HARM,NOR,INTENTIONAL_HOMICIDE_RATE_PER_100K,0.739613970814833,PER_100K,1999-12-31,,2026-10-05T21:30:25.675437+00:00,World Bank API v2,https://api.worldbank.org/v2/country/AUS;BRA;CAN;CHE;DEU;ESP;FRA;GBR;GRC;IDN;IND;ITA;JPN;KOR;MEX;NLD;NOR;TUR;USA;ZAF/indicator/VC.IHR.PSRC.P5?format=json&date=1996:2024&per_page=20000,"Intentional homicides (per 100,000 people)",sha256:e9a648c0c7b58588f02986817d1638cb82d3073ee9615c0bb8913cf6ee17339f,OFFICIAL_API,VERIFIED,,False,False,World Bank published intentional-homicide rate.,0.739613970814833
c09d9e8e-d91e-4d4d-b200-6dfdfd89e7a4,HARM,NOR,INTENTIONAL_HOMICIDE_RATE_PER_100K,1.06883592856346,PER_100K,2000-12-31,,2026-10-05T21:30:25.675437+00:00,World Bank API v2,https://api.worldbank.org/v2/country/AUS;BRA;CAN;CHE;DEU;ESP;FRA;GBR;GRC;IDN;IND;ITA;JPN;KOR;MEX;NLD;NOR;TUR;USA;ZAF/indicator/VC.IHR.PSRC.P5?format=json&date=1996:2024&per_page=20000,"Intentional homicides (per 100,000 people)",sha256:e9a648c0c7b58588f02986817d1638cb82d3073ee9615c0bb8913cf6ee17339f,OFFICIAL_API,VERIFIED,,False,False,World Bank published intentional-homicide rate.,1.06883592856346
86484d32-e486-44e0-823a-2551b1d65244,HARM,NOR,INTENTIONAL_HOMICIDE_RATE_PER_100K,0.819734419341124,PER_100K,2001-12-31,,2026-10-05T21:30:25.675437+00:00,World Bank API v2,https://api.worldbank.org/v2/country/AUS;BRA;CAN;CHE;DEU;ESP;FRA;GBR;GRC;IDN;IND;ITA;JPN;KOR;MEX;NLD;NOR;TUR;USA;ZAF/indicator/VC.IHR.PSRC.P5?format=json&date=1996:2024&per_page=20000,"Intentional homicides (per 100,000 people)",sha256:e9a648c0c7b58588f02986817d1638cb82d3073ee9615c0bb8913cf6ee17339f,OFFICIAL_API,VERIFIED,,False,False,World Bank published intentional-homicide rate.,0.819734419341124
bdf56f99-13d4-48b7-874f-42851ff18b6d,HARM,NOR,INTENTIONAL_HOMICIDE_RATE_PER_100K,1.01365927914722,PER_100K,2002-12-31,,2026-10-05T21:30:25.675437+00:00,World Bank API v2,https://api.worldbank.org/v2/country/AUS;BRA;CAN;CHE;DEU;ESP;FRA;GBR;GRC;IDN;IND;ITA;JPN;KOR;MEX;NLD;NOR;TUR;USA;ZAF/indicator/VC.IHR.PSRC.P5?format=json&date=1996:2024&per_page=20000,"Intentional homicides (per 100,000 people)",sha256:e9a648c0c7b58588f02986817d1638cb82d3073ee9615c0bb8913cf6ee17339f,OFFICIAL_API,VERIFIED,,False,False,World Bank published intentional-homicide rate.,1.01365927914722
8a97bb98-db76-4860-8804-1aa858d29c09,HARM,NOR,INTENTIONAL_HOMICIDE_RATE_PER_100K,,PER_100K,2003-12-31,,2026-10-05T21:30:25.737413+00:00,NO_SOURCE_VALUE,,No source value retrieved,,UNAVAILABLE,UNAVAILABLE,SOURCE_HAS_NO_VALUE_FOR_COUNTRY_YEAR,False,False,World Bank published intentional-homicide rate.,
f9e13ef8-2cd0-4b80-a97f-f9baf9011fd4,HARM,NOR,INTENTIONAL_HOMICIDE_RATE_PER_100K,0.78401608975242,PER_100K,2004-12-31,,2026-10-05T21:30:25.675437+00:00,World Bank API v2,https://api.worldbank.org/v2/country/AUS;BRA;CAN;CHE;DEU;ESP;FRA;GBR;GRC;IDN;IND;ITA;JPN;KOR;MEX;NLD;NOR;TUR;USA;ZAF/indicator/VC.IHR.PSRC.P5?format=json&date=1996:2024&per_page=20000,"Intentional homicides (per 100,000 people)",sha256:e9a648c0c7b58588f02986817d1638cb82d3073ee9615c0bb8913cf6ee17339f,OFFICIAL_API,VERIFIED,,False,False,World Bank published intentional-homicide rate.,0.78401608975242
83b2bb37-ce33-4e35-b5f3-71c15d62530c,HARM,NOR,INTENTIONAL_HOMICIDE_RATE_PER_100K,0.713803047463144,PER_100K,2005-12-31,,2026-10-05T21:30:25.675437+00:00,World Bank API v2,https://api.worldbank.org/v2/country/AUS;BRA;CAN;CHE;DEU;ESP;FRA;GBR;GRC;IDN;IND;ITA;JPN;KOR;MEX;NLD;NOR;TUR;USA;ZAF/indicator/VC.IHR.PSRC.P5?format=json&date=1996:2024&per_page=20000,"Intentional homicides (per 100,000 people)",sha256:e9a648c0c7b58588f02986817d1638cb82d3073ee9615c0bb8913cf6ee17339f,OFFICIAL_API,VERIFIED,,False,False,World Bank published intentional-homicide rate.,0.713803047463144
879818e8-875b-4613-9698-d469a26e8b38,HARM,NOR,INTENTIONAL_HOMICIDE_RATE_PER_100K,0.708079443938776,PER_100K,2006-12-31,,2026-10-05T21:30:25.675437+00:00,World Bank API v2,https://api.worldbank.org/v2/country/AUS;BRA;CAN;CHE;DEU;ESP;FRA;GBR;GRC;IDN;IND;ITA;JPN;KOR;MEX;NLD;NOR;TUR;USA;ZAF/indicator/VC.IHR.PSRC.P5?format=json&date=1996:2024&per_page=20000,"Intentional homicides (per 100,000 people)",sha256:e9a648c0c7b58588f02986817d1638cb82d3073ee9615c0bb8913cf6ee17339f,OFFICIAL_API,VERIFIED,,False,False,World Bank published intentional-homicide rate.,0.708079443938776
84e9ec42-4c99-40a4-a69d-f85bcc0eda09,HARM,NOR,INTENTIONAL_HOMICIDE_RATE_PER_100K,0.63707658297604,PER_100K,2007-12-31,,2026-10-05T21:30:25.675437+00:00,World Bank API v2,https://api.worldbank.org/v2/country/AUS;BRA;CAN;CHE;DEU;ESP;FRA;GBR;GRC;IDN;IND;ITA;JPN;KOR;MEX;NLD;NOR;TUR;USA;ZAF/indicator/VC.IHR.PSRC.P5?format=json&date=1996:2024&per_page=20000,"Intentional homicides (per 100,000 people)",sha256:e9a648c0c7b58588f02986817d1638cb82d3073ee9615c0bb8913cf6ee17339f,OFFICIAL_API,VERIFIED,,False,False,World Bank published intentional-homicide rate.,0.63707658297604
aa49233b-63d6-4feb-b8e1-fb0ccd16472e,HARM,NOR,INTENTIONAL_HOMICIDE_RATE_PER_100K,0.713072143396291,PER_100K,2008-12-31,,2026-10-05T21:30:25.675437+00:00,World Bank API v2,https://api.worldbank.org/v2/country/AUS;BRA;CAN;CHE;DEU;ESP;FRA;GBR;GRC;IDN;IND;ITA;JPN;KOR;MEX;NLD;NOR;TUR;USA;ZAF/indicator/VC.IHR.PSRC.P5?format=json&date=1996:2024&per_page=20000,"Intentional homicides (per 100,000 people)",sha256:e9a648c0c7b58588f02986817d1638cb82d3073ee9615c0bb8913cf6ee17339f,OFFICIAL_API,VERIFIED,,False,False,World Bank published intentional-homicide rate.,0.713072143396291
d17ac9e4-748a-4576-b6c2-9f501968582c,HARM,NOR,INTENTIONAL_HOMICIDE_RATE_PER_100K,0.600585363631139,PER_100K,2009-12-31,,2026-10-05T21:30:25.675437+00:00,World Bank API v2,https://api.worldbank.org/v2/country/AUS;BRA;CAN;CHE;DEU;ESP;FRA;GBR;GRC;IDN;IND;ITA;JPN;KOR;MEX;NLD;NOR;TUR;USA;ZAF/indicator/VC.IHR.PSRC.P5?format=json&date=1996:2024&per_page=20000,"Intentional homicides (per 100,000 people)",sha256:e9a648c0c7b58588f02986817d1638cb82d3073ee9615c0bb8913cf6ee17339f,OFFICIAL_API,VERIFIED,,False,False,World Bank published intentional-homicide rate.,0.600585363631139
4a312c68-e58a-4692-b689-aa164d3711fa,HARM,NOR,INTENTIONAL_HOMICIDE_RATE_PER_100K,0.593148682739496,PER_100K,2010-12-31,,2026-10-05T21:30:25.675437+00:00,World Bank API v2,https://api.worldbank.org/v2/country/AUS;BRA;CAN;CHE;DEU;ESP;FRA;GBR;GRC;IDN;IND;ITA;JPN;KOR;MEX;NLD;NOR;TUR;USA;ZAF/indicator/VC.IHR.PSRC.P5?format=json&date=1996:2024&per_page=20000,"Intentional homicides (per 100,000 people)",sha256:e9a648c0c7b58588f02986817d1638cb82d3073ee9615c0bb8913cf6ee17339f,OFFICIAL_API,VERIFIED,,False,False,World Bank published intentional-homicide rate.,0.593148682739496
c2b16fac-24a0-4ee8-9380-fbce436c377b,HARM,NOR,INTENTIONAL_HOMICIDE_RATE_PER_100K,2.24108049961155,PER_100K,2011-12-31,,2026-10-05T21:30:25.675437+00:00,World Bank API v2,https://api.worldbank.org/v2/country/AUS;BRA;CAN;CHE;DEU;ESP;FRA;GBR;GRC;IDN;IND;ITA;JPN;KOR;MEX;NLD;NOR;TUR;USA;ZAF/indicator/VC.IHR.PSRC.P5?format=json&date=1996:2024&per_page=20000,"Intentional homicides (per 100,000 people)",sha256:e9a648c0c7b58588f02986817d1638cb82d3073ee9615c0bb8913cf6ee17339f,OFFICIAL_API,VERIFIED,,False,False,World Bank published intentional-homicide rate.,2.24108049961155
85b9fb2a-2ca7-404e-8cee-60793b0efe41,HARM,NOR,INTENTIONAL_HOMICIDE_RATE_PER_100K,0.538013921608383,PER_100K,2012-12-31,,2026-10-05T21:30:25.675437+00:00,World Bank API v2,https://api.worldbank.org/v2/country/AUS;BRA;CAN;CHE;DEU;ESP;FRA;GBR;GRC;IDN;IND;ITA;JPN;KOR;MEX;NLD;NOR;TUR;USA;ZAF/indicator/VC.IHR.PSRC.P5?format=json&date=1996:2024&per_page=20000,"Intentional homicides (per 100,000 people)",sha256:e9a648c0c7b58588f02986817d1638cb82d3073ee9615c0bb8913cf6ee17339f,OFFICIAL_API,VERIFIED,,False,False,World Bank published intentional-homicide rate.,0.538013921608383
8976e073-9497-4f5f-990e-c9da79a9bbaf,HARM,NOR,INTENTIONAL_HOMICIDE_RATE_PER_100K,0.905489619398107,PER_100K,2013-12-31,,2026-10-05T21:30:25.675437+00:00,World Bank API v2,https://api.worldbank.org/v2/country/AUS;BRA;CAN;CHE;DEU;ESP;FRA;GBR;GRC;IDN;IND;ITA;JPN;KOR;MEX;NLD;NOR;TUR;USA;ZAF/indicator/VC.IHR.PSRC.P5?format=json&date=1996:2024&per_page=20000,"Intentional homicides (per 100,000 people)",sha256:e9a648c0c7b58588f02986817d1638cb82d3073ee9615c0bb8913cf6ee17339f,OFFICIAL_API,VERIFIED,,False,False,World Bank published intentional-homicide rate.,0.905489619398107
6d050822-8026-408c-a629-35ae441ec4a3,HARM,NOR,INTENTIONAL_HOMICIDE_RATE_PER_100K,0.564488422634429,PER_100K,2014-12-31,,2026-10-05T21:30:25.675437+00:00,World Bank API v2,https://api.worldbank.org/v2/country/AUS;BRA;CAN;CHE;DEU;ESP;FRA;GBR;GRC;IDN;IND;ITA;JPN;KOR;MEX;NLD;NOR;TUR;USA;ZAF/indicator/VC.IHR.PSRC.P5?format=json&date=1996:2024&per_page=20000,"Intentional homicides (per 100,000 people)",sha256:e9a648c0c7b58588f02986817d1638cb82d3073ee9615c0bb8913cf6ee17339f,OFFICIAL_API,VERIFIED,,False,False,World Bank published intentional-homicide rate.,0.564488422634429
728b0d80-65e9-414e-9c50-007f8456faa7,HARM,NOR,INTENTIONAL_HOMICIDE_RATE_PER_100K,0.462448150409719,PER_100K,2015-12-31,,2026-10-05T21:30:25.675437+00:00,World Bank API v2,https://api.worldbank.org/v2/country/AUS;BRA;CAN;CHE;DEU;ESP;FRA;GBR;GRC;IDN;IND;ITA;JPN;KOR;MEX;NLD;NOR;TUR;USA;ZAF/indicator/VC.IHR.PSRC.P5?format=json&date=1996:2024&per_page=20000,"Intentional homicides (per 100,000 people)",sha256:e9a648c0c7b58588f02986817d1638cb82d3073ee9615c0bb8913cf6ee17339f,OFFICIAL_API,VERIFIED,,False,False,World Bank published intentional-homicide rate.,0.462448150409719
abe3854f-61c2-4753-8564-890164c77443,HARM,NOR,INTENTIONAL_HOMICIDE_RATE_PER_100K,0.515662484007301,PER_100K,2016-12-31,,2026-10-05T21:30:25.675437+00:00,World Bank API v2,https://api.worldbank.org/v2/country/AUS;BRA;CAN;CHE;DEU;ESP;FRA;GBR;GRC;IDN;IND;ITA;JPN;KOR;MEX;NLD;NOR;TUR;USA;ZAF/indicator/VC.IHR.PSRC.P5?format=json&date=1996:2024&per_page=20000,"Intentional homicides (per 100,000 people)",sha256:e9a648c0c7b58588f02986817d1638cb82d3073ee9615c0bb8913cf6ee17339f,OFFICIAL_API,VERIFIED,,False,False,World Bank published intentional-homicide rate.,0.515662484007301
c0869ef9-633e-4d39-912c-ef3e1ba4e33c,HARM,NOR,INTENTIONAL_HOMICIDE_RATE_PER_100K,0.530624369587454,PER_100K,2017-12-31,,2026-10-05T21:30:25.675437+00:00,World Bank API v2,https://api.worldbank.org/v2/country/AUS;BRA;CAN;CHE;DEU;ESP;FRA;GBR;GRC;IDN;IND;ITA;JPN;KOR;MEX;NLD;NOR;TUR;USA;ZAF/indicator/VC.IHR.PSRC.P5?format=json&date=1996:2024&per_page=20000,"Intentional homicides (per 100,000 people)",sha256:e9a648c0c7b58588f02986817d1638cb82d3073ee9615c0bb8913cf6ee17339f,OFFICIAL_API,VERIFIED,,False,False,World Bank published intentional-homicide rate.,0.530624369587454
1e07ec2e-97f2-4e3c-92af-bb2a7f725f93,HARM,NOR,INTENTIONAL_HOMICIDE_RATE_PER_100K,0.470654459145075,PER_100K,2018-12-31,,2026-10-05T21:30:25.675437+00:00,World Bank API v2,https://api.worldbank.org/v2/country/AUS;BRA;CAN;CHE;DEU;ESP;FRA;GBR;GRC;IDN;IND;ITA;JPN;KOR;MEX;NLD;NOR;TUR;USA;ZAF/indicator/VC.IHR.PSRC.P5?format=json&date=1996:2024&per_page=20000,"Intentional homicides (per 100,000 people)",sha256:e9a648c0c7b58588f02986817d1638cb82d3073ee9615c0bb8913cf6ee17339f,OFFICIAL_API,VERIFIED,,False,False,World Bank published intentional-homicide rate.,0.470654459145075
48e67cb6-aad9-4571-8f0a-f7f76fb0e51f,HARM,NOR,INTENTIONAL_HOMICIDE_RATE_PER_100K,0.523586594350632,PER_100K,2019-12-31,,2026-10-05T21:30:25.675437+00:00,World Bank API v2,https://api.worldbank.org/v2/country/AUS;BRA;CAN;CHE;DEU;ESP;FRA;GBR;GRC;IDN;IND;ITA;JPN;KOR;MEX;NLD;NOR;TUR;USA;ZAF/indicator/VC.IHR.PSRC.P5?format=json&date=1996:2024&per_page=20000,"Intentional homicides (per 100,000 people)",sha256:e9a648c0c7b58588f02986817d1638cb82d3073ee9615c0bb8913cf6ee17339f,OFFICIAL_API,VERIFIED,,False,False,World Bank published intentional-homicide rate.,0.523586594350632
86070d48-e97b-453b-be45-b061e81fbfc1,HARM,NOR,INTENTIONAL_HOMICIDE_RATE_PER_100K,0.576285998471727,PER_100K,2020-12-31,,2026-10-05T21:30:25.675437+00:00,World Bank API v2,https://api.worldbank.org/v2/country/AUS;BRA;CAN;CHE;DEU;ESP;FRA;GBR;GRC;IDN;IND;ITA;JPN;KOR;MEX;NLD;NOR;TUR;USA;ZAF/indicator/VC.IHR.PSRC.P5?format=json&date=1996:2024&per_page=20000,"Intentional homicides (per 100,000 people)",sha256:e9a648c0c7b58588f02986817d1638cb82d3073ee9615c0bb8913cf6ee17339f,OFFICIAL_API,VERIFIED,,False,False,World Bank published intentional-homicide rate.,0.576285998471727
4aafff29-bdce-4244-aece-d6e77a3667d1,HARM,NOR,INTENTIONAL_HOMICIDE_RATE_PER_100K,0.536233629966067,PER_100K,2021-12-31,,2026-10-05T21:30:25.675437+00:00,World Bank API v2,https://api.worldbank.org/v2/country/AUS;BRA;CAN;CHE;DEU;ESP;FRA;GBR;GRC;IDN;IND;ITA;JPN;KOR;MEX;NLD;NOR;TUR;USA;ZAF/indicator/VC.IHR.PSRC.P5?format=json&date=1996:2024&per_page=20000,"Intentional homicides (per 100,000 people)",sha256:e9a648c0c7b58588f02986817d1638cb82d3073ee9615c0bb8913cf6ee17339f,OFFICIAL_API,VERIFIED,,False,False,World Bank published intentional-homicide rate.,0.536233629966067
e3f1ac1c-0f13-4f6f-a592-90a75183a165,HARM,NOR,INTENTIONAL_HOMICIDE_RATE_PER_100K,0.549772609467286,PER_100K,2022-12-31,,2026-10-05T21:30:25.675437+00:00,World Bank API v2,https://api.worldbank.org/v2/country/AUS;BRA;CAN;CHE;DEU;ESP;FRA;GBR;GRC;IDN;IND;ITA;JPN;KOR;MEX;NLD;NOR;TUR;USA;ZAF/indicator/VC.IHR.PSRC.P5?format=json&date=1996:2024&per_page=20000,"Intentional homicides (per 100,000 people)",sha256:e9a648c0c7b58588f02986817d1638cb82d3073ee9615c0bb8913cf6ee17339f,OFFICIAL_API,VERIFIED,,False,False,World Bank published intentional-homicide rate.,0.549772609467286
cd58eae7-ef28-4484-9fd7-e5eb4c309680,HARM,NOR,INTENTIONAL_HOMICIDE_RATE_PER_100K,0.724747049690651,PER_100K,2023-12-31,,2026-10-05T21:30:25.675437+00:00,World Bank API v2,https://api.worldbank.org/v2/country/AUS;BRA;CAN;CHE;DEU;ESP;FRA;GBR;GRC;IDN;IND;ITA;JPN;KOR;MEX;NLD;NOR;TUR;USA;ZAF/indicator/VC.IHR.PSRC.P5?format=json&date=1996:2024&per_page=20000,"Intentional homicides (per 100,000 people)",sha256:e9a648c0c7b58588f02986817d1638cb82d3073ee9615c0bb8913cf6ee17339f,OFFICIAL_API,VERIFIED,,False,False,World Bank published intentional-homicide rate.,0.724747049690651
2c9a2a00-d1ab-46df-a0b8-e1759772c046,HARM,NOR,INTENTIONAL_HOMICIDE_RATE_PER_100K,,PER_100K,2024-12-31,,2026-10-05T21:30:25.739960+00:00,NO_SOURCE_VALUE,,No source value retrieved,,UNAVAILABLE,UNAVAILABLE,SOURCE_HAS_NO_VALUE_FOR_COUNTRY_YEAR,False,False,World Bank published intentional-homicide rate.,
f782131a-832e-4aca-9828-83eed52a643c,HARM,TUR,INTENTIONAL_HOMICIDE_RATE_PER_100K,,PER_100K,1996-12-31,,2026-10-05T21:30:25.739960+00:00,NO_SOURCE_VALUE,,No source value retrieved,,UNAVAILABLE,UNAVAILABLE,SOURCE_HAS_NO_VALUE_FOR_COUNTRY_YEAR,False,False,World Bank published intentional-homicide rate.,
e26e9f23-6a15-4d2b-9bf7-65a5db2ec08c,HARM,TUR,INTENTIONAL_HOMICIDE_RATE_PER_100K,,PER_100K,1997-12-31,,2026-10-05T21:30:25.739960+00:00,NO_SOURCE_VALUE,,No source value retrieved,,UNAVAILABLE,UNAVAILABLE,SOURCE_HAS_NO_VALUE_FOR_COUNTRY_YEAR,False,False,World Bank published intentional-homicide rate.,
b0885d7e-ff8c-4c8d-bd57-5d5ee812d3e3,HARM,TUR,INTENTIONAL_HOMICIDE_RATE_PER_100K,,PER_100K,1998-12-31,,2026-10-05T21:30:25.739960+00:00,NO_SOURCE_VALUE,,No source value retrieved,,UNAVAILABLE,UNAVAILABLE,SOURCE_HAS_NO_VALUE_FOR_COUNTRY_YEAR,False,False,World Bank published intentional-homicide rate.,
4fd181e8-f576-47fb-9941-dc6db5c8caeb,HARM,TUR,INTENTIONAL_HOMICIDE_RATE_PER_100K,,PER_100K,1999-12-31,,2026-10-05T21:30:25.739960+00:00,NO_SOURCE_VALUE,,No source value retrieved,,UNAVAILABLE,UNAVAILABLE,SOURCE_HAS_NO_VALUE_FOR_COUNTRY_YEAR,False,False,World Bank published intentional-homicide rate.,
ebcaf004-d158-45d0-a917-90bfec3d66bd,HARM,TUR,INTENTIONAL_HOMICIDE_RATE_PER_100K,,PER_100K,2000-12-31,,2026-10-05T21:30:25.739960+00:00,NO_SOURCE_VALUE,,No source value retrieved,,UNAVAILABLE,UNAVAILABLE,SOURCE_HAS_NO_VALUE_FOR_COUNTRY_YEAR,False,False,World Bank published intentional-homicide rate.,
2696df2b-bae2-43d2-b3ac-a440be8e4f99,HARM,TUR,INTENTIONAL_HOMICIDE_RATE_PER_100K,,PER_100K,2001-12-31,,2026-10-05T21:30:25.739960+00:00,NO_SOURCE_VALUE,,No source value retrieved,,UNAVAILABLE,UNAVAILABLE,SOURCE_HAS_NO_VALUE_FOR_COUNTRY_YEAR,False,False,World Bank published intentional-homicide rate.,
8cdd1966-539c-48c5-9019-e7045d022d0b,HARM,TUR,INTENTIONAL_HOMICIDE_RATE_PER_100K,,PER_100K,2002-12-31,,2026-10-05T21:30:25.740963+00:00,NO_SOURCE_VALUE,,No source value retrieved,,UNAVAILABLE,UNAVAILABLE,SOURCE_HAS_NO_VALUE_FOR_COUNTRY_YEAR,False,False,World Bank published intentional-homicide rate.,
47d6fdd3-bd0b-4f9d-9b1d-f1bb3888c44f,HARM,TUR,INTENTIONAL_HOMICIDE_RATE_PER_100K,4.18240847006562,PER_100K,2003-12-31,,2026-10-05T21:30:25.675437+00:00,World Bank API v2,https://api.worldbank.org/v2/country/AUS;BRA;CAN;CHE;DEU;ESP;FRA;GBR;GRC;IDN;IND;ITA;JPN;KOR;MEX;NLD;NOR;TUR;USA;ZAF/indicator/VC.IHR.PSRC.P5?format=json&date=1996:2024&per_page=20000,"Intentional homicides (per 100,000 people)",sha256:e9a648c0c7b58588f02986817d1638cb82d3073ee9615c0bb8913cf6ee17339f,OFFICIAL_API,VERIFIED,,False,False,World Bank published intentional-homicide rate.,4.18240847006562
6535864a-cf2b-41f2-a278-51bbe9a8986c,HARM,TUR,INTENTIONAL_HOMICIDE_RATE_PER_100K,4.24827062656029,PER_100K,2004-12-31,,2026-10-05T21:30:25.675437+00:00,World Bank API v2,https://api.worldbank.org/v2/country/AUS;BRA;CAN;CHE;DEU;ESP;FRA;GBR;GRC;IDN;IND;ITA;JPN;KOR;MEX;NLD;NOR;TUR;USA;ZAF/indicator/VC.IHR.PSRC.P5?format=json&date=1996:2024&per_page=20000,"Intentional homicides (per 100,000 people)",sha256:e9a648c0c7b58588f02986817d1638cb82d3073ee9615c0bb8913cf6ee17339f,OFFICIAL_API,VERIFIED,,False,False,World Bank published intentional-homicide rate.,4.24827062656029
52f48268-9a69-44b7-988d-b25e97fae375,HARM,TUR,INTENTIONAL_HOMICIDE_RATE_PER_100K,4.76708660324403,PER_100K,2005-12-31,,2026-10-05T21:30:25.675437+00:00,World Bank API v2,https://api.worldbank.org/v2/country/AUS;BRA;CAN;CHE;DEU;ESP;FRA;GBR;GRC;IDN;IND;ITA;JPN;KOR;MEX;NLD;NOR;TUR;USA;ZAF/indicator/VC.IHR.PSRC.P5?format=json&date=1996:2024&per_page=20000,"Intentional homicides (per 100,000 people)",sha256:e9a648c0c7b58588f02986817d1638cb82d3073ee9615c0bb8913cf6ee17339f,OFFICIAL_API,VERIFIED,,False,False,World Bank published intentional-homicide rate.,4.76708660324403
39999996-df37-467a-a2c7-367a2c3b8d9f,HARM,TUR,INTENTIONAL_HOMICIDE_RATE_PER_100K,4.52278419997034,PER_100K,2006-12-31,,2026-10-05T21:30:25.675437+00:00,World Bank API v2,https://api.worldbank.org/v2/country/AUS;BRA;CAN;CHE;DEU;ESP;FRA;GBR;GRC;IDN;IND;ITA;JPN;KOR;MEX;NLD;NOR;TUR;USA;ZAF/indicator/VC.IHR.PSRC.P5?format=json&date=1996:2024&per_page=20000,"Intentional homicides (per 100,000 people)",sha256:e9a648c0c7b58588f02986817d1638cb82d3073ee9615c0bb8913cf6ee17339f,OFFICIAL_API,VERIFIED,,False,False,World Bank published intentional-homicide rate.,4.52278419997034
9101413c-4786-4c06-afe3-459121ea483e,HARM,TUR,INTENTIONAL_HOMICIDE_RATE_PER_100K,5.08688366199539,PER_100K,2007-12-31,,2026-10-05T21:30:25.675437+00:00,World Bank API v2,https://api.worldbank.org/v2/country/AUS;BRA;CAN;CHE;DEU;ESP;FRA;GBR;GRC;IDN;IND;ITA;JPN;KOR;MEX;NLD;NOR;TUR;USA;ZAF/indicator/VC.IHR.PSRC.P5?format=json&date=1996:2024&per_page=20000,"Intentional homicides (per 100,000 people)",sha256:e9a648c0c7b58588f02986817d1638cb82d3073ee9615c0bb8913cf6ee17339f,OFFICIAL_API,VERIFIED,,False,False,World Bank published intentional-homicide rate.,5.08688366199539
ada2d910-78c3-43f1-82d3-bd0871bf4a1e,HARM,TUR,INTENTIONAL_HOMICIDE_RATE_PER_100K,4.55127664672389,PER_100K,2008-12-31,,2026-10-05T21:30:25.675437+00:00,World Bank API v2,https://api.worldbank.org/v2/country/AUS;BRA;CAN;CHE;DEU;ESP;FRA;GBR;GRC;IDN;IND;ITA;JPN;KOR;MEX;NLD;NOR;TUR;USA;ZAF/indicator/VC.IHR.PSRC.P5?format=json&date=1996:2024&per_page=20000,"Intentional homicides (per 100,000 people)",sha256:e9a648c0c7b58588f02986817d1638cb82d3073ee9615c0bb8913cf6ee17339f,OFFICIAL_API,VERIFIED,,False,False,World Bank published intentional-homicide rate.,4.55127664672389
72417f6d-276a-48d5-888b-0ed7dd181cd0,HARM,TUR,INTENTIONAL_HOMICIDE_RATE_PER_100K,,PER_100K,2009-12-31,,2026-10-05T21:30:25.740963+00:00,NO_SOURCE_VALUE,,No source value retrieved,,UNAVAILABLE,UNAVAILABLE,SOURCE_HAS_NO_VALUE_FOR_COUNTRY_YEAR,False,False,World Bank published intentional-homicide rate.,
f804adb4-ea28-4355-9665-1c03e74abd33,HARM,TUR,INTENTIONAL_HOMICIDE_RATE_PER_100K,4.17741645852185,PER_100K,2010-12-31,,2026-10-05T21:30:25.675437+00:00,World Bank API v2,https://api.worldbank.org/v2/country/AUS;BRA;CAN;CHE;DEU;ESP;FRA;GBR;GRC;IDN;IND;ITA;JPN;KOR;MEX;NLD;NOR;TUR;USA;ZAF/indicator/VC.IHR.PSRC.P5?format=json&date=1996:2024&per_page=20000,"Intentional homicides (per 100,000 people)",sha256:e9a648c0c7b58588f02986817d1638cb82d3073ee9615c0bb8913cf6ee17339f,OFFICIAL_API,VERIFIED,,False,False,World Bank published intentional-homicide rate.,4.17741645852185
abeedaf3-80f6-4800-9f2e-802993c99f2e,HARM,TUR,INTENTIONAL_HOMICIDE_RATE_PER_100K,4.1244918510834,PER_100K,2011-12-31,,2026-10-05T21:30:25.675437+00:00,World Bank API v2,https://api.worldbank.org/v2/country/AUS;BRA;CAN;CHE;DEU;ESP;FRA;GBR;GRC;IDN;IND;ITA;JPN;KOR;MEX;NLD;NOR;TUR;USA;ZAF/indicator/VC.IHR.PSRC.P5?format=json&date=1996:2024&per_page=20000,"Intentional homicides (per 100,000 people)",sha256:e9a648c0c7b58588f02986817d1638cb82d3073ee9615c0bb8913cf6ee17339f,OFFICIAL_API,VERIFIED,,False,False,World Bank published intentional-homicide rate.,4.1244918510834
7b72765b-af38-45e6-8e20-45575ce1b0eb,HARM,TUR,INTENTIONAL_HOMICIDE_RATE_PER_100K,4.27675507086876,PER_100K,2012-12-31,,2026-10-05T21:30:25.675437+00:00,World Bank API v2,https://api.worldbank.org/v2/country/AUS;BRA;CAN;CHE;DEU;ESP;FRA;GBR;GRC;IDN;IND;ITA;JPN;KOR;MEX;NLD;NOR;TUR;USA;ZAF/indicator/VC.IHR.PSRC.P5?format=json&date=1996:2024&per_page=20000,"Intentional homicides (per 100,000 people)",sha256:e9a648c0c7b58588f02986817d1638cb82d3073ee9615c0bb8913cf6ee17339f,OFFICIAL_API,VERIFIED,,False,False,World Bank published intentional-homicide rate.,4.27675507086876
7f97bf95-f631-4a52-adba-c14324e96af0,HARM,TUR,INTENTIONAL_HOMICIDE_RATE_PER_100K,,PER_100K,2013-12-31,,2026-10-05T21:30:25.741961+00:00,NO_SOURCE_VALUE,,No source value retrieved,,UNAVAILABLE,UNAVAILABLE,SOURCE_HAS_NO_VALUE_FOR_COUNTRY_YEAR,False,False,World Bank published intentional-homicide rate.,
cdb43e34-d65a-4ffb-a502-d9896c02faff,HARM,TUR,INTENTIONAL_HOMICIDE_RATE_PER_100K,,PER_100K,2014-12-31,,2026-10-05T21:30:25.741961+00:00,NO_SOURCE_VALUE,,No source value retrieved,,UNAVAILABLE,UNAVAILABLE,SOURCE_HAS_NO_VALUE_FOR_COUNTRY_YEAR,False,False,World Bank published intentional-homicide rate.,
b48eff44-a9f0-466f-ab05-a13e76d14333,HARM,TUR,INTENTIONAL_HOMICIDE_RATE_PER_100K,2.79325328973375,PER_100K,2015-12-31,,2026-10-05T21:30:25.675437+00:00,World Bank API v2,https://api.worldbank.org/v2/country/AUS;BRA;CAN;CHE;DEU;ESP;FRA;GBR;GRC;IDN;IND;ITA;JPN;KOR;MEX;NLD;NOR;TUR;USA;ZAF/indicator/VC.IHR.PSRC.P5?format=json&date=1996:2024&per_page=20000,"Intentional homicides (per 100,000 people)",sha256:e9a648c0c7b58588f02986817d1638cb82d3073ee9615c0bb8913cf6ee17339f,OFFICIAL_API,VERIFIED,,False,False,World Bank published intentional-homicide rate.,2.79325328973375
6903ae31-0001-4979-a959-7814e2ab9a19,HARM,TUR,INTENTIONAL_HOMICIDE_RATE_PER_100K,3.31161155785991,PER_100K,2016-12-31,,2026-10-05T21:30:25.675437+00:00,World Bank API v2,https://api.worldbank.org/v2/country/AUS;BRA;CAN;CHE;DEU;ESP;FRA;GBR;GRC;IDN;IND;ITA;JPN;KOR;MEX;NLD;NOR;TUR;USA;ZAF/indicator/VC.IHR.PSRC.P5?format=json&date=1996:2024&per_page=20000,"Intentional homicides (per 100,000 people)",sha256:e9a648c0c7b58588f02986817d1638cb82d3073ee9615c0bb8913cf6ee17339f,OFFICIAL_API,VERIFIED,,False,False,World Bank published intentional-homicide rate.,3.31161155785991
e38891a7-cc15-4f73-8f53-840a312a0e62,HARM,TUR,INTENTIONAL_HOMICIDE_RATE_PER_100K,3.05836302689691,PER_100K,2017-12-31,,2026-10-05T21:30:25.675437+00:00,World Bank API v2,https://api.worldbank.org/v2/country/AUS;BRA;CAN;CHE;DEU;ESP;FRA;GBR;GRC;IDN;IND;ITA;JPN;KOR;MEX;NLD;NOR;TUR;USA;ZAF/indicator/VC.IHR.PSRC.P5?format=json&date=1996:2024&per_page=20000,"Intentional homicides (per 100,000 people)",sha256:e9a648c0c7b58588f02986817d1638cb82d3073ee9615c0bb8913cf6ee17339f,OFFICIAL_API,VERIFIED,,False,False,World Bank published intentional-homicide rate.,3.05836302689691
cce90941-5b1a-4259-afd8-a84a9f9454ed,HARM,TUR,INTENTIONAL_HOMICIDE_RATE_PER_100K,2.55994219861376,PER_100K,2018-12-31,,2026-10-05T21:30:25.675437+00:00,World Bank API v2,https://api.worldbank.org/v2/country/AUS;BRA;CAN;CHE;DEU;ESP;FRA;GBR;GRC;IDN;IND;ITA;JPN;KOR;MEX;NLD;NOR;TUR;USA;ZAF/indicator/VC.IHR.PSRC.P5?format=json&date=1996:2024&per_page=20000,"Intentional homicides (per 100,000 people)",sha256:e9a648c0c7b58588f02986817d1638cb82d3073ee9615c0bb8913cf6ee17339f,OFFICIAL_API,VERIFIED,,False,False,World Bank published intentional-homicide rate.,2.55994219861376
7765070b-3349-4a16-9689-89e072e811a4,HARM,TUR,INTENTIONAL_HOMICIDE_RATE_PER_100K,2.39580104761995,PER_100K,2019-12-31,,2026-10-05T21:30:25.675437+00:00,World Bank API v2,https://api.worldbank.org/v2/country/AUS;BRA;CAN;CHE;DEU;ESP;FRA;GBR;GRC;IDN;IND;ITA;JPN;KOR;MEX;NLD;NOR;TUR;USA;ZAF/indicator/VC.IHR.PSRC.P5?format=json&date=1996:2024&per_page=20000,"Intentional homicides (per 100,000 people)",sha256:e9a648c0c7b58588f02986817d1638cb82d3073ee9615c0bb8913cf6ee17339f,OFFICIAL_API,VERIFIED,,False,False,World Bank published intentional-homicide rate.,2.39580104761995
2018c47d-dc8f-40ae-ac81-e6340e7567db,HARM,TUR,INTENTIONAL_HOMICIDE_RATE_PER_100K,2.49036807460102,PER_100K,2020-12-31,,2026-10-05T21:30:25.675437+00:00,World Bank API v2,https://api.worldbank.org/v2/country/AUS;BRA;CAN;CHE;DEU;ESP;FRA;GBR;GRC;IDN;IND;ITA;JPN;KOR;MEX;NLD;NOR;TUR;USA;ZAF/indicator/VC.IHR.PSRC.P5?format=json&date=1996:2024&per_page=20000,"Intentional homicides (per 100,000 people)",sha256:e9a648c0c7b58588f02986817d1638cb82d3073ee9615c0bb8913cf6ee17339f,OFFICIAL_API,VERIFIED,,False,False,World Bank published intentional-homicide rate.,2.49036807460102
679f9a88-a52e-4be0-b95d-c657286b58c3,HARM,TUR,INTENTIONAL_HOMICIDE_RATE_PER_100K,2.49751250926437,PER_100K,2021-12-31,,2026-10-05T21:30:25.675437+00:00,World Bank API v2,https://api.worldbank.org/v2/country/AUS;BRA;CAN;CHE;DEU;ESP;FRA;GBR;GRC;IDN;IND;ITA;JPN;KOR;MEX;NLD;NOR;TUR;USA;ZAF/indicator/VC.IHR.PSRC.P5?format=json&date=1996:2024&per_page=20000,"Intentional homicides (per 100,000 people)",sha256:e9a648c0c7b58588f02986817d1638cb82d3073ee9615c0bb8913cf6ee17339f,OFFICIAL_API,VERIFIED,,False,False,World Bank published intentional-homicide rate.,2.49751250926437
8964259d-a694-494b-b1be-71714a538941,HARM,TUR,INTENTIONAL_HOMICIDE_RATE_PER_100K,2.62122678525057,PER_100K,2022-12-31,,2026-10-05T21:30:25.675437+00:00,World Bank API v2,https://api.worldbank.org/v2/country/AUS;BRA;CAN;CHE;DEU;ESP;FRA;GBR;GRC;IDN;IND;ITA;JPN;KOR;MEX;NLD;NOR;TUR;USA;ZAF/indicator/VC.IHR.PSRC.P5?format=json&date=1996:2024&per_page=20000,"Intentional homicides (per 100,000 people)",sha256:e9a648c0c7b58588f02986817d1638cb82d3073ee9615c0bb8913cf6ee17339f,OFFICIAL_API,VERIFIED,,False,False,World Bank published intentional-homicide rate.,2.62122678525057
a79692ce-e45e-4b46-84dd-16d11e903218,HARM,TUR,INTENTIONAL_HOMICIDE_RATE_PER_100K,3.22789482308636,PER_100K,2023-12-31,,2026-10-05T21:30:25.675437+00:00,World Bank API v2,https://api.worldbank.org/v2/country/AUS;BRA;CAN;CHE;DEU;ESP;FRA;GBR;GRC;IDN;IND;ITA;JPN;KOR;MEX;NLD;NOR;TUR;USA;ZAF/indicator/VC.IHR.PSRC.P5?format=json&date=1996:2024&per_page=20000,"Intentional homicides (per 100,000 people)",sha256:e9a648c0c7b58588f02986817d1638cb82d3073ee9615c0bb8913cf6ee17339f,OFFICIAL_API,VERIFIED,,False,False,World Bank published intentional-homicide rate.,3.22789482308636
ed298060-8bb0-44d3-b19d-fac0518758fe,HARM,TUR,INTENTIONAL_HOMICIDE_RATE_PER_100K,,PER_100K,2024-12-31,,2026-10-05T21:30:25.742963+00:00,NO_SOURCE_VALUE,,No source value retrieved,,UNAVAILABLE,UNAVAILABLE,SOURCE_HAS_NO_VALUE_FOR_COUNTRY_YEAR,False,False,World Bank published intentional-homicide rate.,
2a75f737-c89b-4489-89bf-dcd598620092,HARM,USA,INTENTIONAL_HOMICIDE_RATE_PER_100K,7.25280570053619,PER_100K,1996-12-31,,2026-10-05T21:30:25.675437+00:00,World Bank API v2,https://api.worldbank.org/v2/country/AUS;BRA;CAN;CHE;DEU;ESP;FRA;GBR;GRC;IDN;IND;ITA;JPN;KOR;MEX;NLD;NOR;TUR;USA;ZAF/indicator/VC.IHR.PSRC.P5?format=json&date=1996:2024&per_page=20000,"Intentional homicides (per 100,000 people)",sha256:e9a648c0c7b58588f02986817d1638cb82d3073ee9615c0bb8913cf6ee17339f,OFFICIAL_API,VERIFIED,,False,False,World Bank published intentional-homicide rate.,7.25280570053619
b58a3eb5-9ea2-43ee-9a39-803c0a0eaec1,HARM,USA,INTENTIONAL_HOMICIDE_RATE_PER_100K,6.65818273718576,PER_100K,1997-12-31,,2026-10-05T21:30:25.675437+00:00,World Bank API v2,https://api.worldbank.org/v2/country/AUS;BRA;CAN;CHE;DEU;ESP;FRA;GBR;GRC;IDN;IND;ITA;JPN;KOR;MEX;NLD;NOR;TUR;USA;ZAF/indicator/VC.IHR.PSRC.P5?format=json&date=1996:2024&per_page=20000,"Intentional homicides (per 100,000 people)",sha256:e9a648c0c7b58588f02986817d1638cb82d3073ee9615c0bb8913cf6ee17339f,OFFICIAL_API,VERIFIED,,False,False,World Bank published intentional-homicide rate.,6.65818273718576
9c99252e-4a13-4a68-8cb8-300e4a056a4a,HARM,USA,INTENTIONAL_HOMICIDE_RATE_PER_100K,6.14734210977422,PER_100K,1998-12-31,,2026-10-05T21:30:25.675437+00:00,World Bank API v2,https://api.worldbank.org/v2/country/AUS;BRA;CAN;CHE;DEU;ESP;FRA;GBR;GRC;IDN;IND;ITA;JPN;KOR;MEX;NLD;NOR;TUR;USA;ZAF/indicator/VC.IHR.PSRC.P5?format=json&date=1996:2024&per_page=20000,"Intentional homicides (per 100,000 people)",sha256:e9a648c0c7b58588f02986817d1638cb82d3073ee9615c0bb8913cf6ee17339f,OFFICIAL_API,VERIFIED,,False,False,World Bank published intentional-homicide rate.,6.14734210977422
c4307631-733d-4622-9574-83bb24b9e2b6,HARM,USA,INTENTIONAL_HOMICIDE_RATE_PER_100K,5.56772173977322,PER_100K,1999-12-31,,2026-10-05T21:30:25.675437+00:00,World Bank API v2,https://api.worldbank.org/v2/country/AUS;BRA;CAN;CHE;DEU;ESP;FRA;GBR;GRC;IDN;IND;ITA;JPN;KOR;MEX;NLD;NOR;TUR;USA;ZAF/indicator/VC.IHR.PSRC.P5?format=json&date=1996:2024&per_page=20000,"Intentional homicides (per 100,000 people)",sha256:e9a648c0c7b58588f02986817d1638cb82d3073ee9615c0bb8913cf6ee17339f,OFFICIAL_API,VERIFIED,,False,False,World Bank published intentional-homicide rate.,5.56772173977322
a5c2254f-1586-4c2f-a437-bf34fdf62090,HARM,USA,INTENTIONAL_HOMICIDE_RATE_PER_100K,5.53707946956534,PER_100K,2000-12-31,,2026-10-05T21:30:25.675437+00:00,World Bank API v2,https://api.worldbank.org/v2/country/AUS;BRA;CAN;CHE;DEU;ESP;FRA;GBR;GRC;IDN;IND;ITA;JPN;KOR;MEX;NLD;NOR;TUR;USA;ZAF/indicator/VC.IHR.PSRC.P5?format=json&date=1996:2024&per_page=20000,"Intentional homicides (per 100,000 people)",sha256:e9a648c0c7b58588f02986817d1638cb82d3073ee9615c0bb8913cf6ee17339f,OFFICIAL_API,VERIFIED,,False,False,World Bank published intentional-homicide rate.,5.53707946956534
b108604a-069a-4c47-98fb-173623f552a0,HARM,USA,INTENTIONAL_HOMICIDE_RATE_PER_100K,6.69516821550341,PER_100K,2001-12-31,,2026-10-05T21:30:25.675437+00:00,World Bank API v2,https://api.worldbank.org/v2/country/AUS;BRA;CAN;CHE;DEU;ESP;FRA;GBR;GRC;IDN;IND;ITA;JPN;KOR;MEX;NLD;NOR;TUR;USA;ZAF/indicator/VC.IHR.PSRC.P5?format=json&date=1996:2024&per_page=20000,"Intentional homicides (per 100,000 people)",sha256:e9a648c0c7b58588f02986817d1638cb82d3073ee9615c0bb8913cf6ee17339f,OFFICIAL_API,VERIFIED,,False,False,World Bank published intentional-homicide rate.,6.69516821550341
d1d2bd1a-7b77-4bc7-97b9-4c131c595edb,HARM,USA,INTENTIONAL_HOMICIDE_RATE_PER_100K,5.65304262610104,PER_100K,2002-12-31,,2026-10-05T21:30:25.675437+00:00,World Bank API v2,https://api.worldbank.org/v2/country/AUS;BRA;CAN;CHE;DEU;ESP;FRA;GBR;GRC;IDN;IND;ITA;JPN;KOR;MEX;NLD;NOR;TUR;USA;ZAF/indicator/VC.IHR.PSRC.P5?format=json&date=1996:2024&per_page=20000,"Intentional homicides (per 100,000 people)",sha256:e9a648c0c7b58588f02986817d1638cb82d3073ee9615c0bb8913cf6ee17339f,OFFICIAL_API,VERIFIED,,False,False,World Bank published intentional-homicide rate.,5.65304262610104
d663b12a-7d4d-4a95-9dbc-f200c56fb50e,HARM,USA,INTENTIONAL_HOMICIDE_RATE_PER_100K,,PER_100K,2003-12-31,,2026-10-05T21:30:25.743960+00:00,NO_SOURCE_VALUE,,No source value retrieved,,UNAVAILABLE,UNAVAILABLE,SOURCE_HAS_NO_VALUE_FOR_COUNTRY_YEAR,False,False,World Bank published intentional-homicide rate.,
bf9c2097-954d-4f9c-968b-5c9a384e9ece,HARM,USA,INTENTIONAL_HOMICIDE_RATE_PER_100K,,PER_100K,2004-12-31,,2026-10-05T21:30:25.743960+00:00,NO_SOURCE_VALUE,,No source value retrieved,,UNAVAILABLE,UNAVAILABLE,SOURCE_HAS_NO_VALUE_FOR_COUNTRY_YEAR,False,False,World Bank published intentional-homicide rate.,
4e07f816-5e50-42e9-b00d-0561f2f9a4c7,HARM,USA,INTENTIONAL_HOMICIDE_RATE_PER_100K,,PER_100K,2005-12-31,,2026-10-05T21:30:25.743960+00:00,NO_SOURCE_VALUE,,No source value retrieved,,UNAVAILABLE,UNAVAILABLE,SOURCE_HAS_NO_VALUE_FOR_COUNTRY_YEAR,False,False,World Bank published intentional-homicide rate.,
5291fb89-1692-4c93-b963-a5fb01f4505c,HARM,USA,INTENTIONAL_HOMICIDE_RATE_PER_100K,5.79419136382991,PER_100K,2006-12-31,,2026-10-05T21:30:25.675437+00:00,World Bank API v2,https://api.worldbank.org/v2/country/AUS;BRA;CAN;CHE;DEU;ESP;FRA;GBR;GRC;IDN;IND;ITA;JPN;KOR;MEX;NLD;NOR;TUR;USA;ZAF/indicator/VC.IHR.PSRC.P5?format=json&date=1996:2024&per_page=20000,"Intentional homicides (per 100,000 people)",sha256:e9a648c0c7b58588f02986817d1638cb82d3073ee9615c0bb8913cf6ee17339f,OFFICIAL_API,VERIFIED,,False,False,World Bank published intentional-homicide rate.,5.79419136382991
e3c4cced-d7d8-46cf-a3aa-8356dfdb675f,HARM,USA,INTENTIONAL_HOMICIDE_RATE_PER_100K,5.67445011466685,PER_100K,2007-12-31,,2026-10-05T21:30:25.675437+00:00,World Bank API v2,https://api.worldbank.org/v2/country/AUS;BRA;CAN;CHE;DEU;ESP;FRA;GBR;GRC;IDN;IND;ITA;JPN;KOR;MEX;NLD;NOR;TUR;USA;ZAF/indicator/VC.IHR.PSRC.P5?format=json&date=1996:2024&per_page=20000,"Intentional homicides (per 100,000 people)",sha256:e9a648c0c7b58588f02986817d1638cb82d3073ee9615c0bb8913cf6ee17339f,OFFICIAL_API,VERIFIED,,False,False,World Bank published intentional-homicide rate.,5.67445011466685
94ac32ba-bbdb-4e1f-acac-fb7e3157ebb9,HARM,USA,INTENTIONAL_HOMICIDE_RATE_PER_100K,5.39888580801544,PER_100K,2008-12-31,,2026-10-05T21:30:25.675437+00:00,World Bank API v2,https://api.worldbank.org/v2/country/AUS;BRA;CAN;CHE;DEU;ESP;FRA;GBR;GRC;IDN;IND;ITA;JPN;KOR;MEX;NLD;NOR;TUR;USA;ZAF/indicator/VC.IHR.PSRC.P5?format=json&date=1996:2024&per_page=20000,"Intentional homicides (per 100,000 people)",sha256:e9a648c0c7b58588f02986817d1638cb82d3073ee9615c0bb8913cf6ee17339f,OFFICIAL_API,VERIFIED,,False,False,World Bank published intentional-homicide rate.,5.39888580801544
810af001-95fe-4a51-bf5f-e7380aa24aa5,HARM,USA,INTENTIONAL_HOMICIDE_RATE_PER_100K,4.9992946235203,PER_100K,2009-12-31,,2026-10-05T21:30:25.675437+00:00,World Bank API v2,https://api.worldbank.org/v2/country/AUS;BRA;CAN;CHE;DEU;ESP;FRA;GBR;GRC;IDN;IND;ITA;JPN;KOR;MEX;NLD;NOR;TUR;USA;ZAF/indicator/VC.IHR.PSRC.P5?format=json&date=1996:2024&per_page=20000,"Intentional homicides (per 100,000 people)",sha256:e9a648c0c7b58588f02986817d1638cb82d3073ee9615c0bb8913cf6ee17339f,OFFICIAL_API,VERIFIED,,False,False,World Bank published intentional-homicide rate.,4.9992946235203
f687a99f-d626-4051-b332-081ce4fffc96,HARM,USA,INTENTIONAL_HOMICIDE_RATE_PER_100K,4.73280651793807,PER_100K,2010-12-31,,2026-10-05T21:30:25.675437+00:00,World Bank API v2,https://api.worldbank.org/v2/country/AUS;BRA;CAN;CHE;DEU;ESP;FRA;GBR;GRC;IDN;IND;ITA;JPN;KOR;MEX;NLD;NOR;TUR;USA;ZAF/indicator/VC.IHR.PSRC.P5?format=json&date=1996:2024&per_page=20000,"Intentional homicides (per 100,000 people)",sha256:e9a648c0c7b58588f02986817d1638cb82d3073ee9615c0bb8913cf6ee17339f,OFFICIAL_API,VERIFIED,,False,False,World Bank published intentional-homicide rate.,4.73280651793807
6bf0b773-e410-4d67-9412-711ba099aa58,HARM,USA,INTENTIONAL_HOMICIDE_RATE_PER_100K,4.66754631709583,PER_100K,2011-12-31,,2026-10-05T21:30:25.675437+00:00,World Bank API v2,https://api.worldbank.org/v2/country/AUS;BRA;CAN;CHE;DEU;ESP;FRA;GBR;GRC;IDN;IND;ITA;JPN;KOR;MEX;NLD;NOR;TUR;USA;ZAF/indicator/VC.IHR.PSRC.P5?format=json&date=1996:2024&per_page=20000,"Intentional homicides (per 100,000 people)",sha256:e9a648c0c7b58588f02986817d1638cb82d3073ee9615c0bb8913cf6ee17339f,OFFICIAL_API,VERIFIED,,False,False,World Bank published intentional-homicide rate.,4.66754631709583
05052b75-7041-43de-98e7-0f323280e062,HARM,USA,INTENTIONAL_HOMICIDE_RATE_PER_100K,4.68473058437162,PER_100K,2012-12-31,,2026-10-05T21:30:25.675437+00:00,World Bank API v2,https://api.worldbank.org/v2/country/AUS;BRA;CAN;CHE;DEU;ESP;FRA;GBR;GRC;IDN;IND;ITA;JPN;KOR;MEX;NLD;NOR;TUR;USA;ZAF/indicator/VC.IHR.PSRC.P5?format=json&date=1996:2024&per_page=20000,"Intentional homicides (per 100,000 people)",sha256:e9a648c0c7b58588f02986817d1638cb82d3073ee9615c0bb8913cf6ee17339f,OFFICIAL_API,VERIFIED,,False,False,World Bank published intentional-homicide rate.,4.68473058437162
5fb54f4b-154f-479c-9fe8-ecfa6d402f0e,HARM,USA,INTENTIONAL_HOMICIDE_RATE_PER_100K,4.47313924865612,PER_100K,2013-12-31,,2026-10-05T21:30:25.675437+00:00,World Bank API v2,https://api.worldbank.org/v2/country/AUS;BRA;CAN;CHE;DEU;ESP;FRA;GBR;GRC;IDN;IND;ITA;JPN;KOR;MEX;NLD;NOR;TUR;USA;ZAF/indicator/VC.IHR.PSRC.P5?format=json&date=1996:2024&per_page=20000,"Intentional homicides (per 100,000 people)",sha256:e9a648c0c7b58588f02986817d1638cb82d3073ee9615c0bb8913cf6ee17339f,OFFICIAL_API,VERIFIED,,False,False,World Bank published intentional-homicide rate.,4.47313924865612
9a16b959-70af-49cd-9ff1-d51e0b877732,HARM,USA,INTENTIONAL_HOMICIDE_RATE_PER_100K,4.38357348743573,PER_100K,2014-12-31,,2026-10-05T21:30:25.675437+00:00,World Bank API v2,https://api.worldbank.org/v2/country/AUS;BRA;CAN;CHE;DEU;ESP;FRA;GBR;GRC;IDN;IND;ITA;JPN;KOR;MEX;NLD;NOR;TUR;USA;ZAF/indicator/VC.IHR.PSRC.P5?format=json&date=1996:2024&per_page=20000,"Intentional homicides (per 100,000 people)",sha256:e9a648c0c7b58588f02986817d1638cb82d3073ee9615c0bb8913cf6ee17339f,OFFICIAL_API,VERIFIED,,False,False,World Bank published intentional-homicide rate.,4.38357348743573
bb853603-715e-4e6f-8ced-46365c71b8dd,HARM,USA,INTENTIONAL_HOMICIDE_RATE_PER_100K,4.87019612648983,PER_100K,2015-12-31,,2026-10-05T21:30:25.675437+00:00,World Bank API v2,https://api.worldbank.org/v2/country/AUS;BRA;CAN;CHE;DEU;ESP;FRA;GBR;GRC;IDN;IND;ITA;JPN;KOR;MEX;NLD;NOR;TUR;USA;ZAF/indicator/VC.IHR.PSRC.P5?format=json&date=1996:2024&per_page=20000,"Intentional homicides (per 100,000 people)",sha256:e9a648c0c7b58588f02986817d1638cb82d3073ee9615c0bb8913cf6ee17339f,OFFICIAL_API,VERIFIED,,False,False,World Bank published intentional-homicide rate.,4.87019612648983
d4f23a38-67a2-43f4-94c7-123fb7fe47cf,HARM,USA,INTENTIONAL_HOMICIDE_RATE_PER_100K,5.28982026159524,PER_100K,2016-12-31,,2026-10-05T21:30:25.675437+00:00,World Bank API v2,https://api.worldbank.org/v2/country/AUS;BRA;CAN;CHE;DEU;ESP;FRA;GBR;GRC;IDN;IND;ITA;JPN;KOR;MEX;NLD;NOR;TUR;USA;ZAF/indicator/VC.IHR.PSRC.P5?format=json&date=1996:2024&per_page=20000,"Intentional homicides (per 100,000 people)",sha256:e9a648c0c7b58588f02986817d1638cb82d3073ee9615c0bb8913cf6ee17339f,OFFICIAL_API,VERIFIED,,False,False,World Bank published intentional-homicide rate.,5.28982026159524
692bcf31-3b4e-4b69-a4e8-6de04bd70c25,HARM,USA,INTENTIONAL_HOMICIDE_RATE_PER_100K,5.20582704229048,PER_100K,2017-12-31,,2026-10-05T21:30:25.675437+00:00,World Bank API v2,https://api.worldbank.org/v2/country/AUS;BRA;CAN;CHE;DEU;ESP;FRA;GBR;GRC;IDN;IND;ITA;JPN;KOR;MEX;NLD;NOR;TUR;USA;ZAF/indicator/VC.IHR.PSRC.P5?format=json&date=1996:2024&per_page=20000,"Intentional homicides (per 100,000 people)",sha256:e9a648c0c7b58588f02986817d1638cb82d3073ee9615c0bb8913cf6ee17339f,OFFICIAL_API,VERIFIED,,False,False,World Bank published intentional-homicide rate.,5.20582704229048
90dd66da-190f-4a5e-8c65-42e9244d44da,HARM,USA,INTENTIONAL_HOMICIDE_RATE_PER_100K,4.88693701574911,PER_100K,2018-12-31,,2026-10-05T21:30:25.675437+00:00,World Bank API v2,https://api.worldbank.org/v2/country/AUS;BRA;CAN;CHE;DEU;ESP;FRA;GBR;GRC;IDN;IND;ITA;JPN;KOR;MEX;NLD;NOR;TUR;USA;ZAF/indicator/VC.IHR.PSRC.P5?format=json&date=1996:2024&per_page=20000,"Intentional homicides (per 100,000 people)",sha256:e9a648c0c7b58588f02986817d1638cb82d3073ee9615c0bb8913cf6ee17339f,OFFICIAL_API,VERIFIED,,False,False,World Bank published intentional-homicide rate.,4.88693701574911
46875219-db4d-4a7f-b43b-f80fde34c397,HARM,USA,INTENTIONAL_HOMICIDE_RATE_PER_100K,4.93472178525416,PER_100K,2019-12-31,,2026-10-05T21:30:25.675437+00:00,World Bank API v2,https://api.worldbank.org/v2/country/AUS;BRA;CAN;CHE;DEU;ESP;FRA;GBR;GRC;IDN;IND;ITA;JPN;KOR;MEX;NLD;NOR;TUR;USA;ZAF/indicator/VC.IHR.PSRC.P5?format=json&date=1996:2024&per_page=20000,"Intentional homicides (per 100,000 people)",sha256:e9a648c0c7b58588f02986817d1638cb82d3073ee9615c0bb8913cf6ee17339f,OFFICIAL_API,VERIFIED,,False,False,World Bank published intentional-homicide rate.,4.93472178525416
ea5b2f4b-9ea6-4986-a139-76f3c51a3644,HARM,USA,INTENTIONAL_HOMICIDE_RATE_PER_100K,6.35465593745812,PER_100K,2020-12-31,,2026-10-05T21:30:25.675437+00:00,World Bank API v2,https://api.worldbank.org/v2/country/AUS;BRA;CAN;CHE;DEU;ESP;FRA;GBR;GRC;IDN;IND;ITA;JPN;KOR;MEX;NLD;NOR;TUR;USA;ZAF/indicator/VC.IHR.PSRC.P5?format=json&date=1996:2024&per_page=20000,"Intentional homicides (per 100,000 people)",sha256:e9a648c0c7b58588f02986817d1638cb82d3073ee9615c0bb8913cf6ee17339f,OFFICIAL_API,VERIFIED,,False,False,World Bank published intentional-homicide rate.,6.35465593745812
30df5fcf-4df1-48d5-a68e-36c37726bebc,HARM,USA,INTENTIONAL_HOMICIDE_RATE_PER_100K,6.77972198500888,PER_100K,2021-12-31,,2026-10-05T21:30:25.675437+00:00,World Bank API v2,https://api.worldbank.org/v2/country/AUS;BRA;CAN;CHE;DEU;ESP;FRA;GBR;GRC;IDN;IND;ITA;JPN;KOR;MEX;NLD;NOR;TUR;USA;ZAF/indicator/VC.IHR.PSRC.P5?format=json&date=1996:2024&per_page=20000,"Intentional homicides (per 100,000 people)",sha256:e9a648c0c7b58588f02986817d1638cb82d3073ee9615c0bb8913cf6ee17339f,OFFICIAL_API,VERIFIED,,False,False,World Bank published intentional-homicide rate.,6.77972198500888
909ffc00-5989-4ca5-9ae7-8be62767906f,HARM,USA,INTENTIONAL_HOMICIDE_RATE_PER_100K,6.51267429794199,PER_100K,2022-12-31,,2026-10-05T21:30:25.675437+00:00,World Bank API v2,https://api.worldbank.org/v2/country/AUS;BRA;CAN;CHE;DEU;ESP;FRA;GBR;GRC;IDN;IND;ITA;JPN;KOR;MEX;NLD;NOR;TUR;USA;ZAF/indicator/VC.IHR.PSRC.P5?format=json&date=1996:2024&per_page=20000,"Intentional homicides (per 100,000 people)",sha256:e9a648c0c7b58588f02986817d1638cb82d3073ee9615c0bb8913cf6ee17339f,OFFICIAL_API,VERIFIED,,False,False,World Bank published intentional-homicide rate.,6.51267429794199
316a515a-b6b9-435c-8371-07b85807f91b,HARM,USA,INTENTIONAL_HOMICIDE_RATE_PER_100K,5.76340794073065,PER_100K,2023-12-31,,2026-10-05T21:30:25.675437+00:00,World Bank API v2,https://api.worldbank.org/v2/country/AUS;BRA;CAN;CHE;DEU;ESP;FRA;GBR;GRC;IDN;IND;ITA;JPN;KOR;MEX;NLD;NOR;TUR;USA;ZAF/indicator/VC.IHR.PSRC.P5?format=json&date=1996:2024&per_page=20000,"Intentional homicides (per 100,000 people)",sha256:e9a648c0c7b58588f02986817d1638cb82d3073ee9615c0bb8913cf6ee17339f,OFFICIAL_API,VERIFIED,,False,False,World Bank published intentional-homicide rate.,5.76340794073065
d35556a7-d9fe-410b-af05-10c2e0394f41,HARM,USA,INTENTIONAL_HOMICIDE_RATE_PER_100K,,PER_100K,2024-12-31,,2026-10-05T21:30:25.746473+00:00,NO_SOURCE_VALUE,,No source value retrieved,,UNAVAILABLE,UNAVAILABLE,SOURCE_HAS_NO_VALUE_FOR_COUNTRY_YEAR,False,False,World Bank published intentional-homicide rate.,
57fe5de3-4fec-4e80-9b52-a6452991966c,HARM,ZAF,INTENTIONAL_HOMICIDE_RATE_PER_100K,56.4456925288109,PER_100K,1996-12-31,,2026-10-05T21:30:25.675437+00:00,World Bank API v2,https://api.worldbank.org/v2/country/AUS;BRA;CAN;CHE;DEU;ESP;FRA;GBR;GRC;IDN;IND;ITA;JPN;KOR;MEX;NLD;NOR;TUR;USA;ZAF/indicator/VC.IHR.PSRC.P5?format=json&date=1996:2024&per_page=20000,"Intentional homicides (per 100,000 people)",sha256:e9a648c0c7b58588f02986817d1638cb82d3073ee9615c0bb8913cf6ee17339f,OFFICIAL_API,VERIFIED,,False,False,World Bank published intentional-homicide rate.,56.4456925288109
168fdd72-f51b-4956-beb5-6dbdde92785a,HARM,ZAF,INTENTIONAL_HOMICIDE_RATE_PER_100K,53.6187769339318,PER_100K,1997-12-31,,2026-10-05T21:30:25.675437+00:00,World Bank API v2,https://api.worldbank.org/v2/country/AUS;BRA;CAN;CHE;DEU;ESP;FRA;GBR;GRC;IDN;IND;ITA;JPN;KOR;MEX;NLD;NOR;TUR;USA;ZAF/indicator/VC.IHR.PSRC.P5?format=json&date=1996:2024&per_page=20000,"Intentional homicides (per 100,000 people)",sha256:e9a648c0c7b58588f02986817d1638cb82d3073ee9615c0bb8913cf6ee17339f,OFFICIAL_API,VERIFIED,,False,False,World Bank published intentional-homicide rate.,53.6187769339318
2f52efff-7ead-4d21-b59c-c9f656adc8c8,HARM,ZAF,INTENTIONAL_HOMICIDE_RATE_PER_100K,54.3593478699825,PER_100K,1998-12-31,,2026-10-05T21:30:25.675437+00:00,World Bank API v2,https://api.worldbank.org/v2/country/AUS;BRA;CAN;CHE;DEU;ESP;FRA;GBR;GRC;IDN;IND;ITA;JPN;KOR;MEX;NLD;NOR;TUR;USA;ZAF/indicator/VC.IHR.PSRC.P5?format=json&date=1996:2024&per_page=20000,"Intentional homicides (per 100,000 people)",sha256:e9a648c0c7b58588f02986817d1638cb82d3073ee9615c0bb8913cf6ee17339f,OFFICIAL_API,VERIFIED,,False,False,World Bank published intentional-homicide rate.,54.3593478699825
da1c6ff2-8c57-47a3-909b-d6e39e0e7cd2,HARM,ZAF,INTENTIONAL_HOMICIDE_RATE_PER_100K,48.371149061953,PER_100K,1999-12-31,,2026-10-05T21:30:25.675437+00:00,World Bank API v2,https://api.worldbank.org/v2/country/AUS;BRA;CAN;CHE;DEU;ESP;FRA;GBR;GRC;IDN;IND;ITA;JPN;KOR;MEX;NLD;NOR;TUR;USA;ZAF/indicator/VC.IHR.PSRC.P5?format=json&date=1996:2024&per_page=20000,"Intentional homicides (per 100,000 people)",sha256:e9a648c0c7b58588f02986817d1638cb82d3073ee9615c0bb8913cf6ee17339f,OFFICIAL_API,VERIFIED,,False,False,World Bank published intentional-homicide rate.,48.371149061953
49ff6029-fa94-452e-9ff2-7d00d4f98c00,HARM,ZAF,INTENTIONAL_HOMICIDE_RATE_PER_100K,46.1368317963984,PER_100K,2000-12-31,,2026-10-05T21:30:25.675437+00:00,World Bank API v2,https://api.worldbank.org/v2/country/AUS;BRA;CAN;CHE;DEU;ESP;FRA;GBR;GRC;IDN;IND;ITA;JPN;KOR;MEX;NLD;NOR;TUR;USA;ZAF/indicator/VC.IHR.PSRC.P5?format=json&date=1996:2024&per_page=20000,"Intentional homicides (per 100,000 people)",sha256:e9a648c0c7b58588f02986817d1638cb82d3073ee9615c0bb8913cf6ee17339f,OFFICIAL_API,VERIFIED,,False,False,World Bank published intentional-homicide rate.,46.1368317963984
9f6ab400-d3b7-4e39-bab6-6a3800f630da,HARM,ZAF,INTENTIONAL_HOMICIDE_RATE_PER_100K,44.9998733885833,PER_100K,2001-12-31,,2026-10-05T21:30:25.675437+00:00,World Bank API v2,https://api.worldbank.org/v2/country/AUS;BRA;CAN;CHE;DEU;ESP;FRA;GBR;GRC;IDN;IND;ITA;JPN;KOR;MEX;NLD;NOR;TUR;USA;ZAF/indicator/VC.IHR.PSRC.P5?format=json&date=1996:2024&per_page=20000,"Intentional homicides (per 100,000 people)",sha256:e9a648c0c7b58588f02986817d1638cb82d3073ee9615c0bb8913cf6ee17339f,OFFICIAL_API,VERIFIED,,False,False,World Bank published intentional-homicide rate.,44.9998733885833
d18b275a-db67-4ac7-b8e0-9230c658ac7a,HARM,ZAF,INTENTIONAL_HOMICIDE_RATE_PER_100K,44.8839287192482,PER_100K,2002-12-31,,2026-10-05T21:30:25.675437+00:00,World Bank API v2,https://api.worldbank.org/v2/country/AUS;BRA;CAN;CHE;DEU;ESP;FRA;GBR;GRC;IDN;IND;ITA;JPN;KOR;MEX;NLD;NOR;TUR;USA;ZAF/indicator/VC.IHR.PSRC.P5?format=json&date=1996:2024&per_page=20000,"Intentional homicides (per 100,000 people)",sha256:e9a648c0c7b58588f02986817d1638cb82d3073ee9615c0bb8913cf6ee17339f,OFFICIAL_API,VERIFIED,,False,False,World Bank published intentional-homicide rate.,44.8839287192482
90f16d65-5ce7-4359-ab71-59ed37fd79de,HARM,ZAF,INTENTIONAL_HOMICIDE_RATE_PER_100K,40.8739335231162,PER_100K,2003-12-31,,2026-10-05T21:30:25.675437+00:00,World Bank API v2,https://api.worldbank.org/v2/country/AUS;BRA;CAN;CHE;DEU;ESP;FRA;GBR;GRC;IDN;IND;ITA;JPN;KOR;MEX;NLD;NOR;TUR;USA;ZAF/indicator/VC.IHR.PSRC.P5?format=json&date=1996:2024&per_page=20000,"Intentional homicides (per 100,000 people)",sha256:e9a648c0c7b58588f02986817d1638cb82d3073ee9615c0bb8913cf6ee17339f,OFFICIAL_API,VERIFIED,,False,False,World Bank published intentional-homicide rate.,40.8739335231162
238191ed-b29b-40ee-a89e-8197627beb28,HARM,ZAF,INTENTIONAL_HOMICIDE_RATE_PER_100K,38.3597777084255,PER_100K,2004-12-31,,2026-10-05T21:30:25.675437+00:00,World Bank API v2,https://api.worldbank.org/v2/country/AUS;BRA;CAN;CHE;DEU;ESP;FRA;GBR;GRC;IDN;IND;ITA;JPN;KOR;MEX;NLD;NOR;TUR;USA;ZAF/indicator/VC.IHR.PSRC.P5?format=json&date=1996:2024&per_page=20000,"Intentional homicides (per 100,000 people)",sha256:e9a648c0c7b58588f02986817d1638cb82d3073ee9615c0bb8913cf6ee17339f,OFFICIAL_API,VERIFIED,,False,False,World Bank published intentional-homicide rate.,38.3597777084255
cc61fda0-f0c6-48ee-b64a-eeb988698a67,HARM,ZAF,INTENTIONAL_HOMICIDE_RATE_PER_100K,37.4378416502353,PER_100K,2005-12-31,,2026-10-05T21:30:25.675437+00:00,World Bank API v2,https://api.worldbank.org/v2/country/AUS;BRA;CAN;CHE;DEU;ESP;FRA;GBR;GRC;IDN;IND;ITA;JPN;KOR;MEX;NLD;NOR;TUR;USA;ZAF/indicator/VC.IHR.PSRC.P5?format=json&date=1996:2024&per_page=20000,"Intentional homicides (per 100,000 people)",sha256:e9a648c0c7b58588f02986817d1638cb82d3073ee9615c0bb8913cf6ee17339f,OFFICIAL_API,VERIFIED,,False,False,World Bank published intentional-homicide rate.,37.4378416502353
2cd7965d-ab36-49fd-b206-579b15573fb1,HARM,ZAF,INTENTIONAL_HOMICIDE_RATE_PER_100K,38.213316830898,PER_100K,2006-12-31,,2026-10-05T21:30:25.675437+00:00,World Bank API v2,https://api.worldbank.org/v2/country/AUS;BRA;CAN;CHE;DEU;ESP;FRA;GBR;GRC;IDN;IND;ITA;JPN;KOR;MEX;NLD;NOR;TUR;USA;ZAF/indicator/VC.IHR.PSRC.P5?format=json&date=1996:2024&per_page=20000,"Intentional homicides (per 100,000 people)",sha256:e9a648c0c7b58588f02986817d1638cb82d3073ee9615c0bb8913cf6ee17339f,OFFICIAL_API,VERIFIED,,False,False,World Bank published intentional-homicide rate.,38.213316830898
0b84a16d-5655-4eb0-8c93-2a05f04a7842,HARM,ZAF,INTENTIONAL_HOMICIDE_RATE_PER_100K,36.4150322955323,PER_100K,2007-12-31,,2026-10-05T21:30:25.675437+00:00,World Bank API v2,https://api.worldbank.org/v2/country/AUS;BRA;CAN;CHE;DEU;ESP;FRA;GBR;GRC;IDN;IND;ITA;JPN;KOR;MEX;NLD;NOR;TUR;USA;ZAF/indicator/VC.IHR.PSRC.P5?format=json&date=1996:2024&per_page=20000,"Intentional homicides (per 100,000 people)",sha256:e9a648c0c7b58588f02986817d1638cb82d3073ee9615c0bb8913cf6ee17339f,OFFICIAL_API,VERIFIED,,False,False,World Bank published intentional-homicide rate.,36.4150322955323
c66f627e-3ba2-42f4-bec8-5c47ecf615cd,HARM,ZAF,INTENTIONAL_HOMICIDE_RATE_PER_100K,35.379325145242,PER_100K,2008-12-31,,2026-10-05T21:30:25.675437+00:00,World Bank API v2,https://api.worldbank.org/v2/country/AUS;BRA;CAN;CHE;DEU;ESP;FRA;GBR;GRC;IDN;IND;ITA;JPN;KOR;MEX;NLD;NOR;TUR;USA;ZAF/indicator/VC.IHR.PSRC.P5?format=json&date=1996:2024&per_page=20000,"Intentional homicides (per 100,000 people)",sha256:e9a648c0c7b58588f02986817d1638cb82d3073ee9615c0bb8913cf6ee17339f,OFFICIAL_API,VERIFIED,,False,False,World Bank published intentional-homicide rate.,35.379325145242
cf3e9291-cd6c-484b-9159-784df797cf1a,HARM,ZAF,INTENTIONAL_HOMICIDE_RATE_PER_100K,32.4134564386112,PER_100K,2009-12-31,,2026-10-05T21:30:25.675437+00:00,World Bank API v2,https://api.worldbank.org/v2/country/AUS;BRA;CAN;CHE;DEU;ESP;FRA;GBR;GRC;IDN;IND;ITA;JPN;KOR;MEX;NLD;NOR;TUR;USA;ZAF/indicator/VC.IHR.PSRC.P5?format=json&date=1996:2024&per_page=20000,"Intentional homicides (per 100,000 people)",sha256:e9a648c0c7b58588f02986817d1638cb82d3073ee9615c0bb8913cf6ee17339f,OFFICIAL_API,VERIFIED,,False,False,World Bank published intentional-homicide rate.,32.4134564386112
976ce262-a42d-42aa-9195-c15e05cf7f74,HARM,ZAF,INTENTIONAL_HOMICIDE_RATE_PER_100K,30.3625716702744,PER_100K,2010-12-31,,2026-10-05T21:30:25.675437+00:00,World Bank API v2,https://api.worldbank.org/v2/country/AUS;BRA;CAN;CHE;DEU;ESP;FRA;GBR;GRC;IDN;IND;ITA;JPN;KOR;MEX;NLD;NOR;TUR;USA;ZAF/indicator/VC.IHR.PSRC.P5?format=json&date=1996:2024&per_page=20000,"Intentional homicides (per 100,000 people)",sha256:e9a648c0c7b58588f02986817d1638cb82d3073ee9615c0bb8913cf6ee17339f,OFFICIAL_API,VERIFIED,,False,False,World Bank published intentional-homicide rate.,30.3625716702744
8727f704-fbe3-470f-b35e-a8a6cba6b5fd,HARM,ZAF,INTENTIONAL_HOMICIDE_RATE_PER_100K,29.3498251398405,PER_100K,2011-12-31,,2026-10-05T21:30:25.675437+00:00,World Bank API v2,https://api.worldbank.org/v2/country/AUS;BRA;CAN;CHE;DEU;ESP;FRA;GBR;GRC;IDN;IND;ITA;JPN;KOR;MEX;NLD;NOR;TUR;USA;ZAF/indicator/VC.IHR.PSRC.P5?format=json&date=1996:2024&per_page=20000,"Intentional homicides (per 100,000 people)",sha256:e9a648c0c7b58588f02986817d1638cb82d3073ee9615c0bb8913cf6ee17339f,OFFICIAL_API,VERIFIED,,False,False,World Bank published intentional-homicide rate.,29.3498251398405
d70840ed-b8ab-40f6-9c1b-696e2d451830,HARM,ZAF,INTENTIONAL_HOMICIDE_RATE_PER_100K,30.1454561488805,PER_100K,2012-12-31,,2026-10-05T21:30:25.675437+00:00,World Bank API v2,https://api.worldbank.org/v2/country/AUS;BRA;CAN;CHE;DEU;ESP;FRA;GBR;GRC;IDN;IND;ITA;JPN;KOR;MEX;NLD;NOR;TUR;USA;ZAF/indicator/VC.IHR.PSRC.P5?format=json&date=1996:2024&per_page=20000,"Intentional homicides (per 100,000 people)",sha256:e9a648c0c7b58588f02986817d1638cb82d3073ee9615c0bb8913cf6ee17339f,OFFICIAL_API,VERIFIED,,False,False,World Bank published intentional-homicide rate.,30.1454561488805
88279920-868f-467f-b7e8-7f918a4baa11,HARM,ZAF,INTENTIONAL_HOMICIDE_RATE_PER_100K,31.132729039924,PER_100K,2013-12-31,,2026-10-05T21:30:25.675437+00:00,World Bank API v2,https://api.worldbank.org/v2/country/AUS;BRA;CAN;CHE;DEU;ESP;FRA;GBR;GRC;IDN;IND;ITA;JPN;KOR;MEX;NLD;NOR;TUR;USA;ZAF/indicator/VC.IHR.PSRC.P5?format=json&date=1996:2024&per_page=20000,"Intentional homicides (per 100,000 people)",sha256:e9a648c0c7b58588f02986817d1638cb82d3073ee9615c0bb8913cf6ee17339f,OFFICIAL_API,VERIFIED,,False,False,World Bank published intentional-homicide rate.,31.132729039924
b4c413a1-1eb1-4b65-8768-c823e60e3f2a,HARM,ZAF,INTENTIONAL_HOMICIDE_RATE_PER_100K,32.026354388996,PER_100K,2014-12-31,,2026-10-05T21:30:25.675437+00:00,World Bank API v2,https://api.worldbank.org/v2/country/AUS;BRA;CAN;CHE;DEU;ESP;FRA;GBR;GRC;IDN;IND;ITA;JPN;KOR;MEX;NLD;NOR;TUR;USA;ZAF/indicator/VC.IHR.PSRC.P5?format=json&date=1996:2024&per_page=20000,"Intentional homicides (per 100,000 people)",sha256:e9a648c0c7b58588f02986817d1638cb82d3073ee9615c0bb8913cf6ee17339f,OFFICIAL_API,VERIFIED,,False,False,World Bank published intentional-homicide rate.,32.026354388996
e79cc95a-4ee7-4f5a-b6d7-e63e3e1fa0a5,HARM,ZAF,INTENTIONAL_HOMICIDE_RATE_PER_100K,32.9193156001477,PER_100K,2015-12-31,,2026-10-05T21:30:25.675437+00:00,World Bank API v2,https://api.worldbank.org/v2/country/AUS;BRA;CAN;CHE;DEU;ESP;FRA;GBR;GRC;IDN;IND;ITA;JPN;KOR;MEX;NLD;NOR;TUR;USA;ZAF/indicator/VC.IHR.PSRC.P5?format=json&date=1996:2024&per_page=20000,"Intentional homicides (per 100,000 people)",sha256:e9a648c0c7b58588f02986817d1638cb82d3073ee9615c0bb8913cf6ee17339f,OFFICIAL_API,VERIFIED,,False,False,World Bank published intentional-homicide rate.,32.9193156001477
8642099b-fbce-4460-961a-c1d2d53f26c4,HARM,ZAF,INTENTIONAL_HOMICIDE_RATE_PER_100K,33.2101800798263,PER_100K,2016-12-31,,2026-10-05T21:30:25.675437+00:00,World Bank API v2,https://api.worldbank.org/v2/country/AUS;BRA;CAN;CHE;DEU;ESP;FRA;GBR;GRC;IDN;IND;ITA;JPN;KOR;MEX;NLD;NOR;TUR;USA;ZAF/indicator/VC.IHR.PSRC.P5?format=json&date=1996:2024&per_page=20000,"Intentional homicides (per 100,000 people)",sha256:e9a648c0c7b58588f02986817d1638cb82d3073ee9615c0bb8913cf6ee17339f,OFFICIAL_API,VERIFIED,,False,False,World Bank published intentional-homicide rate.,33.2101800798263
8f9cb32e-e228-466d-a82b-4b15c48d9412,HARM,ZAF,INTENTIONAL_HOMICIDE_RATE_PER_100K,35.2840163787516,PER_100K,2017-12-31,,2026-10-05T21:30:25.675437+00:00,World Bank API v2,https://api.worldbank.org/v2/country/AUS;BRA;CAN;CHE;DEU;ESP;FRA;GBR;GRC;IDN;IND;ITA;JPN;KOR;MEX;NLD;NOR;TUR;USA;ZAF/indicator/VC.IHR.PSRC.P5?format=json&date=1996:2024&per_page=20000,"Intentional homicides (per 100,000 people)",sha256:e9a648c0c7b58588f02986817d1638cb82d3073ee9615c0bb8913cf6ee17339f,OFFICIAL_API,VERIFIED,,False,False,World Bank published intentional-homicide rate.,35.2840163787516
58b3e7a8-79ef-42ac-a63e-dee8344f345e,HARM,ZAF,INTENTIONAL_HOMICIDE_RATE_PER_100K,35.8657632618552,PER_100K,2018-12-31,,2026-10-05T21:30:25.675437+00:00,World Bank API v2,https://api.worldbank.org/v2/country/AUS;BRA;CAN;CHE;DEU;ESP;FRA;GBR;GRC;IDN;IND;ITA;JPN;KOR;MEX;NLD;NOR;TUR;USA;ZAF/indicator/VC.IHR.PSRC.P5?format=json&date=1996:2024&per_page=20000,"Intentional homicides (per 100,000 people)",sha256:e9a648c0c7b58588f02986817d1638cb82d3073ee9615c0bb8913cf6ee17339f,OFFICIAL_API,VERIFIED,,False,False,World Bank published intentional-homicide rate.,35.8657632618552
0c656afa-e8a1-445b-bfdc-d4ea622d2349,HARM,ZAF,INTENTIONAL_HOMICIDE_RATE_PER_100K,35.7874756270719,PER_100K,2019-12-31,,2026-10-05T21:30:25.675437+00:00,World Bank API v2,https://api.worldbank.org/v2/country/AUS;BRA;CAN;CHE;DEU;ESP;FRA;GBR;GRC;IDN;IND;ITA;JPN;KOR;MEX;NLD;NOR;TUR;USA;ZAF/indicator/VC.IHR.PSRC.P5?format=json&date=1996:2024&per_page=20000,"Intentional homicides (per 100,000 people)",sha256:e9a648c0c7b58588f02986817d1638cb82d3073ee9615c0bb8913cf6ee17339f,OFFICIAL_API,VERIFIED,,False,False,World Bank published intentional-homicide rate.,35.7874756270719
2f2208b2-8517-435e-ba2b-91e738d60a86,HARM,ZAF,INTENTIONAL_HOMICIDE_RATE_PER_100K,32.9775673780065,PER_100K,2020-12-31,,2026-10-05T21:30:25.675437+00:00,World Bank API v2,https://api.worldbank.org/v2/country/AUS;BRA;CAN;CHE;DEU;ESP;FRA;GBR;GRC;IDN;IND;ITA;JPN;KOR;MEX;NLD;NOR;TUR;USA;ZAF/indicator/VC.IHR.PSRC.P5?format=json&date=1996:2024&per_page=20000,"Intentional homicides (per 100,000 people)",sha256:e9a648c0c7b58588f02986817d1638cb82d3073ee9615c0bb8913cf6ee17339f,OFFICIAL_API,VERIFIED,,False,False,World Bank published intentional-homicide rate.,32.9775673780065
be4129cd-6b96-4220-a794-4a767d5335f2,HARM,ZAF,INTENTIONAL_HOMICIDE_RATE_PER_100K,40.9429825270973,PER_100K,2021-12-31,,2026-10-05T21:30:25.675437+00:00,World Bank API v2,https://api.worldbank.org/v2/country/AUS;BRA;CAN;CHE;DEU;ESP;FRA;GBR;GRC;IDN;IND;ITA;JPN;KOR;MEX;NLD;NOR;TUR;USA;ZAF/indicator/VC.IHR.PSRC.P5?format=json&date=1996:2024&per_page=20000,"Intentional homicides (per 100,000 people)",sha256:e9a648c0c7b58588f02986817d1638cb82d3073ee9615c0bb8913cf6ee17339f,OFFICIAL_API,VERIFIED,,False,False,World Bank published intentional-homicide rate.,40.9429825270973
1147cffb-8d9a-4020-a8b4-1498aa6b98a0,HARM,ZAF,INTENTIONAL_HOMICIDE_RATE_PER_100K,43.7202551331462,PER_100K,2022-12-31,,2026-10-05T21:30:25.675437+00:00,World Bank API v2,https://api.worldbank.org/v2/country/AUS;BRA;CAN;CHE;DEU;ESP;FRA;GBR;GRC;IDN;IND;ITA;JPN;KOR;MEX;NLD;NOR;TUR;USA;ZAF/indicator/VC.IHR.PSRC.P5?format=json&date=1996:2024&per_page=20000,"Intentional homicides (per 100,000 people)",sha256:e9a648c0c7b58588f02986817d1638cb82d3073ee9615c0bb8913cf6ee17339f,OFFICIAL_API,VERIFIED,,False,False,World Bank published intentional-homicide rate.,43.7202551331462
8801a380-3adf-4a00-82cd-04af4a69de71,HARM,ZAF,INTENTIONAL_HOMICIDE_RATE_PER_100K,,PER_100K,2023-12-31,,2026-10-05T21:30:25.749475+00:00,NO_SOURCE_VALUE,,No source value retrieved,,UNAVAILABLE,UNAVAILABLE,SOURCE_HAS_NO_VALUE_FOR_COUNTRY_YEAR,False,False,World Bank published intentional-homicide rate.,
b13abb8f-0235-46b3-a02b-a326d9f0dcf3,HARM,ZAF,INTENTIONAL_HOMICIDE_RATE_PER_100K,,PER_100K,2024-12-31,,2026-10-05T21:30:25.749475+00:00,NO_SOURCE_VALUE,,No source value retrieved,,UNAVAILABLE,UNAVAILABLE,SOURCE_HAS_NO_VALUE_FOR_COUNTRY_YEAR,False,False,World Bank published intentional-homicide rate.,
30f824b5-f3ca-45af-90df-03a5e7ead9b1,HARM,AUS,INTENTIONAL_HOMICIDE_COUNT,,PERSONS,1996-12-31,,2026-10-05T21:30:26.183972+00:00,NO_SOURCE_VALUE,,No source value retrieved,,UNAVAILABLE,UNAVAILABLE,SOURCE_DOWNLOAD_OR_SCHEMA_FAILURE,False,False,World Bank published intentional-homicide count.,
d63a01bd-70e1-41d0-b35a-467ecee6412a,HARM,AUS,INTENTIONAL_HOMICIDE_COUNT,,PERSONS,1997-12-31,,2026-10-05T21:30:26.183972+00:00,NO_SOURCE_VALUE,,No source value retrieved,,UNAVAILABLE,UNAVAILABLE,SOURCE_DOWNLOAD_OR_SCHEMA_FAILURE,False,False,World Bank published intentional-homicide count.,
2ce2ba98-e8aa-4241-8f7d-5479b109c834,HARM,AUS,INTENTIONAL_HOMICIDE_COUNT,,PERSONS,1998-12-31,,2026-10-05T21:30:26.183972+00:00,NO_SOURCE_VALUE,,No source value retrieved,,UNAVAILABLE,UNAVAILABLE,SOURCE_DOWNLOAD_OR_SCHEMA_FAILURE,False,False,World Bank published intentional-homicide count.,
2dbbf3d4-c098-469f-9b81-6632ae7f8c0b,HARM,AUS,INTENTIONAL_HOMICIDE_COUNT,,PERSONS,1999-12-31,,2026-10-05T21:30:26.183972+00:00,NO_SOURCE_VALUE,,No source value retrieved,,UNAVAILABLE,UNAVAILABLE,SOURCE_DOWNLOAD_OR_SCHEMA_FAILURE,False,False,World Bank published intentional-homicide count.,
90471eeb-3e5b-4915-8624-44523fbca231,HARM,AUS,INTENTIONAL_HOMICIDE_COUNT,,PERSONS,2000-12-31,,2026-10-05T21:30:26.183972+00:00,NO_SOURCE_VALUE,,No source value retrieved,,UNAVAILABLE,UNAVAILABLE,SOURCE_DOWNLOAD_OR_SCHEMA_FAILURE,False,False,World Bank published intentional-homicide count.,
82407ee8-e8d1-4658-a325-37d7d60e1a17,HARM,AUS,INTENTIONAL_HOMICIDE_COUNT,,PERSONS,2001-12-31,,2026-10-05T21:30:26.183972+00:00,NO_SOURCE_VALUE,,No source value retrieved,,UNAVAILABLE,UNAVAILABLE,SOURCE_DOWNLOAD_OR_SCHEMA_FAILURE,False,False,World Bank published intentional-homicide count.,
a6960d83-1d01-4d57-85a4-674b74fb06fa,HARM,AUS,INTENTIONAL_HOMICIDE_COUNT,,PERSONS,2002-12-31,,2026-10-05T21:30:26.183972+00:00,NO_SOURCE_VALUE,,No source value retrieved,,UNAVAILABLE,UNAVAILABLE,SOURCE_DOWNLOAD_OR_SCHEMA_FAILURE,False,False,World Bank published intentional-homicide count.,
48afac20-740a-4d8c-aeb6-ae98521ad983,HARM,AUS,INTENTIONAL_HOMICIDE_COUNT,,PERSONS,2003-12-31,,2026-10-05T21:30:26.183972+00:00,NO_SOURCE_VALUE,,No source value retrieved,,UNAVAILABLE,UNAVAILABLE,SOURCE_DOWNLOAD_OR_SCHEMA_FAILURE,False,False,World Bank published intentional-homicide count.,
4b35b4f8-7e49-4b79-8ce3-ace1fc845259,HARM,AUS,INTENTIONAL_HOMICIDE_COUNT,,PERSONS,2004-12-31,,2026-10-05T21:30:26.183972+00:00,NO_SOURCE_VALUE,,No source value retrieved,,UNAVAILABLE,UNAVAILABLE,SOURCE_DOWNLOAD_OR_SCHEMA_FAILURE,False,False,World Bank published intentional-homicide count.,
a3819da3-17c5-498c-9b2d-f003c4f712fc,HARM,AUS,INTENTIONAL_HOMICIDE_COUNT,,PERSONS,2005-12-31,,2026-10-05T21:30:26.183972+00:00,NO_SOURCE_VALUE,,No source value retrieved,,UNAVAILABLE,UNAVAILABLE,SOURCE_DOWNLOAD_OR_SCHEMA_FAILURE,False,False,World Bank published intentional-homicide count.,
6b200cdf-0de1-4c89-bad2-c388a7eef9f3,HARM,AUS,INTENTIONAL_HOMICIDE_COUNT,,PERSONS,2006-12-31,,2026-10-05T21:30:26.183972+00:00,NO_SOURCE_VALUE,,No source value retrieved,,UNAVAILABLE,UNAVAILABLE,SOURCE_DOWNLOAD_OR_SCHEMA_FAILURE,False,False,World Bank published intentional-homicide count.,
f66ef269-e6f0-47b3-abac-9d133ce8f436,HARM,AUS,INTENTIONAL_HOMICIDE_COUNT,,PERSONS,2007-12-31,,2026-10-05T21:30:26.183972+00:00,NO_SOURCE_VALUE,,No source value retrieved,,UNAVAILABLE,UNAVAILABLE,SOURCE_DOWNLOAD_OR_SCHEMA_FAILURE,False,False,World Bank published intentional-homicide count.,
043fe609-480b-455e-909f-a72041768b6e,HARM,AUS,INTENTIONAL_HOMICIDE_COUNT,,PERSONS,2008-12-31,,2026-10-05T21:30:26.183972+00:00,NO_SOURCE_VALUE,,No source value retrieved,,UNAVAILABLE,UNAVAILABLE,SOURCE_DOWNLOAD_OR_SCHEMA_FAILURE,False,False,World Bank published intentional-homicide count.,
ba85fbbb-8db7-4e13-832c-4463767a7d81,HARM,AUS,INTENTIONAL_HOMICIDE_COUNT,,PERSONS,2009-12-31,,2026-10-05T21:30:26.183972+00:00,NO_SOURCE_VALUE,,No source value retrieved,,UNAVAILABLE,UNAVAILABLE,SOURCE_DOWNLOAD_OR_SCHEMA_FAILURE,False,False,World Bank published intentional-homicide count.,
3e5a4114-4e94-40a0-95aa-dfaa30a01f7c,HARM,AUS,INTENTIONAL_HOMICIDE_COUNT,,PERSONS,2010-12-31,,2026-10-05T21:30:26.183972+00:00,NO_SOURCE_VALUE,,No source value retrieved,,UNAVAILABLE,UNAVAILABLE,SOURCE_DOWNLOAD_OR_SCHEMA_FAILURE,False,False,World Bank published intentional-homicide count.,
091ac69a-d74a-4f9a-83ad-9b56da7edc61,HARM,AUS,INTENTIONAL_HOMICIDE_COUNT,,PERSONS,2011-12-31,,2026-10-05T21:30:26.183972+00:00,NO_SOURCE_VALUE,,No source value retrieved,,UNAVAILABLE,UNAVAILABLE,SOURCE_DOWNLOAD_OR_SCHEMA_FAILURE,False,False,World Bank published intentional-homicide count.,
31d2702c-a65c-4204-9fc3-228e90e958a9,HARM,AUS,INTENTIONAL_HOMICIDE_COUNT,,PERSONS,2012-12-31,,2026-10-05T21:30:26.183972+00:00,NO_SOURCE_VALUE,,No source value retrieved,,UNAVAILABLE,UNAVAILABLE,SOURCE_DOWNLOAD_OR_SCHEMA_FAILURE,False,False,World Bank published intentional-homicide count.,
2750e74a-2763-4eac-acb7-b49a289feddc,HARM,AUS,INTENTIONAL_HOMICIDE_COUNT,,PERSONS,2013-12-31,,2026-10-05T21:30:26.183972+00:00,NO_SOURCE_VALUE,,No source value retrieved,,UNAVAILABLE,UNAVAILABLE,SOURCE_DOWNLOAD_OR_SCHEMA_FAILURE,False,False,World Bank published intentional-homicide count.,
60909eb0-a6cd-4e01-8d78-42eea8f2d2a0,HARM,AUS,INTENTIONAL_HOMICIDE_COUNT,,PERSONS,2014-12-31,,2026-10-05T21:30:26.183972+00:00,NO_SOURCE_VALUE,,No source value retrieved,,UNAVAILABLE,UNAVAILABLE,SOURCE_DOWNLOAD_OR_SCHEMA_FAILURE,False,False,World Bank published intentional-homicide count.,
1d74202e-efc7-4be8-898b-56d021863f65,HARM,AUS,INTENTIONAL_HOMICIDE_COUNT,,PERSONS,2015-12-31,,2026-10-05T21:30:26.183972+00:00,NO_SOURCE_VALUE,,No source value retrieved,,UNAVAILABLE,UNAVAILABLE,SOURCE_DOWNLOAD_OR_SCHEMA_FAILURE,False,False,World Bank published intentional-homicide count.,
8890bd3f-3ff5-41d3-8263-72db4e68b03c,HARM,AUS,INTENTIONAL_HOMICIDE_COUNT,,PERSONS,2016-12-31,,2026-10-05T21:30:26.183972+00:00,NO_SOURCE_VALUE,,No source value retrieved,,UNAVAILABLE,UNAVAILABLE,SOURCE_DOWNLOAD_OR_SCHEMA_FAILURE,False,False,World Bank published intentional-homicide count.,
bd00bac2-0a23-4d19-8a06-b9dc2711493e,HARM,AUS,INTENTIONAL_HOMICIDE_COUNT,,PERSONS,2017-12-31,,2026-10-05T21:30:26.183972+00:00,NO_SOURCE_VALUE,,No source value retrieved,,UNAVAILABLE,UNAVAILABLE,SOURCE_DOWNLOAD_OR_SCHEMA_FAILURE,False,False,World Bank published intentional-homicide count.,
10620a47-8a43-4b88-91aa-672142a7ae6f,HARM,AUS,INTENTIONAL_HOMICIDE_COUNT,,PERSONS,2018-12-31,,2026-10-05T21:30:26.183972+00:00,NO_SOURCE_VALUE,,No source value retrieved,,UNAVAILABLE,UNAVAILABLE,SOURCE_DOWNLOAD_OR_SCHEMA_FAILURE,False,False,World Bank published intentional-homicide count.,
c8f374c6-5f3f-4754-b912-abb196482e1f,HARM,AUS,INTENTIONAL_HOMICIDE_COUNT,,PERSONS,2019-12-31,,2026-10-05T21:30:26.183972+00:00,NO_SOURCE_VALUE,,No source value retrieved,,UNAVAILABLE,UNAVAILABLE,SOURCE_DOWNLOAD_OR_SCHEMA_FAILURE,False,False,World Bank published intentional-homicide count.,
47c09e35-393b-4727-b18b-d198dfab22ff,HARM,AUS,INTENTIONAL_HOMICIDE_COUNT,,PERSONS,2020-12-31,,2026-10-05T21:30:26.183972+00:00,NO_SOURCE_VALUE,,No source value retrieved,,UNAVAILABLE,UNAVAILABLE,SOURCE_DOWNLOAD_OR_SCHEMA_FAILURE,False,False,World Bank published intentional-homicide count.,
0ac47ea9-cc0f-41dc-a996-625bb28811f1,HARM,AUS,INTENTIONAL_HOMICIDE_COUNT,,PERSONS,2021-12-31,,2026-10-05T21:30:26.183972+00:00,NO_SOURCE_VALUE,,No source value retrieved,,UNAVAILABLE,UNAVAILABLE,SOURCE_DOWNLOAD_OR_SCHEMA_FAILURE,False,False,World Bank published intentional-homicide count.,
da4e8dbc-e8d2-4c98-be11-701dfade6935,HARM,AUS,INTENTIONAL_HOMICIDE_COUNT,,PERSONS,2022-12-31,,2026-10-05T21:30:26.183972+00:00,NO_SOURCE_VALUE,,No source value retrieved,,UNAVAILABLE,UNAVAILABLE,SOURCE_DOWNLOAD_OR_SCHEMA_FAILURE,False,False,World Bank published intentional-homicide count.,
e6b38212-8b22-4ddf-b684-bb9b32252d3e,HARM,AUS,INTENTIONAL_HOMICIDE_COUNT,,PERSONS,2023-12-31,,2026-10-05T21:30:26.183972+00:00,NO_SOURCE_VALUE,,No source value retrieved,,UNAVAILABLE,UNAVAILABLE,SOURCE_DOWNLOAD_OR_SCHEMA_FAILURE,False,False,World Bank published intentional-homicide count.,
c62bd282-3926-40dd-aa8f-edc054f4cfab,HARM,AUS,INTENTIONAL_HOMICIDE_COUNT,,PERSONS,2024-12-31,,2026-10-05T21:30:26.183972+00:00,NO_SOURCE_VALUE,,No source value retrieved,,UNAVAILABLE,UNAVAILABLE,SOURCE_DOWNLOAD_OR_SCHEMA_FAILURE,False,False,World Bank published intentional-homicide count.,
a749f7aa-4c26-487a-b075-95a172ae9d19,HARM,BRA,INTENTIONAL_HOMICIDE_COUNT,,PERSONS,1996-12-31,,2026-10-05T21:30:26.189318+00:00,NO_SOURCE_VALUE,,No source value retrieved,,UNAVAILABLE,UNAVAILABLE,SOURCE_DOWNLOAD_OR_SCHEMA_FAILURE,False,False,World Bank published intentional-homicide count.,
2c5cb1ae-60b6-43ee-bdbc-a08e58b7d5bc,HARM,BRA,INTENTIONAL_HOMICIDE_COUNT,,PERSONS,1997-12-31,,2026-10-05T21:30:26.189318+00:00,NO_SOURCE_VALUE,,No source value retrieved,,UNAVAILABLE,UNAVAILABLE,SOURCE_DOWNLOAD_OR_SCHEMA_FAILURE,False,False,World Bank published intentional-homicide count.,
a4b50e39-e712-40ac-bac5-8cdb80137edb,HARM,BRA,INTENTIONAL_HOMICIDE_COUNT,,PERSONS,1998-12-31,,2026-10-05T21:30:26.189318+00:00,NO_SOURCE_VALUE,,No source value retrieved,,UNAVAILABLE,UNAVAILABLE,SOURCE_DOWNLOAD_OR_SCHEMA_FAILURE,False,False,World Bank published intentional-homicide count.,
30ccce68-8901-497c-a097-e8e80550d5f9,HARM,BRA,INTENTIONAL_HOMICIDE_COUNT,,PERSONS,1999-12-31,,2026-10-05T21:30:26.189318+00:00,NO_SOURCE_VALUE,,No source value retrieved,,UNAVAILABLE,UNAVAILABLE,SOURCE_DOWNLOAD_OR_SCHEMA_FAILURE,False,False,World Bank published intentional-homicide count.,
87187043-a0f4-40ef-80af-9549e3c98e8a,HARM,BRA,INTENTIONAL_HOMICIDE_COUNT,,PERSONS,2000-12-31,,2026-10-05T21:30:26.189318+00:00,NO_SOURCE_VALUE,,No source value retrieved,,UNAVAILABLE,UNAVAILABLE,SOURCE_DOWNLOAD_OR_SCHEMA_FAILURE,False,False,World Bank published intentional-homicide count.,
77555936-9dd1-448b-82db-550bd28679d2,HARM,BRA,INTENTIONAL_HOMICIDE_COUNT,,PERSONS,2001-12-31,,2026-10-05T21:30:26.189318+00:00,NO_SOURCE_VALUE,,No source value retrieved,,UNAVAILABLE,UNAVAILABLE,SOURCE_DOWNLOAD_OR_SCHEMA_FAILURE,False,False,World Bank published intentional-homicide count.,
74c08508-8a9d-4fe9-93a4-c4750912ab8d,HARM,BRA,INTENTIONAL_HOMICIDE_COUNT,,PERSONS,2002-12-31,,2026-10-05T21:30:26.189318+00:00,NO_SOURCE_VALUE,,No source value retrieved,,UNAVAILABLE,UNAVAILABLE,SOURCE_DOWNLOAD_OR_SCHEMA_FAILURE,False,False,World Bank published intentional-homicide count.,
d8ef8f2c-e21a-4984-b4a3-aea19f949794,HARM,BRA,INTENTIONAL_HOMICIDE_COUNT,,PERSONS,2003-12-31,,2026-10-05T21:30:26.189318+00:00,NO_SOURCE_VALUE,,No source value retrieved,,UNAVAILABLE,UNAVAILABLE,SOURCE_DOWNLOAD_OR_SCHEMA_FAILURE,False,False,World Bank published intentional-homicide count.,
a6e7c629-e1ff-4eb4-85da-9050f18d5d88,HARM,BRA,INTENTIONAL_HOMICIDE_COUNT,,PERSONS,2004-12-31,,2026-10-05T21:30:26.189318+00:00,NO_SOURCE_VALUE,,No source value retrieved,,UNAVAILABLE,UNAVAILABLE,SOURCE_DOWNLOAD_OR_SCHEMA_FAILURE,False,False,World Bank published intentional-homicide count.,
0ef415e7-4c6e-4e5d-85ab-a302001f2347,HARM,BRA,INTENTIONAL_HOMICIDE_COUNT,,PERSONS,2005-12-31,,2026-10-05T21:30:26.189318+00:00,NO_SOURCE_VALUE,,No source value retrieved,,UNAVAILABLE,UNAVAILABLE,SOURCE_DOWNLOAD_OR_SCHEMA_FAILURE,False,False,World Bank published intentional-homicide count.,
5acd5790-f656-4c4c-990c-ae11b37c3543,HARM,BRA,INTENTIONAL_HOMICIDE_COUNT,,PERSONS,2006-12-31,,2026-10-05T21:30:26.189318+00:00,NO_SOURCE_VALUE,,No source value retrieved,,UNAVAILABLE,UNAVAILABLE,SOURCE_DOWNLOAD_OR_SCHEMA_FAILURE,False,False,World Bank published intentional-homicide count.,
c8e8f7d7-56b4-40f3-879a-5b740d725948,HARM,BRA,INTENTIONAL_HOMICIDE_COUNT,,PERSONS,2007-12-31,,2026-10-05T21:30:26.189318+00:00,NO_SOURCE_VALUE,,No source value retrieved,,UNAVAILABLE,UNAVAILABLE,SOURCE_DOWNLOAD_OR_SCHEMA_FAILURE,False,False,World Bank published intentional-homicide count.,
81bde744-7e9f-43a9-a6f7-eb8f6064e3ab,HARM,BRA,INTENTIONAL_HOMICIDE_COUNT,,PERSONS,2008-12-31,,2026-10-05T21:30:26.189318+00:00,NO_SOURCE_VALUE,,No source value retrieved,,UNAVAILABLE,UNAVAILABLE,SOURCE_DOWNLOAD_OR_SCHEMA_FAILURE,False,False,World Bank published intentional-homicide count.,
f325f32a-f2ef-458c-9884-af8257b33243,HARM,BRA,INTENTIONAL_HOMICIDE_COUNT,,PERSONS,2009-12-31,,2026-10-05T21:30:26.189318+00:00,NO_SOURCE_VALUE,,No source value retrieved,,UNAVAILABLE,UNAVAILABLE,SOURCE_DOWNLOAD_OR_SCHEMA_FAILURE,False,False,World Bank published intentional-homicide count.,
de89c8f0-0047-4e80-abe1-0f2c3b54e4fe,HARM,BRA,INTENTIONAL_HOMICIDE_COUNT,,PERSONS,2010-12-31,,2026-10-05T21:30:26.189318+00:00,NO_SOURCE_VALUE,,No source value retrieved,,UNAVAILABLE,UNAVAILABLE,SOURCE_DOWNLOAD_OR_SCHEMA_FAILURE,False,False,World Bank published intentional-homicide count.,
c98fc56c-cade-4d66-9d28-4b247ce430dc,HARM,BRA,INTENTIONAL_HOMICIDE_COUNT,,PERSONS,2011-12-31,,2026-10-05T21:30:26.189318+00:00,NO_SOURCE_VALUE,,No source value retrieved,,UNAVAILABLE,UNAVAILABLE,SOURCE_DOWNLOAD_OR_SCHEMA_FAILURE,False,False,World Bank published intentional-homicide count.,
18b3510b-e2a6-473c-8e6a-d5d19408c16a,HARM,BRA,INTENTIONAL_HOMICIDE_COUNT,,PERSONS,2012-12-31,,2026-10-05T21:30:26.189318+00:00,NO_SOURCE_VALUE,,No source value retrieved,,UNAVAILABLE,UNAVAILABLE,SOURCE_DOWNLOAD_OR_SCHEMA_FAILURE,False,False,World Bank published intentional-homicide count.,
8724ed30-32e8-4be2-8164-24ca2f6abc20,HARM,BRA,INTENTIONAL_HOMICIDE_COUNT,,PERSONS,2013-12-31,,2026-10-05T21:30:26.189318+00:00,NO_SOURCE_VALUE,,No source value retrieved,,UNAVAILABLE,UNAVAILABLE,SOURCE_DOWNLOAD_OR_SCHEMA_FAILURE,False,False,World Bank published intentional-homicide count.,
1502e25c-a2ae-457f-806b-c0d453217856,HARM,BRA,INTENTIONAL_HOMICIDE_COUNT,,PERSONS,2014-12-31,,2026-10-05T21:30:26.189318+00:00,NO_SOURCE_VALUE,,No source value retrieved,,UNAVAILABLE,UNAVAILABLE,SOURCE_DOWNLOAD_OR_SCHEMA_FAILURE,False,False,World Bank published intentional-homicide count.,
fea29c59-5b5c-4a37-a420-a1d4c9824df4,HARM,BRA,INTENTIONAL_HOMICIDE_COUNT,,PERSONS,2015-12-31,,2026-10-05T21:30:26.189318+00:00,NO_SOURCE_VALUE,,No source value retrieved,,UNAVAILABLE,UNAVAILABLE,SOURCE_DOWNLOAD_OR_SCHEMA_FAILURE,False,False,World Bank published intentional-homicide count.,
00df1d36-d170-406a-9ff6-c24aa8d904a1,HARM,BRA,INTENTIONAL_HOMICIDE_COUNT,,PERSONS,2016-12-31,,2026-10-05T21:30:26.189318+00:00,NO_SOURCE_VALUE,,No source value retrieved,,UNAVAILABLE,UNAVAILABLE,SOURCE_DOWNLOAD_OR_SCHEMA_FAILURE,False,False,World Bank published intentional-homicide count.,
e3c671f6-fa21-4c85-b9f2-09391b2f28f8,HARM,BRA,INTENTIONAL_HOMICIDE_COUNT,,PERSONS,2017-12-31,,2026-10-05T21:30:26.189318+00:00,NO_SOURCE_VALUE,,No source value retrieved,,UNAVAILABLE,UNAVAILABLE,SOURCE_DOWNLOAD_OR_SCHEMA_FAILURE,False,False,World Bank published intentional-homicide count.,
9c898c15-23eb-4ad2-913e-c93379e3e292,HARM,BRA,INTENTIONAL_HOMICIDE_COUNT,,PERSONS,2018-12-31,,2026-10-05T21:30:26.189318+00:00,NO_SOURCE_VALUE,,No source value retrieved,,UNAVAILABLE,UNAVAILABLE,SOURCE_DOWNLOAD_OR_SCHEMA_FAILURE,False,False,World Bank published intentional-homicide count.,
98ee6e4a-5087-4138-9ff7-468ad662a141,HARM,BRA,INTENTIONAL_HOMICIDE_COUNT,,PERSONS,2019-12-31,,2026-10-05T21:30:26.189318+00:00,NO_SOURCE_VALUE,,No source value retrieved,,UNAVAILABLE,UNAVAILABLE,SOURCE_DOWNLOAD_OR_SCHEMA_FAILURE,False,False,World Bank published intentional-homicide count.,
6e2fdf53-48fd-42af-bf62-422589f71c76,HARM,BRA,INTENTIONAL_HOMICIDE_COUNT,,PERSONS,2020-12-31,,2026-10-05T21:30:26.189318+00:00,NO_SOURCE_VALUE,,No source value retrieved,,UNAVAILABLE,UNAVAILABLE,SOURCE_DOWNLOAD_OR_SCHEMA_FAILURE,False,False,World Bank published intentional-homicide count.,
deed6b28-3cdc-47b8-aa23-fe323d10800c,HARM,BRA,INTENTIONAL_HOMICIDE_COUNT,,PERSONS,2021-12-31,,2026-10-05T21:30:26.189318+00:00,NO_SOURCE_VALUE,,No source value retrieved,,UNAVAILABLE,UNAVAILABLE,SOURCE_DOWNLOAD_OR_SCHEMA_FAILURE,False,False,World Bank published intentional-homicide count.,
61f66479-e18a-4b69-badd-609eb862a91c,HARM,BRA,INTENTIONAL_HOMICIDE_COUNT,,PERSONS,2022-12-31,,2026-10-05T21:30:26.189318+00:00,NO_SOURCE_VALUE,,No source value retrieved,,UNAVAILABLE,UNAVAILABLE,SOURCE_DOWNLOAD_OR_SCHEMA_FAILURE,False,False,World Bank published intentional-homicide count.,
a75a3cfa-0a41-46a1-9f02-9d92d27f084f,HARM,BRA,INTENTIONAL_HOMICIDE_COUNT,,PERSONS,2023-12-31,,2026-10-05T21:30:26.189318+00:00,NO_SOURCE_VALUE,,No source value retrieved,,UNAVAILABLE,UNAVAILABLE,SOURCE_DOWNLOAD_OR_SCHEMA_FAILURE,False,False,World Bank published intentional-homicide count.,
3954e749-4848-42f1-ab9e-08d38a8b18d9,HARM,BRA,INTENTIONAL_HOMICIDE_COUNT,,PERSONS,2024-12-31,,2026-10-05T21:30:26.189318+00:00,NO_SOURCE_VALUE,,No source value retrieved,,UNAVAILABLE,UNAVAILABLE,SOURCE_DOWNLOAD_OR_SCHEMA_FAILURE,False,False,World Bank published intentional-homicide count.,
03cd58d5-8ae3-4993-83c1-17d2c272bf08,HARM,CAN,INTENTIONAL_HOMICIDE_COUNT,,PERSONS,1996-12-31,,2026-10-05T21:30:26.194596+00:00,NO_SOURCE_VALUE,,No source value retrieved,,UNAVAILABLE,UNAVAILABLE,SOURCE_DOWNLOAD_OR_SCHEMA_FAILURE,False,False,World Bank published intentional-homicide count.,
3f41ed3b-9f1d-486b-8876-4883bec3938e,HARM,CAN,INTENTIONAL_HOMICIDE_COUNT,,PERSONS,1997-12-31,,2026-10-05T21:30:26.194596+00:00,NO_SOURCE_VALUE,,No source value retrieved,,UNAVAILABLE,UNAVAILABLE,SOURCE_DOWNLOAD_OR_SCHEMA_FAILURE,False,False,World Bank published intentional-homicide count.,
c5c67167-c989-48e3-b007-959f95d8d9b6,HARM,CAN,INTENTIONAL_HOMICIDE_COUNT,,PERSONS,1998-12-31,,2026-10-05T21:30:26.194596+00:00,NO_SOURCE_VALUE,,No source value retrieved,,UNAVAILABLE,UNAVAILABLE,SOURCE_DOWNLOAD_OR_SCHEMA_FAILURE,False,False,World Bank published intentional-homicide count.,
f61dc0a4-1272-47f0-a0ce-d5f3fd77f440,HARM,CAN,INTENTIONAL_HOMICIDE_COUNT,,PERSONS,1999-12-31,,2026-10-05T21:30:26.194596+00:00,NO_SOURCE_VALUE,,No source value retrieved,,UNAVAILABLE,UNAVAILABLE,SOURCE_DOWNLOAD_OR_SCHEMA_FAILURE,False,False,World Bank published intentional-homicide count.,
04808789-c8dc-4b50-a0a5-e60ebcbbba7b,HARM,CAN,INTENTIONAL_HOMICIDE_COUNT,,PERSONS,2000-12-31,,2026-10-05T21:30:26.194596+00:00,NO_SOURCE_VALUE,,No source value retrieved,,UNAVAILABLE,UNAVAILABLE,SOURCE_DOWNLOAD_OR_SCHEMA_FAILURE,False,False,World Bank published intentional-homicide count.,
95763724-d7a5-4d5e-ad2b-00739acda7b9,HARM,CAN,INTENTIONAL_HOMICIDE_COUNT,,PERSONS,2001-12-31,,2026-10-05T21:30:26.194596+00:00,NO_SOURCE_VALUE,,No source value retrieved,,UNAVAILABLE,UNAVAILABLE,SOURCE_DOWNLOAD_OR_SCHEMA_FAILURE,False,False,World Bank published intentional-homicide count.,
314b24df-f68e-4aa9-a238-c5513e46cf77,HARM,CAN,INTENTIONAL_HOMICIDE_COUNT,,PERSONS,2002-12-31,,2026-10-05T21:30:26.194596+00:00,NO_SOURCE_VALUE,,No source value retrieved,,UNAVAILABLE,UNAVAILABLE,SOURCE_DOWNLOAD_OR_SCHEMA_FAILURE,False,False,World Bank published intentional-homicide count.,
cfb3c4eb-5294-4cfb-8ef4-260f8beb5e00,HARM,CAN,INTENTIONAL_HOMICIDE_COUNT,,PERSONS,2003-12-31,,2026-10-05T21:30:26.194596+00:00,NO_SOURCE_VALUE,,No source value retrieved,,UNAVAILABLE,UNAVAILABLE,SOURCE_DOWNLOAD_OR_SCHEMA_FAILURE,False,False,World Bank published intentional-homicide count.,
0b0136bd-cee3-4e3b-b7dc-ccc3a3de49cf,HARM,CAN,INTENTIONAL_HOMICIDE_COUNT,,PERSONS,2004-12-31,,2026-10-05T21:30:26.194596+00:00,NO_SOURCE_VALUE,,No source value retrieved,,UNAVAILABLE,UNAVAILABLE,SOURCE_DOWNLOAD_OR_SCHEMA_FAILURE,False,False,World Bank published intentional-homicide count.,
db46df71-4940-4482-a91c-e40d7e611e75,HARM,CAN,INTENTIONAL_HOMICIDE_COUNT,,PERSONS,2005-12-31,,2026-10-05T21:30:26.194596+00:00,NO_SOURCE_VALUE,,No source value retrieved,,UNAVAILABLE,UNAVAILABLE,SOURCE_DOWNLOAD_OR_SCHEMA_FAILURE,False,False,World Bank published intentional-homicide count.,
2f91587a-dfdd-404f-a5fe-d8b07c0aaa06,HARM,CAN,INTENTIONAL_HOMICIDE_COUNT,,PERSONS,2006-12-31,,2026-10-05T21:30:26.194596+00:00,NO_SOURCE_VALUE,,No source value retrieved,,UNAVAILABLE,UNAVAILABLE,SOURCE_DOWNLOAD_OR_SCHEMA_FAILURE,False,False,World Bank published intentional-homicide count.,
439fdb21-bb09-4723-857d-46d938bc6281,HARM,CAN,INTENTIONAL_HOMICIDE_COUNT,,PERSONS,2007-12-31,,2026-10-05T21:30:26.194596+00:00,NO_SOURCE_VALUE,,No source value retrieved,,UNAVAILABLE,UNAVAILABLE,SOURCE_DOWNLOAD_OR_SCHEMA_FAILURE,False,False,World Bank published intentional-homicide count.,
79274235-3559-4d17-840a-6064fcc82a57,HARM,CAN,INTENTIONAL_HOMICIDE_COUNT,,PERSONS,2008-12-31,,2026-10-05T21:30:26.194596+00:00,NO_SOURCE_VALUE,,No source value retrieved,,UNAVAILABLE,UNAVAILABLE,SOURCE_DOWNLOAD_OR_SCHEMA_FAILURE,False,False,World Bank published intentional-homicide count.,
8bb81b43-dd14-47d4-9c28-a76cd46878c8,HARM,CAN,INTENTIONAL_HOMICIDE_COUNT,,PERSONS,2009-12-31,,2026-10-05T21:30:26.194596+00:00,NO_SOURCE_VALUE,,No source value retrieved,,UNAVAILABLE,UNAVAILABLE,SOURCE_DOWNLOAD_OR_SCHEMA_FAILURE,False,False,World Bank published intentional-homicide count.,
3511a040-aa19-4c29-8eca-278c894f18f2,HARM,CAN,INTENTIONAL_HOMICIDE_COUNT,,PERSONS,2010-12-31,,2026-10-05T21:30:26.194596+00:00,NO_SOURCE_VALUE,,No source value retrieved,,UNAVAILABLE,UNAVAILABLE,SOURCE_DOWNLOAD_OR_SCHEMA_FAILURE,False,False,World Bank published intentional-homicide count.,
4366cbc4-179f-414c-b5ac-c7049dff5742,HARM,CAN,INTENTIONAL_HOMICIDE_COUNT,,PERSONS,2011-12-31,,2026-10-05T21:30:26.194596+00:00,NO_SOURCE_VALUE,,No source value retrieved,,UNAVAILABLE,UNAVAILABLE,SOURCE_DOWNLOAD_OR_SCHEMA_FAILURE,False,False,World Bank published intentional-homicide count.,
41bb2d23-8cbf-4001-9bc8-cef7239d484a,HARM,CAN,INTENTIONAL_HOMICIDE_COUNT,,PERSONS,2012-12-31,,2026-10-05T21:30:26.194596+00:00,NO_SOURCE_VALUE,,No source value retrieved,,UNAVAILABLE,UNAVAILABLE,SOURCE_DOWNLOAD_OR_SCHEMA_FAILURE,False,False,World Bank published intentional-homicide count.,
1307b2c5-3bc8-4d6c-b173-b9799f9d1c8f,HARM,CAN,INTENTIONAL_HOMICIDE_COUNT,,PERSONS,2013-12-31,,2026-10-05T21:30:26.194596+00:00,NO_SOURCE_VALUE,,No source value retrieved,,UNAVAILABLE,UNAVAILABLE,SOURCE_DOWNLOAD_OR_SCHEMA_FAILURE,False,False,World Bank published intentional-homicide count.,
7876d33d-2129-473d-8037-38232da640ab,HARM,CAN,INTENTIONAL_HOMICIDE_COUNT,,PERSONS,2014-12-31,,2026-10-05T21:30:26.194596+00:00,NO_SOURCE_VALUE,,No source value retrieved,,UNAVAILABLE,UNAVAILABLE,SOURCE_DOWNLOAD_OR_SCHEMA_FAILURE,False,False,World Bank published intentional-homicide count.,
61ec9426-86a8-4cd3-9243-682381f00b80,HARM,CAN,INTENTIONAL_HOMICIDE_COUNT,,PERSONS,2015-12-31,,2026-10-05T21:30:26.194596+00:00,NO_SOURCE_VALUE,,No source value retrieved,,UNAVAILABLE,UNAVAILABLE,SOURCE_DOWNLOAD_OR_SCHEMA_FAILURE,False,False,World Bank published intentional-homicide count.,
71e89ffb-2b7a-43e0-8f21-f361c3c26513,HARM,CAN,INTENTIONAL_HOMICIDE_COUNT,,PERSONS,2016-12-31,,2026-10-05T21:30:26.194596+00:00,NO_SOURCE_VALUE,,No source value retrieved,,UNAVAILABLE,UNAVAILABLE,SOURCE_DOWNLOAD_OR_SCHEMA_FAILURE,False,False,World Bank published intentional-homicide count.,
aad4bd74-cf3b-45ed-85ea-c56504df65ed,HARM,CAN,INTENTIONAL_HOMICIDE_COUNT,,PERSONS,2017-12-31,,2026-10-05T21:30:26.194596+00:00,NO_SOURCE_VALUE,,No source value retrieved,,UNAVAILABLE,UNAVAILABLE,SOURCE_DOWNLOAD_OR_SCHEMA_FAILURE,False,False,World Bank published intentional-homicide count.,
74c7a354-b63b-408e-8efc-7ce4d427c259,HARM,CAN,INTENTIONAL_HOMICIDE_COUNT,,PERSONS,2018-12-31,,2026-10-05T21:30:26.194596+00:00,NO_SOURCE_VALUE,,No source value retrieved,,UNAVAILABLE,UNAVAILABLE,SOURCE_DOWNLOAD_OR_SCHEMA_FAILURE,False,False,World Bank published intentional-homicide count.,
0575c347-34f7-4e9d-b767-fff9a7aa4016,HARM,CAN,INTENTIONAL_HOMICIDE_COUNT,,PERSONS,2019-12-31,,2026-10-05T21:30:26.194596+00:00,NO_SOURCE_VALUE,,No source value retrieved,,UNAVAILABLE,UNAVAILABLE,SOURCE_DOWNLOAD_OR_SCHEMA_FAILURE,False,False,World Bank published intentional-homicide count.,
1ab74ddd-1017-4483-9c58-9119bcab60ec,HARM,CAN,INTENTIONAL_HOMICIDE_COUNT,,PERSONS,2020-12-31,,2026-10-05T21:30:26.194596+00:00,NO_SOURCE_VALUE,,No source value retrieved,,UNAVAILABLE,UNAVAILABLE,SOURCE_DOWNLOAD_OR_SCHEMA_FAILURE,False,False,World Bank published intentional-homicide count.,
b36c0a57-e83a-4881-83e4-6fb4f71ac7b7,HARM,CAN,INTENTIONAL_HOMICIDE_COUNT,,PERSONS,2021-12-31,,2026-10-05T21:30:26.194596+00:00,NO_SOURCE_VALUE,,No source value retrieved,,UNAVAILABLE,UNAVAILABLE,SOURCE_DOWNLOAD_OR_SCHEMA_FAILURE,False,False,World Bank published intentional-homicide count.,
38e90294-3368-489d-a486-7a9744b1e0a5,HARM,CAN,INTENTIONAL_HOMICIDE_COUNT,,PERSONS,2022-12-31,,2026-10-05T21:30:26.194596+00:00,NO_SOURCE_VALUE,,No source value retrieved,,UNAVAILABLE,UNAVAILABLE,SOURCE_DOWNLOAD_OR_SCHEMA_FAILURE,False,False,World Bank published intentional-homicide count.,
06f86131-f869-4fdd-acea-e18892f632f8,HARM,CAN,INTENTIONAL_HOMICIDE_COUNT,,PERSONS,2023-12-31,,2026-10-05T21:30:26.194596+00:00,NO_SOURCE_VALUE,,No source value retrieved,,UNAVAILABLE,UNAVAILABLE,SOURCE_DOWNLOAD_OR_SCHEMA_FAILURE,False,False,World Bank published intentional-homicide count.,
ea0c1f91-f36d-4743-9f43-50dfd0c3d196,HARM,CAN,INTENTIONAL_HOMICIDE_COUNT,,PERSONS,2024-12-31,,2026-10-05T21:30:26.194596+00:00,NO_SOURCE_VALUE,,No source value retrieved,,UNAVAILABLE,UNAVAILABLE,SOURCE_DOWNLOAD_OR_SCHEMA_FAILURE,False,False,World Bank published intentional-homicide count.,
d47213bf-d771-4ab4-9044-0ea155a2158d,HARM,CHE,INTENTIONAL_HOMICIDE_COUNT,,PERSONS,1996-12-31,,2026-10-05T21:30:26.199247+00:00,NO_SOURCE_VALUE,,No source value retrieved,,UNAVAILABLE,UNAVAILABLE,SOURCE_DOWNLOAD_OR_SCHEMA_FAILURE,False,False,World Bank published intentional-homicide count.,
33a4e3e3-244b-4fa2-a5b9-dee5a2f515ac,HARM,CHE,INTENTIONAL_HOMICIDE_COUNT,,PERSONS,1997-12-31,,2026-10-05T21:30:26.199247+00:00,NO_SOURCE_VALUE,,No source value retrieved,,UNAVAILABLE,UNAVAILABLE,SOURCE_DOWNLOAD_OR_SCHEMA_FAILURE,False,False,World Bank published intentional-homicide count.,
23433b91-fe67-4b60-9a97-5e784a44bd25,HARM,CHE,INTENTIONAL_HOMICIDE_COUNT,,PERSONS,1998-12-31,,2026-10-05T21:30:26.199247+00:00,NO_SOURCE_VALUE,,No source value retrieved,,UNAVAILABLE,UNAVAILABLE,SOURCE_DOWNLOAD_OR_SCHEMA_FAILURE,False,False,World Bank published intentional-homicide count.,
43aafd72-5e48-4a19-ae71-85bcab5b2b45,HARM,CHE,INTENTIONAL_HOMICIDE_COUNT,,PERSONS,1999-12-31,,2026-10-05T21:30:26.199247+00:00,NO_SOURCE_VALUE,,No source value retrieved,,UNAVAILABLE,UNAVAILABLE,SOURCE_DOWNLOAD_OR_SCHEMA_FAILURE,False,False,World Bank published intentional-homicide count.,
ebe72ab4-c25c-4381-ba40-6d874a96c73e,HARM,CHE,INTENTIONAL_HOMICIDE_COUNT,,PERSONS,2000-12-31,,2026-10-05T21:30:26.199247+00:00,NO_SOURCE_VALUE,,No source value retrieved,,UNAVAILABLE,UNAVAILABLE,SOURCE_DOWNLOAD_OR_SCHEMA_FAILURE,False,False,World Bank published intentional-homicide count.,
4ac328ec-4d0b-4d81-afa2-028db3158292,HARM,CHE,INTENTIONAL_HOMICIDE_COUNT,,PERSONS,2001-12-31,,2026-10-05T21:30:26.199247+00:00,NO_SOURCE_VALUE,,No source value retrieved,,UNAVAILABLE,UNAVAILABLE,SOURCE_DOWNLOAD_OR_SCHEMA_FAILURE,False,False,World Bank published intentional-homicide count.,
b5a5ade7-95d7-4a22-8af2-9f6e9808a663,HARM,CHE,INTENTIONAL_HOMICIDE_COUNT,,PERSONS,2002-12-31,,2026-10-05T21:30:26.199247+00:00,NO_SOURCE_VALUE,,No source value retrieved,,UNAVAILABLE,UNAVAILABLE,SOURCE_DOWNLOAD_OR_SCHEMA_FAILURE,False,False,World Bank published intentional-homicide count.,
75757581-3fda-4b36-ae30-2fdeb531d8fb,HARM,CHE,INTENTIONAL_HOMICIDE_COUNT,,PERSONS,2003-12-31,,2026-10-05T21:30:26.199247+00:00,NO_SOURCE_VALUE,,No source value retrieved,,UNAVAILABLE,UNAVAILABLE,SOURCE_DOWNLOAD_OR_SCHEMA_FAILURE,False,False,World Bank published intentional-homicide count.,
c3dc583b-5a66-4719-b59e-e65d94c6bc98,HARM,CHE,INTENTIONAL_HOMICIDE_COUNT,,PERSONS,2004-12-31,,2026-10-05T21:30:26.199247+00:00,NO_SOURCE_VALUE,,No source value retrieved,,UNAVAILABLE,UNAVAILABLE,SOURCE_DOWNLOAD_OR_SCHEMA_FAILURE,False,False,World Bank published intentional-homicide count.,
d3fcf4dc-ebc5-47f7-95d6-cae1d95337d9,HARM,CHE,INTENTIONAL_HOMICIDE_COUNT,,PERSONS,2005-12-31,,2026-10-05T21:30:26.199247+00:00,NO_SOURCE_VALUE,,No source value retrieved,,UNAVAILABLE,UNAVAILABLE,SOURCE_DOWNLOAD_OR_SCHEMA_FAILURE,False,False,World Bank published intentional-homicide count.,
0cacc1ac-c0e4-4b3e-8146-ddc085eda97a,HARM,CHE,INTENTIONAL_HOMICIDE_COUNT,,PERSONS,2006-12-31,,2026-10-05T21:30:26.199247+00:00,NO_SOURCE_VALUE,,No source value retrieved,,UNAVAILABLE,UNAVAILABLE,SOURCE_DOWNLOAD_OR_SCHEMA_FAILURE,False,False,World Bank published intentional-homicide count.,
e38d9975-3130-42c2-852a-a20d767224c6,HARM,CHE,INTENTIONAL_HOMICIDE_COUNT,,PERSONS,2007-12-31,,2026-10-05T21:30:26.199247+00:00,NO_SOURCE_VALUE,,No source value retrieved,,UNAVAILABLE,UNAVAILABLE,SOURCE_DOWNLOAD_OR_SCHEMA_FAILURE,False,False,World Bank published intentional-homicide count.,
a70064e1-75de-435e-b331-182cb7b4761d,HARM,CHE,INTENTIONAL_HOMICIDE_COUNT,,PERSONS,2008-12-31,,2026-10-05T21:30:26.199247+00:00,NO_SOURCE_VALUE,,No source value retrieved,,UNAVAILABLE,UNAVAILABLE,SOURCE_DOWNLOAD_OR_SCHEMA_FAILURE,False,False,World Bank published intentional-homicide count.,
bb9298b0-142e-4150-8850-7a444104b8bc,HARM,CHE,INTENTIONAL_HOMICIDE_COUNT,,PERSONS,2009-12-31,,2026-10-05T21:30:26.199247+00:00,NO_SOURCE_VALUE,,No source value retrieved,,UNAVAILABLE,UNAVAILABLE,SOURCE_DOWNLOAD_OR_SCHEMA_FAILURE,False,False,World Bank published intentional-homicide count.,
0f8be6f3-b192-47ee-9a95-7d27e700e038,HARM,CHE,INTENTIONAL_HOMICIDE_COUNT,,PERSONS,2010-12-31,,2026-10-05T21:30:26.199247+00:00,NO_SOURCE_VALUE,,No source value retrieved,,UNAVAILABLE,UNAVAILABLE,SOURCE_DOWNLOAD_OR_SCHEMA_FAILURE,False,False,World Bank published intentional-homicide count.,
dd8368da-f24c-4205-801e-ef14c45ffb82,HARM,CHE,INTENTIONAL_HOMICIDE_COUNT,,PERSONS,2011-12-31,,2026-10-05T21:30:26.199247+00:00,NO_SOURCE_VALUE,,No source value retrieved,,UNAVAILABLE,UNAVAILABLE,SOURCE_DOWNLOAD_OR_SCHEMA_FAILURE,False,False,World Bank published intentional-homicide count.,
f435b4e8-127d-4823-a1f0-044a991b74d9,HARM,CHE,INTENTIONAL_HOMICIDE_COUNT,,PERSONS,2012-12-31,,2026-10-05T21:30:26.199247+00:00,NO_SOURCE_VALUE,,No source value retrieved,,UNAVAILABLE,UNAVAILABLE,SOURCE_DOWNLOAD_OR_SCHEMA_FAILURE,False,False,World Bank published intentional-homicide count.,
84e5176f-a21b-43dd-a5e5-3ce12867a1e9,HARM,CHE,INTENTIONAL_HOMICIDE_COUNT,,PERSONS,2013-12-31,,2026-10-05T21:30:26.199247+00:00,NO_SOURCE_VALUE,,No source value retrieved,,UNAVAILABLE,UNAVAILABLE,SOURCE_DOWNLOAD_OR_SCHEMA_FAILURE,False,False,World Bank published intentional-homicide count.,
81e24dad-7daf-4d17-b049-6b373f74e066,HARM,CHE,INTENTIONAL_HOMICIDE_COUNT,,PERSONS,2014-12-31,,2026-10-05T21:30:26.199247+00:00,NO_SOURCE_VALUE,,No source value retrieved,,UNAVAILABLE,UNAVAILABLE,SOURCE_DOWNLOAD_OR_SCHEMA_FAILURE,False,False,World Bank published intentional-homicide count.,
04f8ce55-0495-42ab-94f4-bd44b6d7a2a8,HARM,CHE,INTENTIONAL_HOMICIDE_COUNT,,PERSONS,2015-12-31,,2026-10-05T21:30:26.199247+00:00,NO_SOURCE_VALUE,,No source value retrieved,,UNAVAILABLE,UNAVAILABLE,SOURCE_DOWNLOAD_OR_SCHEMA_FAILURE,False,False,World Bank published intentional-homicide count.,
9ef53fd9-5779-49b1-ae44-e21cc67faa05,HARM,CHE,INTENTIONAL_HOMICIDE_COUNT,,PERSONS,2016-12-31,,2026-10-05T21:30:26.199247+00:00,NO_SOURCE_VALUE,,No source value retrieved,,UNAVAILABLE,UNAVAILABLE,SOURCE_DOWNLOAD_OR_SCHEMA_FAILURE,False,False,World Bank published intentional-homicide count.,
1b42e5d4-178c-4e13-9d6a-98c64aeea46c,HARM,CHE,INTENTIONAL_HOMICIDE_COUNT,,PERSONS,2017-12-31,,2026-10-05T21:30:26.199247+00:00,NO_SOURCE_VALUE,,No source value retrieved,,UNAVAILABLE,UNAVAILABLE,SOURCE_DOWNLOAD_OR_SCHEMA_FAILURE,False,False,World Bank published intentional-homicide count.,
6c546d90-6ea2-4f7a-ba38-53a18613b1c6,HARM,CHE,INTENTIONAL_HOMICIDE_COUNT,,PERSONS,2018-12-31,,2026-10-05T21:30:26.199247+00:00,NO_SOURCE_VALUE,,No source value retrieved,,UNAVAILABLE,UNAVAILABLE,SOURCE_DOWNLOAD_OR_SCHEMA_FAILURE,False,False,World Bank published intentional-homicide count.,
8ec28cd1-436b-4f14-9f3c-4261cfb0e059,HARM,CHE,INTENTIONAL_HOMICIDE_COUNT,,PERSONS,2019-12-31,,2026-10-05T21:30:26.199247+00:00,NO_SOURCE_VALUE,,No source value retrieved,,UNAVAILABLE,UNAVAILABLE,SOURCE_DOWNLOAD_OR_SCHEMA_FAILURE,False,False,World Bank published intentional-homicide count.,
caab661b-77b9-45d5-b84f-65639cc764b9,HARM,CHE,INTENTIONAL_HOMICIDE_COUNT,,PERSONS,2020-12-31,,2026-10-05T21:30:26.199247+00:00,NO_SOURCE_VALUE,,No source value retrieved,,UNAVAILABLE,UNAVAILABLE,SOURCE_DOWNLOAD_OR_SCHEMA_FAILURE,False,False,World Bank published intentional-homicide count.,
fdb33780-1da8-42d4-898f-e2f28cacdcaa,HARM,CHE,INTENTIONAL_HOMICIDE_COUNT,,PERSONS,2021-12-31,,2026-10-05T21:30:26.199247+00:00,NO_SOURCE_VALUE,,No source value retrieved,,UNAVAILABLE,UNAVAILABLE,SOURCE_DOWNLOAD_OR_SCHEMA_FAILURE,False,False,World Bank published intentional-homicide count.,
7d88a5c9-d6e9-414e-8314-c43991710ac5,HARM,CHE,INTENTIONAL_HOMICIDE_COUNT,,PERSONS,2022-12-31,,2026-10-05T21:30:26.199247+00:00,NO_SOURCE_VALUE,,No source value retrieved,,UNAVAILABLE,UNAVAILABLE,SOURCE_DOWNLOAD_OR_SCHEMA_FAILURE,False,False,World Bank published intentional-homicide count.,
706a6370-56f5-4176-8161-9f60f1a86fac,HARM,CHE,INTENTIONAL_HOMICIDE_COUNT,,PERSONS,2023-12-31,,2026-10-05T21:30:26.199247+00:00,NO_SOURCE_VALUE,,No source value retrieved,,UNAVAILABLE,UNAVAILABLE,SOURCE_DOWNLOAD_OR_SCHEMA_FAILURE,False,False,World Bank published intentional-homicide count.,
1392db82-a70d-4784-aa84-d4d75e597192,HARM,CHE,INTENTIONAL_HOMICIDE_COUNT,,PERSONS,2024-12-31,,2026-10-05T21:30:26.199247+00:00,NO_SOURCE_VALUE,,No source value retrieved,,UNAVAILABLE,UNAVAILABLE,SOURCE_DOWNLOAD_OR_SCHEMA_FAILURE,False,False,World Bank published intentional-homicide count.,
09d3a824-d330-47a4-af9b-314611774ef7,HARM,DEU,INTENTIONAL_HOMICIDE_COUNT,,PERSONS,1996-12-31,,2026-10-05T21:30:26.205582+00:00,NO_SOURCE_VALUE,,No source value retrieved,,UNAVAILABLE,UNAVAILABLE,SOURCE_DOWNLOAD_OR_SCHEMA_FAILURE,False,False,World Bank published intentional-homicide count.,
35415805-7211-4d3d-80d0-c1ad8e1e2b4f,HARM,DEU,INTENTIONAL_HOMICIDE_COUNT,,PERSONS,1997-12-31,,2026-10-05T21:30:26.205582+00:00,NO_SOURCE_VALUE,,No source value retrieved,,UNAVAILABLE,UNAVAILABLE,SOURCE_DOWNLOAD_OR_SCHEMA_FAILURE,False,False,World Bank published intentional-homicide count.,
6e85dca5-abf9-40c3-b74f-3f26492879d0,HARM,DEU,INTENTIONAL_HOMICIDE_COUNT,,PERSONS,1998-12-31,,2026-10-05T21:30:26.205582+00:00,NO_SOURCE_VALUE,,No source value retrieved,,UNAVAILABLE,UNAVAILABLE,SOURCE_DOWNLOAD_OR_SCHEMA_FAILURE,False,False,World Bank published intentional-homicide count.,
dfd65bf1-7342-43d3-9a97-d4805cdbc469,HARM,DEU,INTENTIONAL_HOMICIDE_COUNT,,PERSONS,1999-12-31,,2026-10-05T21:30:26.205582+00:00,NO_SOURCE_VALUE,,No source value retrieved,,UNAVAILABLE,UNAVAILABLE,SOURCE_DOWNLOAD_OR_SCHEMA_FAILURE,False,False,World Bank published intentional-homicide count.,
b65711b4-02b0-410a-8c5f-be954dddc2df,HARM,DEU,INTENTIONAL_HOMICIDE_COUNT,,PERSONS,2000-12-31,,2026-10-05T21:30:26.205582+00:00,NO_SOURCE_VALUE,,No source value retrieved,,UNAVAILABLE,UNAVAILABLE,SOURCE_DOWNLOAD_OR_SCHEMA_FAILURE,False,False,World Bank published intentional-homicide count.,
a1648435-031e-421e-89ef-93ffa7ce9bfa,HARM,DEU,INTENTIONAL_HOMICIDE_COUNT,,PERSONS,2001-12-31,,2026-10-05T21:30:26.205582+00:00,NO_SOURCE_VALUE,,No source value retrieved,,UNAVAILABLE,UNAVAILABLE,SOURCE_DOWNLOAD_OR_SCHEMA_FAILURE,False,False,World Bank published intentional-homicide count.,
02f2204a-7851-4f50-987a-74e35d92eb62,HARM,DEU,INTENTIONAL_HOMICIDE_COUNT,,PERSONS,2002-12-31,,2026-10-05T21:30:26.205582+00:00,NO_SOURCE_VALUE,,No source value retrieved,,UNAVAILABLE,UNAVAILABLE,SOURCE_DOWNLOAD_OR_SCHEMA_FAILURE,False,False,World Bank published intentional-homicide count.,
3a053cc2-b3a5-416a-848e-0e252241be5f,HARM,DEU,INTENTIONAL_HOMICIDE_COUNT,,PERSONS,2003-12-31,,2026-10-05T21:30:26.205582+00:00,NO_SOURCE_VALUE,,No source value retrieved,,UNAVAILABLE,UNAVAILABLE,SOURCE_DOWNLOAD_OR_SCHEMA_FAILURE,False,False,World Bank published intentional-homicide count.,
5b26be28-2d7e-4f17-bed2-136572c2bd29,HARM,DEU,INTENTIONAL_HOMICIDE_COUNT,,PERSONS,2004-12-31,,2026-10-05T21:30:26.205582+00:00,NO_SOURCE_VALUE,,No source value retrieved,,UNAVAILABLE,UNAVAILABLE,SOURCE_DOWNLOAD_OR_SCHEMA_FAILURE,False,False,World Bank published intentional-homicide count.,
28498e96-6e7e-4a24-9cc9-9df88a77ca3e,HARM,DEU,INTENTIONAL_HOMICIDE_COUNT,,PERSONS,2005-12-31,,2026-10-05T21:30:26.205582+00:00,NO_SOURCE_VALUE,,No source value retrieved,,UNAVAILABLE,UNAVAILABLE,SOURCE_DOWNLOAD_OR_SCHEMA_FAILURE,False,False,World Bank published intentional-homicide count.,
df2d3028-e7d1-4b96-83f2-45468a5e29d7,HARM,DEU,INTENTIONAL_HOMICIDE_COUNT,,PERSONS,2006-12-31,,2026-10-05T21:30:26.205582+00:00,NO_SOURCE_VALUE,,No source value retrieved,,UNAVAILABLE,UNAVAILABLE,SOURCE_DOWNLOAD_OR_SCHEMA_FAILURE,False,False,World Bank published intentional-homicide count.,
d0f9ec3d-8f19-44b7-a475-e65aa71b938c,HARM,DEU,INTENTIONAL_HOMICIDE_COUNT,,PERSONS,2007-12-31,,2026-10-05T21:30:26.205582+00:00,NO_SOURCE_VALUE,,No source value retrieved,,UNAVAILABLE,UNAVAILABLE,SOURCE_DOWNLOAD_OR_SCHEMA_FAILURE,False,False,World Bank published intentional-homicide count.,
2ca713f6-e842-4358-8ede-396c6712ad76,HARM,DEU,INTENTIONAL_HOMICIDE_COUNT,,PERSONS,2008-12-31,,2026-10-05T21:30:26.205582+00:00,NO_SOURCE_VALUE,,No source value retrieved,,UNAVAILABLE,UNAVAILABLE,SOURCE_DOWNLOAD_OR_SCHEMA_FAILURE,False,False,World Bank published intentional-homicide count.,
7d043166-bb0a-49cd-9281-e29855031857,HARM,DEU,INTENTIONAL_HOMICIDE_COUNT,,PERSONS,2009-12-31,,2026-10-05T21:30:26.205582+00:00,NO_SOURCE_VALUE,,No source value retrieved,,UNAVAILABLE,UNAVAILABLE,SOURCE_DOWNLOAD_OR_SCHEMA_FAILURE,False,False,World Bank published intentional-homicide count.,
4c80644b-fe57-4f91-9963-6ec5eaa4d437,HARM,DEU,INTENTIONAL_HOMICIDE_COUNT,,PERSONS,2010-12-31,,2026-10-05T21:30:26.205582+00:00,NO_SOURCE_VALUE,,No source value retrieved,,UNAVAILABLE,UNAVAILABLE,SOURCE_DOWNLOAD_OR_SCHEMA_FAILURE,False,False,World Bank published intentional-homicide count.,
1d0e0f57-a50e-4bdd-aecd-0a23221eb800,HARM,DEU,INTENTIONAL_HOMICIDE_COUNT,,PERSONS,2011-12-31,,2026-10-05T21:30:26.205582+00:00,NO_SOURCE_VALUE,,No source value retrieved,,UNAVAILABLE,UNAVAILABLE,SOURCE_DOWNLOAD_OR_SCHEMA_FAILURE,False,False,World Bank published intentional-homicide count.,
d04bd722-8ccd-462f-9881-ed5f3ecfb2dc,HARM,DEU,INTENTIONAL_HOMICIDE_COUNT,,PERSONS,2012-12-31,,2026-10-05T21:30:26.205582+00:00,NO_SOURCE_VALUE,,No source value retrieved,,UNAVAILABLE,UNAVAILABLE,SOURCE_DOWNLOAD_OR_SCHEMA_FAILURE,False,False,World Bank published intentional-homicide count.,
7ceb1a5e-fba1-46fc-bb56-ba3448272858,HARM,DEU,INTENTIONAL_HOMICIDE_COUNT,,PERSONS,2013-12-31,,2026-10-05T21:30:26.205582+00:00,NO_SOURCE_VALUE,,No source value retrieved,,UNAVAILABLE,UNAVAILABLE,SOURCE_DOWNLOAD_OR_SCHEMA_FAILURE,False,False,World Bank published intentional-homicide count.,
2ccbecdd-7435-4268-808f-18b28074791d,HARM,DEU,INTENTIONAL_HOMICIDE_COUNT,,PERSONS,2014-12-31,,2026-10-05T21:30:26.205582+00:00,NO_SOURCE_VALUE,,No source value retrieved,,UNAVAILABLE,UNAVAILABLE,SOURCE_DOWNLOAD_OR_SCHEMA_FAILURE,False,False,World Bank published intentional-homicide count.,
c2f9c69f-21d0-460d-9c5c-1de23a37eddd,HARM,DEU,INTENTIONAL_HOMICIDE_COUNT,,PERSONS,2015-12-31,,2026-10-05T21:30:26.205582+00:00,NO_SOURCE_VALUE,,No source value retrieved,,UNAVAILABLE,UNAVAILABLE,SOURCE_DOWNLOAD_OR_SCHEMA_FAILURE,False,False,World Bank published intentional-homicide count.,
f2b46dd7-713d-4221-ae51-2f82b41a00b8,HARM,DEU,INTENTIONAL_HOMICIDE_COUNT,,PERSONS,2016-12-31,,2026-10-05T21:30:26.205582+00:00,NO_SOURCE_VALUE,,No source value retrieved,,UNAVAILABLE,UNAVAILABLE,SOURCE_DOWNLOAD_OR_SCHEMA_FAILURE,False,False,World Bank published intentional-homicide count.,
0b3af85c-455b-4848-94db-b87050d0f90d,HARM,DEU,INTENTIONAL_HOMICIDE_COUNT,,PERSONS,2017-12-31,,2026-10-05T21:30:26.205582+00:00,NO_SOURCE_VALUE,,No source value retrieved,,UNAVAILABLE,UNAVAILABLE,SOURCE_DOWNLOAD_OR_SCHEMA_FAILURE,False,False,World Bank published intentional-homicide count.,
ba07a3d9-6dc8-4bfb-bb00-1bd49492d21b,HARM,DEU,INTENTIONAL_HOMICIDE_COUNT,,PERSONS,2018-12-31,,2026-10-05T21:30:26.205582+00:00,NO_SOURCE_VALUE,,No source value retrieved,,UNAVAILABLE,UNAVAILABLE,SOURCE_DOWNLOAD_OR_SCHEMA_FAILURE,False,False,World Bank published intentional-homicide count.,
1bacfd33-4ded-4833-ad86-03cda1793ca5,HARM,DEU,INTENTIONAL_HOMICIDE_COUNT,,PERSONS,2019-12-31,,2026-10-05T21:30:26.205582+00:00,NO_SOURCE_VALUE,,No source value retrieved,,UNAVAILABLE,UNAVAILABLE,SOURCE_DOWNLOAD_OR_SCHEMA_FAILURE,False,False,World Bank published intentional-homicide count.,
6f28e005-9451-4e84-8fd8-3577ad10f1e1,HARM,DEU,INTENTIONAL_HOMICIDE_COUNT,,PERSONS,2020-12-31,,2026-10-05T21:30:26.205582+00:00,NO_SOURCE_VALUE,,No source value retrieved,,UNAVAILABLE,UNAVAILABLE,SOURCE_DOWNLOAD_OR_SCHEMA_FAILURE,False,False,World Bank published intentional-homicide count.,
c6445f0a-b853-4712-a0cc-4510ac158bb2,HARM,DEU,INTENTIONAL_HOMICIDE_COUNT,,PERSONS,2021-12-31,,2026-10-05T21:30:26.205582+00:00,NO_SOURCE_VALUE,,No source value retrieved,,UNAVAILABLE,UNAVAILABLE,SOURCE_DOWNLOAD_OR_SCHEMA_FAILURE,False,False,World Bank published intentional-homicide count.,
addffb39-f6e1-4662-ae76-2d20fdc272d5,HARM,DEU,INTENTIONAL_HOMICIDE_COUNT,,PERSONS,2022-12-31,,2026-10-05T21:30:26.205582+00:00,NO_SOURCE_VALUE,,No source value retrieved,,UNAVAILABLE,UNAVAILABLE,SOURCE_DOWNLOAD_OR_SCHEMA_FAILURE,False,False,World Bank published intentional-homicide count.,
e0063de5-a2a2-4957-bbab-7eecfdde7ff7,HARM,DEU,INTENTIONAL_HOMICIDE_COUNT,,PERSONS,2023-12-31,,2026-10-05T21:30:26.205582+00:00,NO_SOURCE_VALUE,,No source value retrieved,,UNAVAILABLE,UNAVAILABLE,SOURCE_DOWNLOAD_OR_SCHEMA_FAILURE,False,False,World Bank published intentional-homicide count.,
5eb5f612-5232-4d2e-b664-8f8482c8c1d7,HARM,DEU,INTENTIONAL_HOMICIDE_COUNT,,PERSONS,2024-12-31,,2026-10-05T21:30:26.205582+00:00,NO_SOURCE_VALUE,,No source value retrieved,,UNAVAILABLE,UNAVAILABLE,SOURCE_DOWNLOAD_OR_SCHEMA_FAILURE,False,False,World Bank published intentional-homicide count.,
100879eb-b161-4ccb-a711-8b08e28da029,HARM,ESP,INTENTIONAL_HOMICIDE_COUNT,,PERSONS,1996-12-31,,2026-10-05T21:30:26.211428+00:00,NO_SOURCE_VALUE,,No source value retrieved,,UNAVAILABLE,UNAVAILABLE,SOURCE_DOWNLOAD_OR_SCHEMA_FAILURE,False,False,World Bank published intentional-homicide count.,
4b465f7c-2ebf-42e0-8b95-b7ed1a389774,HARM,ESP,INTENTIONAL_HOMICIDE_COUNT,,PERSONS,1997-12-31,,2026-10-05T21:30:26.211428+00:00,NO_SOURCE_VALUE,,No source value retrieved,,UNAVAILABLE,UNAVAILABLE,SOURCE_DOWNLOAD_OR_SCHEMA_FAILURE,False,False,World Bank published intentional-homicide count.,
60022fe4-e063-4f88-aec4-03d1a26d8ad6,HARM,ESP,INTENTIONAL_HOMICIDE_COUNT,,PERSONS,1998-12-31,,2026-10-05T21:30:26.211428+00:00,NO_SOURCE_VALUE,,No source value retrieved,,UNAVAILABLE,UNAVAILABLE,SOURCE_DOWNLOAD_OR_SCHEMA_FAILURE,False,False,World Bank published intentional-homicide count.,
db6846a4-a70d-4dc2-908f-73662de19080,HARM,ESP,INTENTIONAL_HOMICIDE_COUNT,,PERSONS,1999-12-31,,2026-10-05T21:30:26.211428+00:00,NO_SOURCE_VALUE,,No source value retrieved,,UNAVAILABLE,UNAVAILABLE,SOURCE_DOWNLOAD_OR_SCHEMA_FAILURE,False,False,World Bank published intentional-homicide count.,
73cd2529-6aa7-41bc-82f4-79e8a8b6c1e8,HARM,ESP,INTENTIONAL_HOMICIDE_COUNT,,PERSONS,2000-12-31,,2026-10-05T21:30:26.211428+00:00,NO_SOURCE_VALUE,,No source value retrieved,,UNAVAILABLE,UNAVAILABLE,SOURCE_DOWNLOAD_OR_SCHEMA_FAILURE,False,False,World Bank published intentional-homicide count.,
b1c63b86-f43c-4caf-a88a-247ebaef635d,HARM,ESP,INTENTIONAL_HOMICIDE_COUNT,,PERSONS,2001-12-31,,2026-10-05T21:30:26.211428+00:00,NO_SOURCE_VALUE,,No source value retrieved,,UNAVAILABLE,UNAVAILABLE,SOURCE_DOWNLOAD_OR_SCHEMA_FAILURE,False,False,World Bank published intentional-homicide count.,
4f61e9e0-2f2d-4938-b373-aa4bbadf792a,HARM,ESP,INTENTIONAL_HOMICIDE_COUNT,,PERSONS,2002-12-31,,2026-10-05T21:30:26.211428+00:00,NO_SOURCE_VALUE,,No source value retrieved,,UNAVAILABLE,UNAVAILABLE,SOURCE_DOWNLOAD_OR_SCHEMA_FAILURE,False,False,World Bank published intentional-homicide count.,
bad8ce76-e71a-410d-832d-68590631e25d,HARM,ESP,INTENTIONAL_HOMICIDE_COUNT,,PERSONS,2003-12-31,,2026-10-05T21:30:26.211428+00:00,NO_SOURCE_VALUE,,No source value retrieved,,UNAVAILABLE,UNAVAILABLE,SOURCE_DOWNLOAD_OR_SCHEMA_FAILURE,False,False,World Bank published intentional-homicide count.,
0e518c49-187c-4a86-8445-132209c3499e,HARM,ESP,INTENTIONAL_HOMICIDE_COUNT,,PERSONS,2004-12-31,,2026-10-05T21:30:26.211428+00:00,NO_SOURCE_VALUE,,No source value retrieved,,UNAVAILABLE,UNAVAILABLE,SOURCE_DOWNLOAD_OR_SCHEMA_FAILURE,False,False,World Bank published intentional-homicide count.,
e1c6cc1e-3e89-4b0c-bfc9-d8b64edc35a8,HARM,ESP,INTENTIONAL_HOMICIDE_COUNT,,PERSONS,2005-12-31,,2026-10-05T21:30:26.211428+00:00,NO_SOURCE_VALUE,,No source value retrieved,,UNAVAILABLE,UNAVAILABLE,SOURCE_DOWNLOAD_OR_SCHEMA_FAILURE,False,False,World Bank published intentional-homicide count.,
0452a85a-a2fc-41e4-a6c1-32b4afe0972f,HARM,ESP,INTENTIONAL_HOMICIDE_COUNT,,PERSONS,2006-12-31,,2026-10-05T21:30:26.211428+00:00,NO_SOURCE_VALUE,,No source value retrieved,,UNAVAILABLE,UNAVAILABLE,SOURCE_DOWNLOAD_OR_SCHEMA_FAILURE,False,False,World Bank published intentional-homicide count.,
ee245938-32d3-4f3e-9d0e-48043de9a92c,HARM,ESP,INTENTIONAL_HOMICIDE_COUNT,,PERSONS,2007-12-31,,2026-10-05T21:30:26.211428+00:00,NO_SOURCE_VALUE,,No source value retrieved,,UNAVAILABLE,UNAVAILABLE,SOURCE_DOWNLOAD_OR_SCHEMA_FAILURE,False,False,World Bank published intentional-homicide count.,
a0a7c15f-6a1a-4cf6-84ea-f03ccca58eea,HARM,ESP,INTENTIONAL_HOMICIDE_COUNT,,PERSONS,2008-12-31,,2026-10-05T21:30:26.211428+00:00,NO_SOURCE_VALUE,,No source value retrieved,,UNAVAILABLE,UNAVAILABLE,SOURCE_DOWNLOAD_OR_SCHEMA_FAILURE,False,False,World Bank published intentional-homicide count.,
6b6c967a-e2cd-4e0b-ae5e-f7503d28d6f7,HARM,ESP,INTENTIONAL_HOMICIDE_COUNT,,PERSONS,2009-12-31,,2026-10-05T21:30:26.211428+00:00,NO_SOURCE_VALUE,,No source value retrieved,,UNAVAILABLE,UNAVAILABLE,SOURCE_DOWNLOAD_OR_SCHEMA_FAILURE,False,False,World Bank published intentional-homicide count.,
d2f28d4d-9612-49ee-a7fa-9be2ec5a8111,HARM,ESP,INTENTIONAL_HOMICIDE_COUNT,,PERSONS,2010-12-31,,2026-10-05T21:30:26.211428+00:00,NO_SOURCE_VALUE,,No source value retrieved,,UNAVAILABLE,UNAVAILABLE,SOURCE_DOWNLOAD_OR_SCHEMA_FAILURE,False,False,World Bank published intentional-homicide count.,
45c8f640-2bfe-4014-b190-7c869f869f46,HARM,ESP,INTENTIONAL_HOMICIDE_COUNT,,PERSONS,2011-12-31,,2026-10-05T21:30:26.211428+00:00,NO_SOURCE_VALUE,,No source value retrieved,,UNAVAILABLE,UNAVAILABLE,SOURCE_DOWNLOAD_OR_SCHEMA_FAILURE,False,False,World Bank published intentional-homicide count.,
f3281915-ef74-4d78-8026-27ab98c2272f,HARM,ESP,INTENTIONAL_HOMICIDE_COUNT,,PERSONS,2012-12-31,,2026-10-05T21:30:26.211428+00:00,NO_SOURCE_VALUE,,No source value retrieved,,UNAVAILABLE,UNAVAILABLE,SOURCE_DOWNLOAD_OR_SCHEMA_FAILURE,False,False,World Bank published intentional-homicide count.,
0d1f1248-4d6e-416d-a6cc-efabc48588d9,HARM,ESP,INTENTIONAL_HOMICIDE_COUNT,,PERSONS,2013-12-31,,2026-10-05T21:30:26.211428+00:00,NO_SOURCE_VALUE,,No source value retrieved,,UNAVAILABLE,UNAVAILABLE,SOURCE_DOWNLOAD_OR_SCHEMA_FAILURE,False,False,World Bank published intentional-homicide count.,
e9da55df-b15a-4d78-b014-9985755cf708,HARM,ESP,INTENTIONAL_HOMICIDE_COUNT,,PERSONS,2014-12-31,,2026-10-05T21:30:26.211428+00:00,NO_SOURCE_VALUE,,No source value retrieved,,UNAVAILABLE,UNAVAILABLE,SOURCE_DOWNLOAD_OR_SCHEMA_FAILURE,False,False,World Bank published intentional-homicide count.,
4192d85f-c9f6-4915-8f23-5aa5ddc0440f,HARM,ESP,INTENTIONAL_HOMICIDE_COUNT,,PERSONS,2015-12-31,,2026-10-05T21:30:26.211428+00:00,NO_SOURCE_VALUE,,No source value retrieved,,UNAVAILABLE,UNAVAILABLE,SOURCE_DOWNLOAD_OR_SCHEMA_FAILURE,False,False,World Bank published intentional-homicide count.,
84d35147-d673-4168-8784-1e8da852598b,HARM,ESP,INTENTIONAL_HOMICIDE_COUNT,,PERSONS,2016-12-31,,2026-10-05T21:30:26.211428+00:00,NO_SOURCE_VALUE,,No source value retrieved,,UNAVAILABLE,UNAVAILABLE,SOURCE_DOWNLOAD_OR_SCHEMA_FAILURE,False,False,World Bank published intentional-homicide count.,
6752f274-a544-4aa4-bd8c-0730bd2acc4b,HARM,ESP,INTENTIONAL_HOMICIDE_COUNT,,PERSONS,2017-12-31,,2026-10-05T21:30:26.211428+00:00,NO_SOURCE_VALUE,,No source value retrieved,,UNAVAILABLE,UNAVAILABLE,SOURCE_DOWNLOAD_OR_SCHEMA_FAILURE,False,False,World Bank published intentional-homicide count.,
d44b86bd-2443-4f3c-9fce-bac1bcf0e228,HARM,ESP,INTENTIONAL_HOMICIDE_COUNT,,PERSONS,2018-12-31,,2026-10-05T21:30:26.211428+00:00,NO_SOURCE_VALUE,,No source value retrieved,,UNAVAILABLE,UNAVAILABLE,SOURCE_DOWNLOAD_OR_SCHEMA_FAILURE,False,False,World Bank published intentional-homicide count.,
2321528b-2c5c-46f1-a976-b652788445f5,HARM,ESP,INTENTIONAL_HOMICIDE_COUNT,,PERSONS,2019-12-31,,2026-10-05T21:30:26.211428+00:00,NO_SOURCE_VALUE,,No source value retrieved,,UNAVAILABLE,UNAVAILABLE,SOURCE_DOWNLOAD_OR_SCHEMA_FAILURE,False,False,World Bank published intentional-homicide count.,
e702faf6-72cf-4b9b-b75f-ef3952c501ad,HARM,ESP,INTENTIONAL_HOMICIDE_COUNT,,PERSONS,2020-12-31,,2026-10-05T21:30:26.211428+00:00,NO_SOURCE_VALUE,,No source value retrieved,,UNAVAILABLE,UNAVAILABLE,SOURCE_DOWNLOAD_OR_SCHEMA_FAILURE,False,False,World Bank published intentional-homicide count.,
7f6f367b-bd05-4791-9a40-ef58a7ae6a94,HARM,ESP,INTENTIONAL_HOMICIDE_COUNT,,PERSONS,2021-12-31,,2026-10-05T21:30:26.211428+00:00,NO_SOURCE_VALUE,,No source value retrieved,,UNAVAILABLE,UNAVAILABLE,SOURCE_DOWNLOAD_OR_SCHEMA_FAILURE,False,False,World Bank published intentional-homicide count.,
83997a07-ca16-4e4a-9f69-4c26a071d078,HARM,ESP,INTENTIONAL_HOMICIDE_COUNT,,PERSONS,2022-12-31,,2026-10-05T21:30:26.211428+00:00,NO_SOURCE_VALUE,,No source value retrieved,,UNAVAILABLE,UNAVAILABLE,SOURCE_DOWNLOAD_OR_SCHEMA_FAILURE,False,False,World Bank published intentional-homicide count.,
70c0bd18-35f0-4d30-b2f6-4cfba4f29313,HARM,ESP,INTENTIONAL_HOMICIDE_COUNT,,PERSONS,2023-12-31,,2026-10-05T21:30:26.211428+00:00,NO_SOURCE_VALUE,,No source value retrieved,,UNAVAILABLE,UNAVAILABLE,SOURCE_DOWNLOAD_OR_SCHEMA_FAILURE,False,False,World Bank published intentional-homicide count.,
0d0e5d3c-f300-4cbd-8dad-928b96226828,HARM,ESP,INTENTIONAL_HOMICIDE_COUNT,,PERSONS,2024-12-31,,2026-10-05T21:30:26.211428+00:00,NO_SOURCE_VALUE,,No source value retrieved,,UNAVAILABLE,UNAVAILABLE,SOURCE_DOWNLOAD_OR_SCHEMA_FAILURE,False,False,World Bank published intentional-homicide count.,
24101fa1-58d6-4839-87d7-041fe98badbf,HARM,FRA,INTENTIONAL_HOMICIDE_COUNT,,PERSONS,1996-12-31,,2026-10-05T21:30:26.216060+00:00,NO_SOURCE_VALUE,,No source value retrieved,,UNAVAILABLE,UNAVAILABLE,SOURCE_DOWNLOAD_OR_SCHEMA_FAILURE,False,False,World Bank published intentional-homicide count.,
4baefb52-9c20-4a0f-833c-571707158384,HARM,FRA,INTENTIONAL_HOMICIDE_COUNT,,PERSONS,1997-12-31,,2026-10-05T21:30:26.216060+00:00,NO_SOURCE_VALUE,,No source value retrieved,,UNAVAILABLE,UNAVAILABLE,SOURCE_DOWNLOAD_OR_SCHEMA_FAILURE,False,False,World Bank published intentional-homicide count.,
cc8e90bc-15fc-45c3-9f6e-b7334b6b7a21,HARM,FRA,INTENTIONAL_HOMICIDE_COUNT,,PERSONS,1998-12-31,,2026-10-05T21:30:26.216060+00:00,NO_SOURCE_VALUE,,No source value retrieved,,UNAVAILABLE,UNAVAILABLE,SOURCE_DOWNLOAD_OR_SCHEMA_FAILURE,False,False,World Bank published intentional-homicide count.,
9b4bd1c4-ce3b-485f-bca9-cc3c78de9cfa,HARM,FRA,INTENTIONAL_HOMICIDE_COUNT,,PERSONS,1999-12-31,,2026-10-05T21:30:26.216060+00:00,NO_SOURCE_VALUE,,No source value retrieved,,UNAVAILABLE,UNAVAILABLE,SOURCE_DOWNLOAD_OR_SCHEMA_FAILURE,False,False,World Bank published intentional-homicide count.,
3967fc7e-f637-45e3-84ab-7ec77820816d,HARM,FRA,INTENTIONAL_HOMICIDE_COUNT,,PERSONS,2000-12-31,,2026-10-05T21:30:26.216060+00:00,NO_SOURCE_VALUE,,No source value retrieved,,UNAVAILABLE,UNAVAILABLE,SOURCE_DOWNLOAD_OR_SCHEMA_FAILURE,False,False,World Bank published intentional-homicide count.,
4abd6c39-6b9c-46e7-8ab5-49be3d87e6df,HARM,FRA,INTENTIONAL_HOMICIDE_COUNT,,PERSONS,2001-12-31,,2026-10-05T21:30:26.216060+00:00,NO_SOURCE_VALUE,,No source value retrieved,,UNAVAILABLE,UNAVAILABLE,SOURCE_DOWNLOAD_OR_SCHEMA_FAILURE,False,False,World Bank published intentional-homicide count.,
ed9d6dea-831f-4e96-8014-d5c18b838965,HARM,FRA,INTENTIONAL_HOMICIDE_COUNT,,PERSONS,2002-12-31,,2026-10-05T21:30:26.216060+00:00,NO_SOURCE_VALUE,,No source value retrieved,,UNAVAILABLE,UNAVAILABLE,SOURCE_DOWNLOAD_OR_SCHEMA_FAILURE,False,False,World Bank published intentional-homicide count.,
106d39b0-d121-491e-9fbc-31cf9abb289f,HARM,FRA,INTENTIONAL_HOMICIDE_COUNT,,PERSONS,2003-12-31,,2026-10-05T21:30:26.216060+00:00,NO_SOURCE_VALUE,,No source value retrieved,,UNAVAILABLE,UNAVAILABLE,SOURCE_DOWNLOAD_OR_SCHEMA_FAILURE,False,False,World Bank published intentional-homicide count.,
44782d59-d70a-4a74-a687-977bf50e8e87,HARM,FRA,INTENTIONAL_HOMICIDE_COUNT,,PERSONS,2004-12-31,,2026-10-05T21:30:26.216060+00:00,NO_SOURCE_VALUE,,No source value retrieved,,UNAVAILABLE,UNAVAILABLE,SOURCE_DOWNLOAD_OR_SCHEMA_FAILURE,False,False,World Bank published intentional-homicide count.,
5bd0c678-8a9a-427a-a91f-ac465095de8e,HARM,FRA,INTENTIONAL_HOMICIDE_COUNT,,PERSONS,2005-12-31,,2026-10-05T21:30:26.216060+00:00,NO_SOURCE_VALUE,,No source value retrieved,,UNAVAILABLE,UNAVAILABLE,SOURCE_DOWNLOAD_OR_SCHEMA_FAILURE,False,False,World Bank published intentional-homicide count.,
9beb298b-e055-4df8-92c0-888bdaf8e13e,HARM,FRA,INTENTIONAL_HOMICIDE_COUNT,,PERSONS,2006-12-31,,2026-10-05T21:30:26.216060+00:00,NO_SOURCE_VALUE,,No source value retrieved,,UNAVAILABLE,UNAVAILABLE,SOURCE_DOWNLOAD_OR_SCHEMA_FAILURE,False,False,World Bank published intentional-homicide count.,
632ef5ff-ee88-4f75-8105-ff8677719eb1,HARM,FRA,INTENTIONAL_HOMICIDE_COUNT,,PERSONS,2007-12-31,,2026-10-05T21:30:26.216060+00:00,NO_SOURCE_VALUE,,No source value retrieved,,UNAVAILABLE,UNAVAILABLE,SOURCE_DOWNLOAD_OR_SCHEMA_FAILURE,False,False,World Bank published intentional-homicide count.,
ed94ceb9-dce7-402b-a893-01d3f8b2f018,HARM,FRA,INTENTIONAL_HOMICIDE_COUNT,,PERSONS,2008-12-31,,2026-10-05T21:30:26.216060+00:00,NO_SOURCE_VALUE,,No source value retrieved,,UNAVAILABLE,UNAVAILABLE,SOURCE_DOWNLOAD_OR_SCHEMA_FAILURE,False,False,World Bank published intentional-homicide count.,
f423fe1d-41b6-4d8d-b346-e12b4641c5af,HARM,FRA,INTENTIONAL_HOMICIDE_COUNT,,PERSONS,2009-12-31,,2026-10-05T21:30:26.216060+00:00,NO_SOURCE_VALUE,,No source value retrieved,,UNAVAILABLE,UNAVAILABLE,SOURCE_DOWNLOAD_OR_SCHEMA_FAILURE,False,False,World Bank published intentional-homicide count.,
c60af7d4-78d5-4b93-bdaf-1ffa417c4287,HARM,FRA,INTENTIONAL_HOMICIDE_COUNT,,PERSONS,2010-12-31,,2026-10-05T21:30:26.216060+00:00,NO_SOURCE_VALUE,,No source value retrieved,,UNAVAILABLE,UNAVAILABLE,SOURCE_DOWNLOAD_OR_SCHEMA_FAILURE,False,False,World Bank published intentional-homicide count.,
b648e8c5-4dd9-4bb5-aa3a-22f17634de4b,HARM,FRA,INTENTIONAL_HOMICIDE_COUNT,,PERSONS,2011-12-31,,2026-10-05T21:30:26.216060+00:00,NO_SOURCE_VALUE,,No source value retrieved,,UNAVAILABLE,UNAVAILABLE,SOURCE_DOWNLOAD_OR_SCHEMA_FAILURE,False,False,World Bank published intentional-homicide count.,
b1191b69-f34f-4116-830c-3322cdb0191f,HARM,FRA,INTENTIONAL_HOMICIDE_COUNT,,PERSONS,2012-12-31,,2026-10-05T21:30:26.216060+00:00,NO_SOURCE_VALUE,,No source value retrieved,,UNAVAILABLE,UNAVAILABLE,SOURCE_DOWNLOAD_OR_SCHEMA_FAILURE,False,False,World Bank published intentional-homicide count.,
50e80952-9db0-4d19-a11d-14ae480d6d6f,HARM,FRA,INTENTIONAL_HOMICIDE_COUNT,,PERSONS,2013-12-31,,2026-10-05T21:30:26.216060+00:00,NO_SOURCE_VALUE,,No source value retrieved,,UNAVAILABLE,UNAVAILABLE,SOURCE_DOWNLOAD_OR_SCHEMA_FAILURE,False,False,World Bank published intentional-homicide count.,
b7651394-38f0-4ec2-b069-09c9147c5310,HARM,FRA,INTENTIONAL_HOMICIDE_COUNT,,PERSONS,2014-12-31,,2026-10-05T21:30:26.216060+00:00,NO_SOURCE_VALUE,,No source value retrieved,,UNAVAILABLE,UNAVAILABLE,SOURCE_DOWNLOAD_OR_SCHEMA_FAILURE,False,False,World Bank published intentional-homicide count.,
b345f122-9949-4c1b-968b-0725fe4ee235,HARM,FRA,INTENTIONAL_HOMICIDE_COUNT,,PERSONS,2015-12-31,,2026-10-05T21:30:26.216060+00:00,NO_SOURCE_VALUE,,No source value retrieved,,UNAVAILABLE,UNAVAILABLE,SOURCE_DOWNLOAD_OR_SCHEMA_FAILURE,False,False,World Bank published intentional-homicide count.,
5277bc80-fa30-46dc-a11e-c73ab38599f3,HARM,FRA,INTENTIONAL_HOMICIDE_COUNT,,PERSONS,2016-12-31,,2026-10-05T21:30:26.216060+00:00,NO_SOURCE_VALUE,,No source value retrieved,,UNAVAILABLE,UNAVAILABLE,SOURCE_DOWNLOAD_OR_SCHEMA_FAILURE,False,False,World Bank published intentional-homicide count.,
06d57a75-8e97-4f6b-8952-d5fe4b1c2feb,HARM,FRA,INTENTIONAL_HOMICIDE_COUNT,,PERSONS,2017-12-31,,2026-10-05T21:30:26.216060+00:00,NO_SOURCE_VALUE,,No source value retrieved,,UNAVAILABLE,UNAVAILABLE,SOURCE_DOWNLOAD_OR_SCHEMA_FAILURE,False,False,World Bank published intentional-homicide count.,
222748a3-800d-4b44-8352-fd3785bdc867,HARM,FRA,INTENTIONAL_HOMICIDE_COUNT,,PERSONS,2018-12-31,,2026-10-05T21:30:26.216060+00:00,NO_SOURCE_VALUE,,No source value retrieved,,UNAVAILABLE,UNAVAILABLE,SOURCE_DOWNLOAD_OR_SCHEMA_FAILURE,False,False,World Bank published intentional-homicide count.,
ed28cc42-f46e-4bfd-b34b-7d4a1df89769,HARM,FRA,INTENTIONAL_HOMICIDE_COUNT,,PERSONS,2019-12-31,,2026-10-05T21:30:26.216060+00:00,NO_SOURCE_VALUE,,No source value retrieved,,UNAVAILABLE,UNAVAILABLE,SOURCE_DOWNLOAD_OR_SCHEMA_FAILURE,False,False,World Bank published intentional-homicide count.,
d13f1ef2-e28e-41d4-af1c-e2f270960fd6,HARM,FRA,INTENTIONAL_HOMICIDE_COUNT,,PERSONS,2020-12-31,,2026-10-05T21:30:26.216060+00:00,NO_SOURCE_VALUE,,No source value retrieved,,UNAVAILABLE,UNAVAILABLE,SOURCE_DOWNLOAD_OR_SCHEMA_FAILURE,False,False,World Bank published intentional-homicide count.,
fd8cda95-87d5-4707-8c8e-e1f92f6fe5db,HARM,FRA,INTENTIONAL_HOMICIDE_COUNT,,PERSONS,2021-12-31,,2026-10-05T21:30:26.216060+00:00,NO_SOURCE_VALUE,,No source value retrieved,,UNAVAILABLE,UNAVAILABLE,SOURCE_DOWNLOAD_OR_SCHEMA_FAILURE,False,False,World Bank published intentional-homicide count.,
506c717d-8039-4594-b728-c3d4d30bd361,HARM,FRA,INTENTIONAL_HOMICIDE_COUNT,,PERSONS,2022-12-31,,2026-10-05T21:30:26.216060+00:00,NO_SOURCE_VALUE,,No source value retrieved,,UNAVAILABLE,UNAVAILABLE,SOURCE_DOWNLOAD_OR_SCHEMA_FAILURE,False,False,World Bank published intentional-homicide count.,
3e756501-15ea-4223-bf81-4925322b9cd0,HARM,FRA,INTENTIONAL_HOMICIDE_COUNT,,PERSONS,2023-12-31,,2026-10-05T21:30:26.216060+00:00,NO_SOURCE_VALUE,,No source value retrieved,,UNAVAILABLE,UNAVAILABLE,SOURCE_DOWNLOAD_OR_SCHEMA_FAILURE,False,False,World Bank published intentional-homicide count.,
09ae7230-0d24-4c54-ab57-6ffa27e0d13e,HARM,FRA,INTENTIONAL_HOMICIDE_COUNT,,PERSONS,2024-12-31,,2026-10-05T21:30:26.216060+00:00,NO_SOURCE_VALUE,,No source value retrieved,,UNAVAILABLE,UNAVAILABLE,SOURCE_DOWNLOAD_OR_SCHEMA_FAILURE,False,False,World Bank published intentional-homicide count.,
983fc1f8-dc36-4968-96fa-9b34e3d5ad0a,HARM,GBR,INTENTIONAL_HOMICIDE_COUNT,,PERSONS,1996-12-31,,2026-10-05T21:30:26.221064+00:00,NO_SOURCE_VALUE,,No source value retrieved,,UNAVAILABLE,UNAVAILABLE,SOURCE_DOWNLOAD_OR_SCHEMA_FAILURE,False,False,World Bank published intentional-homicide count.,
66931762-5fbf-42cc-a027-7e858abc26d8,HARM,GBR,INTENTIONAL_HOMICIDE_COUNT,,PERSONS,1997-12-31,,2026-10-05T21:30:26.221064+00:00,NO_SOURCE_VALUE,,No source value retrieved,,UNAVAILABLE,UNAVAILABLE,SOURCE_DOWNLOAD_OR_SCHEMA_FAILURE,False,False,World Bank published intentional-homicide count.,
91547815-16a3-4dad-a729-2a3a69f52a6b,HARM,GBR,INTENTIONAL_HOMICIDE_COUNT,,PERSONS,1998-12-31,,2026-10-05T21:30:26.221064+00:00,NO_SOURCE_VALUE,,No source value retrieved,,UNAVAILABLE,UNAVAILABLE,SOURCE_DOWNLOAD_OR_SCHEMA_FAILURE,False,False,World Bank published intentional-homicide count.,
2bb49566-0d78-40c5-ab0b-218250d9d2aa,HARM,GBR,INTENTIONAL_HOMICIDE_COUNT,,PERSONS,1999-12-31,,2026-10-05T21:30:26.221064+00:00,NO_SOURCE_VALUE,,No source value retrieved,,UNAVAILABLE,UNAVAILABLE,SOURCE_DOWNLOAD_OR_SCHEMA_FAILURE,False,False,World Bank published intentional-homicide count.,
b1ad88fb-2576-47f6-8777-04bd17917f09,HARM,GBR,INTENTIONAL_HOMICIDE_COUNT,,PERSONS,2000-12-31,,2026-10-05T21:30:26.221064+00:00,NO_SOURCE_VALUE,,No source value retrieved,,UNAVAILABLE,UNAVAILABLE,SOURCE_DOWNLOAD_OR_SCHEMA_FAILURE,False,False,World Bank published intentional-homicide count.,
eba1a728-7197-4efc-9c21-1f333ff2a997,HARM,GBR,INTENTIONAL_HOMICIDE_COUNT,,PERSONS,2001-12-31,,2026-10-05T21:30:26.221064+00:00,NO_SOURCE_VALUE,,No source value retrieved,,UNAVAILABLE,UNAVAILABLE,SOURCE_DOWNLOAD_OR_SCHEMA_FAILURE,False,False,World Bank published intentional-homicide count.,
84970819-c746-444b-a48c-0281b3cd7058,HARM,GBR,INTENTIONAL_HOMICIDE_COUNT,,PERSONS,2002-12-31,,2026-10-05T21:30:26.221064+00:00,NO_SOURCE_VALUE,,No source value retrieved,,UNAVAILABLE,UNAVAILABLE,SOURCE_DOWNLOAD_OR_SCHEMA_FAILURE,False,False,World Bank published intentional-homicide count.,
905b2eed-4069-4286-b9f1-726c144c3a17,HARM,GBR,INTENTIONAL_HOMICIDE_COUNT,,PERSONS,2003-12-31,,2026-10-05T21:30:26.221064+00:00,NO_SOURCE_VALUE,,No source value retrieved,,UNAVAILABLE,UNAVAILABLE,SOURCE_DOWNLOAD_OR_SCHEMA_FAILURE,False,False,World Bank published intentional-homicide count.,
1524f970-a12a-403a-8242-45a4237afc25,HARM,GBR,INTENTIONAL_HOMICIDE_COUNT,,PERSONS,2004-12-31,,2026-10-05T21:30:26.221064+00:00,NO_SOURCE_VALUE,,No source value retrieved,,UNAVAILABLE,UNAVAILABLE,SOURCE_DOWNLOAD_OR_SCHEMA_FAILURE,False,False,World Bank published intentional-homicide count.,
6b46cb5b-d2ef-4eef-a0f6-d69292e7fd14,HARM,GBR,INTENTIONAL_HOMICIDE_COUNT,,PERSONS,2005-12-31,,2026-10-05T21:30:26.221064+00:00,NO_SOURCE_VALUE,,No source value retrieved,,UNAVAILABLE,UNAVAILABLE,SOURCE_DOWNLOAD_OR_SCHEMA_FAILURE,False,False,World Bank published intentional-homicide count.,
1b73ceb5-690d-4a87-a1f3-9d8902c850b1,HARM,GBR,INTENTIONAL_HOMICIDE_COUNT,,PERSONS,2006-12-31,,2026-10-05T21:30:26.221064+00:00,NO_SOURCE_VALUE,,No source value retrieved,,UNAVAILABLE,UNAVAILABLE,SOURCE_DOWNLOAD_OR_SCHEMA_FAILURE,False,False,World Bank published intentional-homicide count.,
2d719000-480e-4c46-820f-febd3150301b,HARM,GBR,INTENTIONAL_HOMICIDE_COUNT,,PERSONS,2007-12-31,,2026-10-05T21:30:26.221064+00:00,NO_SOURCE_VALUE,,No source value retrieved,,UNAVAILABLE,UNAVAILABLE,SOURCE_DOWNLOAD_OR_SCHEMA_FAILURE,False,False,World Bank published intentional-homicide count.,
fda79542-46ce-46cb-924b-80f0bbb1b719,HARM,GBR,INTENTIONAL_HOMICIDE_COUNT,,PERSONS,2008-12-31,,2026-10-05T21:30:26.221064+00:00,NO_SOURCE_VALUE,,No source value retrieved,,UNAVAILABLE,UNAVAILABLE,SOURCE_DOWNLOAD_OR_SCHEMA_FAILURE,False,False,World Bank published intentional-homicide count.,
4588655a-f0c6-4362-9e3b-33bb7e2cbfe7,HARM,GBR,INTENTIONAL_HOMICIDE_COUNT,,PERSONS,2009-12-31,,2026-10-05T21:30:26.221064+00:00,NO_SOURCE_VALUE,,No source value retrieved,,UNAVAILABLE,UNAVAILABLE,SOURCE_DOWNLOAD_OR_SCHEMA_FAILURE,False,False,World Bank published intentional-homicide count.,
7b02c703-baf3-46a0-b695-fada5e90b9af,HARM,GBR,INTENTIONAL_HOMICIDE_COUNT,,PERSONS,2010-12-31,,2026-10-05T21:30:26.221064+00:00,NO_SOURCE_VALUE,,No source value retrieved,,UNAVAILABLE,UNAVAILABLE,SOURCE_DOWNLOAD_OR_SCHEMA_FAILURE,False,False,World Bank published intentional-homicide count.,
cf692010-4faa-4754-8389-4385622d17a7,HARM,GBR,INTENTIONAL_HOMICIDE_COUNT,,PERSONS,2011-12-31,,2026-10-05T21:30:26.221064+00:00,NO_SOURCE_VALUE,,No source value retrieved,,UNAVAILABLE,UNAVAILABLE,SOURCE_DOWNLOAD_OR_SCHEMA_FAILURE,False,False,World Bank published intentional-homicide count.,
52819ebd-98fc-493f-83f4-3376f5d78fa9,HARM,GBR,INTENTIONAL_HOMICIDE_COUNT,,PERSONS,2012-12-31,,2026-10-05T21:30:26.221064+00:00,NO_SOURCE_VALUE,,No source value retrieved,,UNAVAILABLE,UNAVAILABLE,SOURCE_DOWNLOAD_OR_SCHEMA_FAILURE,False,False,World Bank published intentional-homicide count.,
3f583a3d-d316-416b-8197-72690fab7493,HARM,GBR,INTENTIONAL_HOMICIDE_COUNT,,PERSONS,2013-12-31,,2026-10-05T21:30:26.221064+00:00,NO_SOURCE_VALUE,,No source value retrieved,,UNAVAILABLE,UNAVAILABLE,SOURCE_DOWNLOAD_OR_SCHEMA_FAILURE,False,False,World Bank published intentional-homicide count.,
42aa6d8f-9d54-443e-b5c2-5c5593f69e3b,HARM,GBR,INTENTIONAL_HOMICIDE_COUNT,,PERSONS,2014-12-31,,2026-10-05T21:30:26.221064+00:00,NO_SOURCE_VALUE,,No source value retrieved,,UNAVAILABLE,UNAVAILABLE,SOURCE_DOWNLOAD_OR_SCHEMA_FAILURE,False,False,World Bank published intentional-homicide count.,
4e80b0cb-3dfc-40bb-9229-042e797fafa5,HARM,GBR,INTENTIONAL_HOMICIDE_COUNT,,PERSONS,2015-12-31,,2026-10-05T21:30:26.221064+00:00,NO_SOURCE_VALUE,,No source value retrieved,,UNAVAILABLE,UNAVAILABLE,SOURCE_DOWNLOAD_OR_SCHEMA_FAILURE,False,False,World Bank published intentional-homicide count.,
ad3b1215-1087-44f8-a858-c2a31bc0fca9,HARM,GBR,INTENTIONAL_HOMICIDE_COUNT,,PERSONS,2016-12-31,,2026-10-05T21:30:26.221064+00:00,NO_SOURCE_VALUE,,No source value retrieved,,UNAVAILABLE,UNAVAILABLE,SOURCE_DOWNLOAD_OR_SCHEMA_FAILURE,False,False,World Bank published intentional-homicide count.,
b74c5c5c-639c-47be-ba13-c0aaf77a96c8,HARM,GBR,INTENTIONAL_HOMICIDE_COUNT,,PERSONS,2017-12-31,,2026-10-05T21:30:26.221064+00:00,NO_SOURCE_VALUE,,No source value retrieved,,UNAVAILABLE,UNAVAILABLE,SOURCE_DOWNLOAD_OR_SCHEMA_FAILURE,False,False,World Bank published intentional-homicide count.,
84f572fc-7da3-4ab9-a3cd-8ebd66b58c0c,HARM,GBR,INTENTIONAL_HOMICIDE_COUNT,,PERSONS,2018-12-31,,2026-10-05T21:30:26.221064+00:00,NO_SOURCE_VALUE,,No source value retrieved,,UNAVAILABLE,UNAVAILABLE,SOURCE_DOWNLOAD_OR_SCHEMA_FAILURE,False,False,World Bank published intentional-homicide count.,
37040aea-cb49-4212-b3ec-e8f68e786bc6,HARM,GBR,INTENTIONAL_HOMICIDE_COUNT,,PERSONS,2019-12-31,,2026-10-05T21:30:26.221064+00:00,NO_SOURCE_VALUE,,No source value retrieved,,UNAVAILABLE,UNAVAILABLE,SOURCE_DOWNLOAD_OR_SCHEMA_FAILURE,False,False,World Bank published intentional-homicide count.,
7b9cc130-b00e-469d-95d8-5aa08fc4f555,HARM,GBR,INTENTIONAL_HOMICIDE_COUNT,,PERSONS,2020-12-31,,2026-10-05T21:30:26.221064+00:00,NO_SOURCE_VALUE,,No source value retrieved,,UNAVAILABLE,UNAVAILABLE,SOURCE_DOWNLOAD_OR_SCHEMA_FAILURE,False,False,World Bank published intentional-homicide count.,
db691e3d-9ccc-4341-8bd0-6523ca9a0348,HARM,GBR,INTENTIONAL_HOMICIDE_COUNT,,PERSONS,2021-12-31,,2026-10-05T21:30:26.221064+00:00,NO_SOURCE_VALUE,,No source value retrieved,,UNAVAILABLE,UNAVAILABLE,SOURCE_DOWNLOAD_OR_SCHEMA_FAILURE,False,False,World Bank published intentional-homicide count.,
b1dc8821-255c-4f8a-b5b0-426a6ba5d14c,HARM,GBR,INTENTIONAL_HOMICIDE_COUNT,,PERSONS,2022-12-31,,2026-10-05T21:30:26.221064+00:00,NO_SOURCE_VALUE,,No source value retrieved,,UNAVAILABLE,UNAVAILABLE,SOURCE_DOWNLOAD_OR_SCHEMA_FAILURE,False,False,World Bank published intentional-homicide count.,
fa94e27a-923d-4a59-a0ba-42bf6e2d0d22,HARM,GBR,INTENTIONAL_HOMICIDE_COUNT,,PERSONS,2023-12-31,,2026-10-05T21:30:26.221064+00:00,NO_SOURCE_VALUE,,No source value retrieved,,UNAVAILABLE,UNAVAILABLE,SOURCE_DOWNLOAD_OR_SCHEMA_FAILURE,False,False,World Bank published intentional-homicide count.,
720b1b82-bb1e-4f25-9874-f6b3d6891ba7,HARM,GBR,INTENTIONAL_HOMICIDE_COUNT,,PERSONS,2024-12-31,,2026-10-05T21:30:26.221064+00:00,NO_SOURCE_VALUE,,No source value retrieved,,UNAVAILABLE,UNAVAILABLE,SOURCE_DOWNLOAD_OR_SCHEMA_FAILURE,False,False,World Bank published intentional-homicide count.,
bc830b0d-8fc8-4901-abef-7f246b13ebd8,HARM,GRC,INTENTIONAL_HOMICIDE_COUNT,,PERSONS,1996-12-31,,2026-10-05T21:30:26.226061+00:00,NO_SOURCE_VALUE,,No source value retrieved,,UNAVAILABLE,UNAVAILABLE,SOURCE_DOWNLOAD_OR_SCHEMA_FAILURE,False,False,World Bank published intentional-homicide count.,
0aa921d5-c3e6-4481-816e-c6e0fffad63c,HARM,GRC,INTENTIONAL_HOMICIDE_COUNT,,PERSONS,1997-12-31,,2026-10-05T21:30:26.226061+00:00,NO_SOURCE_VALUE,,No source value retrieved,,UNAVAILABLE,UNAVAILABLE,SOURCE_DOWNLOAD_OR_SCHEMA_FAILURE,False,False,World Bank published intentional-homicide count.,
b57a6a2a-fb40-4158-ad1d-3c03397710a9,HARM,GRC,INTENTIONAL_HOMICIDE_COUNT,,PERSONS,1998-12-31,,2026-10-05T21:30:26.226061+00:00,NO_SOURCE_VALUE,,No source value retrieved,,UNAVAILABLE,UNAVAILABLE,SOURCE_DOWNLOAD_OR_SCHEMA_FAILURE,False,False,World Bank published intentional-homicide count.,
7e0eb05b-9d3d-459f-b208-7e5e5aa0fedb,HARM,GRC,INTENTIONAL_HOMICIDE_COUNT,,PERSONS,1999-12-31,,2026-10-05T21:30:26.226061+00:00,NO_SOURCE_VALUE,,No source value retrieved,,UNAVAILABLE,UNAVAILABLE,SOURCE_DOWNLOAD_OR_SCHEMA_FAILURE,False,False,World Bank published intentional-homicide count.,
98a78d17-52f3-4d55-80d5-9e0c2ebf8c43,HARM,GRC,INTENTIONAL_HOMICIDE_COUNT,,PERSONS,2000-12-31,,2026-10-05T21:30:26.226061+00:00,NO_SOURCE_VALUE,,No source value retrieved,,UNAVAILABLE,UNAVAILABLE,SOURCE_DOWNLOAD_OR_SCHEMA_FAILURE,False,False,World Bank published intentional-homicide count.,
30296e8d-d039-4427-8120-6b1c6f306947,HARM,GRC,INTENTIONAL_HOMICIDE_COUNT,,PERSONS,2001-12-31,,2026-10-05T21:30:26.226061+00:00,NO_SOURCE_VALUE,,No source value retrieved,,UNAVAILABLE,UNAVAILABLE,SOURCE_DOWNLOAD_OR_SCHEMA_FAILURE,False,False,World Bank published intentional-homicide count.,
8871ef71-3cea-492c-96e0-1d5574f186d9,HARM,GRC,INTENTIONAL_HOMICIDE_COUNT,,PERSONS,2002-12-31,,2026-10-05T21:30:26.226061+00:00,NO_SOURCE_VALUE,,No source value retrieved,,UNAVAILABLE,UNAVAILABLE,SOURCE_DOWNLOAD_OR_SCHEMA_FAILURE,False,False,World Bank published intentional-homicide count.,
006c00b9-b20c-4a6e-bfb3-56fbfe79b868,HARM,GRC,INTENTIONAL_HOMICIDE_COUNT,,PERSONS,2003-12-31,,2026-10-05T21:30:26.226061+00:00,NO_SOURCE_VALUE,,No source value retrieved,,UNAVAILABLE,UNAVAILABLE,SOURCE_DOWNLOAD_OR_SCHEMA_FAILURE,False,False,World Bank published intentional-homicide count.,
aa38d7af-853a-4dcd-95f2-84306dff1813,HARM,GRC,INTENTIONAL_HOMICIDE_COUNT,,PERSONS,2004-12-31,,2026-10-05T21:30:26.226061+00:00,NO_SOURCE_VALUE,,No source value retrieved,,UNAVAILABLE,UNAVAILABLE,SOURCE_DOWNLOAD_OR_SCHEMA_FAILURE,False,False,World Bank published intentional-homicide count.,
0968e1c1-9763-4f98-ad07-1e08088514ad,HARM,GRC,INTENTIONAL_HOMICIDE_COUNT,,PERSONS,2005-12-31,,2026-10-05T21:30:26.226061+00:00,NO_SOURCE_VALUE,,No source value retrieved,,UNAVAILABLE,UNAVAILABLE,SOURCE_DOWNLOAD_OR_SCHEMA_FAILURE,False,False,World Bank published intentional-homicide count.,
79d1d12c-6c5c-434d-9dc6-11364f5b2f60,HARM,GRC,INTENTIONAL_HOMICIDE_COUNT,,PERSONS,2006-12-31,,2026-10-05T21:30:26.226061+00:00,NO_SOURCE_VALUE,,No source value retrieved,,UNAVAILABLE,UNAVAILABLE,SOURCE_DOWNLOAD_OR_SCHEMA_FAILURE,False,False,World Bank published intentional-homicide count.,
1bb5ca75-574b-431f-9202-62178beba970,HARM,GRC,INTENTIONAL_HOMICIDE_COUNT,,PERSONS,2007-12-31,,2026-10-05T21:30:26.226061+00:00,NO_SOURCE_VALUE,,No source value retrieved,,UNAVAILABLE,UNAVAILABLE,SOURCE_DOWNLOAD_OR_SCHEMA_FAILURE,False,False,World Bank published intentional-homicide count.,
7f80bb37-190f-457d-bcb6-0af7e04bea3f,HARM,GRC,INTENTIONAL_HOMICIDE_COUNT,,PERSONS,2008-12-31,,2026-10-05T21:30:26.226061+00:00,NO_SOURCE_VALUE,,No source value retrieved,,UNAVAILABLE,UNAVAILABLE,SOURCE_DOWNLOAD_OR_SCHEMA_FAILURE,False,False,World Bank published intentional-homicide count.,
0c54310f-cf0b-4a5e-8709-8d549394ce3e,HARM,GRC,INTENTIONAL_HOMICIDE_COUNT,,PERSONS,2009-12-31,,2026-10-05T21:30:26.226061+00:00,NO_SOURCE_VALUE,,No source value retrieved,,UNAVAILABLE,UNAVAILABLE,SOURCE_DOWNLOAD_OR_SCHEMA_FAILURE,False,False,World Bank published intentional-homicide count.,
a17650c4-1447-44d7-b302-06d2155ce9cb,HARM,GRC,INTENTIONAL_HOMICIDE_COUNT,,PERSONS,2010-12-31,,2026-10-05T21:30:26.226061+00:00,NO_SOURCE_VALUE,,No source value retrieved,,UNAVAILABLE,UNAVAILABLE,SOURCE_DOWNLOAD_OR_SCHEMA_FAILURE,False,False,World Bank published intentional-homicide count.,
b0244e52-9409-48c6-8a1e-50206e0ed3fe,HARM,GRC,INTENTIONAL_HOMICIDE_COUNT,,PERSONS,2011-12-31,,2026-10-05T21:30:26.226061+00:00,NO_SOURCE_VALUE,,No source value retrieved,,UNAVAILABLE,UNAVAILABLE,SOURCE_DOWNLOAD_OR_SCHEMA_FAILURE,False,False,World Bank published intentional-homicide count.,
bb3161d9-0623-49cd-aea7-2f72bc59487a,HARM,GRC,INTENTIONAL_HOMICIDE_COUNT,,PERSONS,2012-12-31,,2026-10-05T21:30:26.226061+00:00,NO_SOURCE_VALUE,,No source value retrieved,,UNAVAILABLE,UNAVAILABLE,SOURCE_DOWNLOAD_OR_SCHEMA_FAILURE,False,False,World Bank published intentional-homicide count.,
fac5ab35-3e59-4840-8f9f-7a99b8ca0bad,HARM,GRC,INTENTIONAL_HOMICIDE_COUNT,,PERSONS,2013-12-31,,2026-10-05T21:30:26.226061+00:00,NO_SOURCE_VALUE,,No source value retrieved,,UNAVAILABLE,UNAVAILABLE,SOURCE_DOWNLOAD_OR_SCHEMA_FAILURE,False,False,World Bank published intentional-homicide count.,
32ba9205-9fa2-4cb8-a2bd-f5284307d99c,HARM,GRC,INTENTIONAL_HOMICIDE_COUNT,,PERSONS,2014-12-31,,2026-10-05T21:30:26.226061+00:00,NO_SOURCE_VALUE,,No source value retrieved,,UNAVAILABLE,UNAVAILABLE,SOURCE_DOWNLOAD_OR_SCHEMA_FAILURE,False,False,World Bank published intentional-homicide count.,
a82dc78d-7d02-48d9-8016-74d3e0bc8a2a,HARM,GRC,INTENTIONAL_HOMICIDE_COUNT,,PERSONS,2015-12-31,,2026-10-05T21:30:26.226061+00:00,NO_SOURCE_VALUE,,No source value retrieved,,UNAVAILABLE,UNAVAILABLE,SOURCE_DOWNLOAD_OR_SCHEMA_FAILURE,False,False,World Bank published intentional-homicide count.,
f3ef82ae-b404-46d8-8258-6d7b7edfb856,HARM,GRC,INTENTIONAL_HOMICIDE_COUNT,,PERSONS,2016-12-31,,2026-10-05T21:30:26.226061+00:00,NO_SOURCE_VALUE,,No source value retrieved,,UNAVAILABLE,UNAVAILABLE,SOURCE_DOWNLOAD_OR_SCHEMA_FAILURE,False,False,World Bank published intentional-homicide count.,
63a6c898-f9b7-4ef4-bedf-05c73842705f,HARM,GRC,INTENTIONAL_HOMICIDE_COUNT,,PERSONS,2017-12-31,,2026-10-05T21:30:26.226061+00:00,NO_SOURCE_VALUE,,No source value retrieved,,UNAVAILABLE,UNAVAILABLE,SOURCE_DOWNLOAD_OR_SCHEMA_FAILURE,False,False,World Bank published intentional-homicide count.,
3193a4bf-d3aa-4b14-b9cc-2a4ea5415398,HARM,GRC,INTENTIONAL_HOMICIDE_COUNT,,PERSONS,2018-12-31,,2026-10-05T21:30:26.226061+00:00,NO_SOURCE_VALUE,,No source value retrieved,,UNAVAILABLE,UNAVAILABLE,SOURCE_DOWNLOAD_OR_SCHEMA_FAILURE,False,False,World Bank published intentional-homicide count.,
247204ea-9bb0-4e97-af08-92922651f6b3,HARM,GRC,INTENTIONAL_HOMICIDE_COUNT,,PERSONS,2019-12-31,,2026-10-05T21:30:26.226061+00:00,NO_SOURCE_VALUE,,No source value retrieved,,UNAVAILABLE,UNAVAILABLE,SOURCE_DOWNLOAD_OR_SCHEMA_FAILURE,False,False,World Bank published intentional-homicide count.,
a00ede3c-4582-4b12-94ee-361f1d0382ae,HARM,GRC,INTENTIONAL_HOMICIDE_COUNT,,PERSONS,2020-12-31,,2026-10-05T21:30:26.226061+00:00,NO_SOURCE_VALUE,,No source value retrieved,,UNAVAILABLE,UNAVAILABLE,SOURCE_DOWNLOAD_OR_SCHEMA_FAILURE,False,False,World Bank published intentional-homicide count.,
96067110-8f0c-4404-b193-3a8d33b28a48,HARM,GRC,INTENTIONAL_HOMICIDE_COUNT,,PERSONS,2021-12-31,,2026-10-05T21:30:26.226061+00:00,NO_SOURCE_VALUE,,No source value retrieved,,UNAVAILABLE,UNAVAILABLE,SOURCE_DOWNLOAD_OR_SCHEMA_FAILURE,False,False,World Bank published intentional-homicide count.,
8c8cc415-8f3e-4dd3-b94d-623b990eb3d3,HARM,GRC,INTENTIONAL_HOMICIDE_COUNT,,PERSONS,2022-12-31,,2026-10-05T21:30:26.226061+00:00,NO_SOURCE_VALUE,,No source value retrieved,,UNAVAILABLE,UNAVAILABLE,SOURCE_DOWNLOAD_OR_SCHEMA_FAILURE,False,False,World Bank published intentional-homicide count.,
add628d5-d677-4c98-b13b-cd99f47d83ef,HARM,GRC,INTENTIONAL_HOMICIDE_COUNT,,PERSONS,2023-12-31,,2026-10-05T21:30:26.226061+00:00,NO_SOURCE_VALUE,,No source value retrieved,,UNAVAILABLE,UNAVAILABLE,SOURCE_DOWNLOAD_OR_SCHEMA_FAILURE,False,False,World Bank published intentional-homicide count.,
0baf3c7e-8f68-4164-8f25-a49e3903a11d,HARM,GRC,INTENTIONAL_HOMICIDE_COUNT,,PERSONS,2024-12-31,,2026-10-05T21:30:26.226061+00:00,NO_SOURCE_VALUE,,No source value retrieved,,UNAVAILABLE,UNAVAILABLE,SOURCE_DOWNLOAD_OR_SCHEMA_FAILURE,False,False,World Bank published intentional-homicide count.,
5884b206-4d8d-4de0-881b-151321923863,HARM,IDN,INTENTIONAL_HOMICIDE_COUNT,,PERSONS,1996-12-31,,2026-10-05T21:30:26.229570+00:00,NO_SOURCE_VALUE,,No source value retrieved,,UNAVAILABLE,UNAVAILABLE,SOURCE_DOWNLOAD_OR_SCHEMA_FAILURE,False,False,World Bank published intentional-homicide count.,
99f4c51e-d222-41fc-a62f-48a7ffbbd579,HARM,IDN,INTENTIONAL_HOMICIDE_COUNT,,PERSONS,1997-12-31,,2026-10-05T21:30:26.229570+00:00,NO_SOURCE_VALUE,,No source value retrieved,,UNAVAILABLE,UNAVAILABLE,SOURCE_DOWNLOAD_OR_SCHEMA_FAILURE,False,False,World Bank published intentional-homicide count.,
60cddf89-aae5-416b-bd2d-219c61634f94,HARM,IDN,INTENTIONAL_HOMICIDE_COUNT,,PERSONS,1998-12-31,,2026-10-05T21:30:26.229570+00:00,NO_SOURCE_VALUE,,No source value retrieved,,UNAVAILABLE,UNAVAILABLE,SOURCE_DOWNLOAD_OR_SCHEMA_FAILURE,False,False,World Bank published intentional-homicide count.,
26bf1a9b-1024-45cd-8013-643fbc888f37,HARM,IDN,INTENTIONAL_HOMICIDE_COUNT,,PERSONS,1999-12-31,,2026-10-05T21:30:26.229570+00:00,NO_SOURCE_VALUE,,No source value retrieved,,UNAVAILABLE,UNAVAILABLE,SOURCE_DOWNLOAD_OR_SCHEMA_FAILURE,False,False,World Bank published intentional-homicide count.,
44d7d3e5-6ac2-4982-9002-2b76eee5968f,HARM,IDN,INTENTIONAL_HOMICIDE_COUNT,,PERSONS,2000-12-31,,2026-10-05T21:30:26.229570+00:00,NO_SOURCE_VALUE,,No source value retrieved,,UNAVAILABLE,UNAVAILABLE,SOURCE_DOWNLOAD_OR_SCHEMA_FAILURE,False,False,World Bank published intentional-homicide count.,
313cd9b2-f842-4fdb-9d19-7bc95930f702,HARM,IDN,INTENTIONAL_HOMICIDE_COUNT,,PERSONS,2001-12-31,,2026-10-05T21:30:26.229570+00:00,NO_SOURCE_VALUE,,No source value retrieved,,UNAVAILABLE,UNAVAILABLE,SOURCE_DOWNLOAD_OR_SCHEMA_FAILURE,False,False,World Bank published intentional-homicide count.,
79acf7ce-f3b7-46b3-a0d5-0e0906ad1e72,HARM,IDN,INTENTIONAL_HOMICIDE_COUNT,,PERSONS,2002-12-31,,2026-10-05T21:30:26.229570+00:00,NO_SOURCE_VALUE,,No source value retrieved,,UNAVAILABLE,UNAVAILABLE,SOURCE_DOWNLOAD_OR_SCHEMA_FAILURE,False,False,World Bank published intentional-homicide count.,
dd0f3264-468f-4305-8eb9-109ef34ef838,HARM,IDN,INTENTIONAL_HOMICIDE_COUNT,,PERSONS,2003-12-31,,2026-10-05T21:30:26.229570+00:00,NO_SOURCE_VALUE,,No source value retrieved,,UNAVAILABLE,UNAVAILABLE,SOURCE_DOWNLOAD_OR_SCHEMA_FAILURE,False,False,World Bank published intentional-homicide count.,
4fda9312-f2b9-42f0-b0f6-76fbef0f158d,HARM,IDN,INTENTIONAL_HOMICIDE_COUNT,,PERSONS,2004-12-31,,2026-10-05T21:30:26.229570+00:00,NO_SOURCE_VALUE,,No source value retrieved,,UNAVAILABLE,UNAVAILABLE,SOURCE_DOWNLOAD_OR_SCHEMA_FAILURE,False,False,World Bank published intentional-homicide count.,
1e2ffbe7-8a9a-424a-be38-b81b6da77db4,HARM,IDN,INTENTIONAL_HOMICIDE_COUNT,,PERSONS,2005-12-31,,2026-10-05T21:30:26.229570+00:00,NO_SOURCE_VALUE,,No source value retrieved,,UNAVAILABLE,UNAVAILABLE,SOURCE_DOWNLOAD_OR_SCHEMA_FAILURE,False,False,World Bank published intentional-homicide count.,
da2978ed-b2f5-4f54-80ed-782e8d3819c9,HARM,IDN,INTENTIONAL_HOMICIDE_COUNT,,PERSONS,2006-12-31,,2026-10-05T21:30:26.229570+00:00,NO_SOURCE_VALUE,,No source value retrieved,,UNAVAILABLE,UNAVAILABLE,SOURCE_DOWNLOAD_OR_SCHEMA_FAILURE,False,False,World Bank published intentional-homicide count.,
517350bc-bc07-4b10-8632-706688900eae,HARM,IDN,INTENTIONAL_HOMICIDE_COUNT,,PERSONS,2007-12-31,,2026-10-05T21:30:26.229570+00:00,NO_SOURCE_VALUE,,No source value retrieved,,UNAVAILABLE,UNAVAILABLE,SOURCE_DOWNLOAD_OR_SCHEMA_FAILURE,False,False,World Bank published intentional-homicide count.,
810d57b1-275f-4ca8-b9eb-cf4acf6db5a1,HARM,IDN,INTENTIONAL_HOMICIDE_COUNT,,PERSONS,2008-12-31,,2026-10-05T21:30:26.229570+00:00,NO_SOURCE_VALUE,,No source value retrieved,,UNAVAILABLE,UNAVAILABLE,SOURCE_DOWNLOAD_OR_SCHEMA_FAILURE,False,False,World Bank published intentional-homicide count.,
842eb13d-7d8b-43d1-829e-fa6169a3b873,HARM,IDN,INTENTIONAL_HOMICIDE_COUNT,,PERSONS,2009-12-31,,2026-10-05T21:30:26.229570+00:00,NO_SOURCE_VALUE,,No source value retrieved,,UNAVAILABLE,UNAVAILABLE,SOURCE_DOWNLOAD_OR_SCHEMA_FAILURE,False,False,World Bank published intentional-homicide count.,
520b5969-a12d-4a1c-b960-6b6d47cb24df,HARM,IDN,INTENTIONAL_HOMICIDE_COUNT,,PERSONS,2010-12-31,,2026-10-05T21:30:26.229570+00:00,NO_SOURCE_VALUE,,No source value retrieved,,UNAVAILABLE,UNAVAILABLE,SOURCE_DOWNLOAD_OR_SCHEMA_FAILURE,False,False,World Bank published intentional-homicide count.,
2c5adabd-c728-44b1-ac63-e63694d3623f,HARM,IDN,INTENTIONAL_HOMICIDE_COUNT,,PERSONS,2011-12-31,,2026-10-05T21:30:26.229570+00:00,NO_SOURCE_VALUE,,No source value retrieved,,UNAVAILABLE,UNAVAILABLE,SOURCE_DOWNLOAD_OR_SCHEMA_FAILURE,False,False,World Bank published intentional-homicide count.,
a38e877a-c11e-4bef-acdf-dd0b69249415,HARM,IDN,INTENTIONAL_HOMICIDE_COUNT,,PERSONS,2012-12-31,,2026-10-05T21:30:26.229570+00:00,NO_SOURCE_VALUE,,No source value retrieved,,UNAVAILABLE,UNAVAILABLE,SOURCE_DOWNLOAD_OR_SCHEMA_FAILURE,False,False,World Bank published intentional-homicide count.,
7e2d66a8-ffb1-42b5-9cb4-14ff5944b162,HARM,IDN,INTENTIONAL_HOMICIDE_COUNT,,PERSONS,2013-12-31,,2026-10-05T21:30:26.229570+00:00,NO_SOURCE_VALUE,,No source value retrieved,,UNAVAILABLE,UNAVAILABLE,SOURCE_DOWNLOAD_OR_SCHEMA_FAILURE,False,False,World Bank published intentional-homicide count.,
805ae83e-431f-4df6-b34a-1a79dffed12a,HARM,IDN,INTENTIONAL_HOMICIDE_COUNT,,PERSONS,2014-12-31,,2026-10-05T21:30:26.229570+00:00,NO_SOURCE_VALUE,,No source value retrieved,,UNAVAILABLE,UNAVAILABLE,SOURCE_DOWNLOAD_OR_SCHEMA_FAILURE,False,False,World Bank published intentional-homicide count.,
86883d96-c102-4174-bad9-b35678514807,HARM,IDN,INTENTIONAL_HOMICIDE_COUNT,,PERSONS,2015-12-31,,2026-10-05T21:30:26.229570+00:00,NO_SOURCE_VALUE,,No source value retrieved,,UNAVAILABLE,UNAVAILABLE,SOURCE_DOWNLOAD_OR_SCHEMA_FAILURE,False,False,World Bank published intentional-homicide count.,
e7a7aa8b-3b34-42b3-9e88-b17d5a1a61f9,HARM,IDN,INTENTIONAL_HOMICIDE_COUNT,,PERSONS,2016-12-31,,2026-10-05T21:30:26.229570+00:00,NO_SOURCE_VALUE,,No source value retrieved,,UNAVAILABLE,UNAVAILABLE,SOURCE_DOWNLOAD_OR_SCHEMA_FAILURE,False,False,World Bank published intentional-homicide count.,
41d10e29-8366-411f-acb1-dcd2f1ffc940,HARM,IDN,INTENTIONAL_HOMICIDE_COUNT,,PERSONS,2017-12-31,,2026-10-05T21:30:26.229570+00:00,NO_SOURCE_VALUE,,No source value retrieved,,UNAVAILABLE,UNAVAILABLE,SOURCE_DOWNLOAD_OR_SCHEMA_FAILURE,False,False,World Bank published intentional-homicide count.,
22bbd5e2-082b-46be-ba44-8ebfe2b0d005,HARM,IDN,INTENTIONAL_HOMICIDE_COUNT,,PERSONS,2018-12-31,,2026-10-05T21:30:26.229570+00:00,NO_SOURCE_VALUE,,No source value retrieved,,UNAVAILABLE,UNAVAILABLE,SOURCE_DOWNLOAD_OR_SCHEMA_FAILURE,False,False,World Bank published intentional-homicide count.,
483ba6f7-4f44-4df7-92c0-2ed1429d9ad6,HARM,IDN,INTENTIONAL_HOMICIDE_COUNT,,PERSONS,2019-12-31,,2026-10-05T21:30:26.229570+00:00,NO_SOURCE_VALUE,,No source value retrieved,,UNAVAILABLE,UNAVAILABLE,SOURCE_DOWNLOAD_OR_SCHEMA_FAILURE,False,False,World Bank published intentional-homicide count.,
37d82baf-0039-4b49-b783-8c4ba20268eb,HARM,IDN,INTENTIONAL_HOMICIDE_COUNT,,PERSONS,2020-12-31,,2026-10-05T21:30:26.229570+00:00,NO_SOURCE_VALUE,,No source value retrieved,,UNAVAILABLE,UNAVAILABLE,SOURCE_DOWNLOAD_OR_SCHEMA_FAILURE,False,False,World Bank published intentional-homicide count.,
ef0087d4-d007-45ba-825d-ab5429254d43,HARM,IDN,INTENTIONAL_HOMICIDE_COUNT,,PERSONS,2021-12-31,,2026-10-05T21:30:26.229570+00:00,NO_SOURCE_VALUE,,No source value retrieved,,UNAVAILABLE,UNAVAILABLE,SOURCE_DOWNLOAD_OR_SCHEMA_FAILURE,False,False,World Bank published intentional-homicide count.,
6b4ade9c-2363-4291-bd54-7850a8e2bea8,HARM,IDN,INTENTIONAL_HOMICIDE_COUNT,,PERSONS,2022-12-31,,2026-10-05T21:30:26.229570+00:00,NO_SOURCE_VALUE,,No source value retrieved,,UNAVAILABLE,UNAVAILABLE,SOURCE_DOWNLOAD_OR_SCHEMA_FAILURE,False,False,World Bank published intentional-homicide count.,
f3b1b348-563c-4e2c-ace5-49c1c7fa5404,HARM,IDN,INTENTIONAL_HOMICIDE_COUNT,,PERSONS,2023-12-31,,2026-10-05T21:30:26.229570+00:00,NO_SOURCE_VALUE,,No source value retrieved,,UNAVAILABLE,UNAVAILABLE,SOURCE_DOWNLOAD_OR_SCHEMA_FAILURE,False,False,World Bank published intentional-homicide count.,
b8da6b19-c2fe-45d0-816f-a8af58ca1456,HARM,IDN,INTENTIONAL_HOMICIDE_COUNT,,PERSONS,2024-12-31,,2026-10-05T21:30:26.229570+00:00,NO_SOURCE_VALUE,,No source value retrieved,,UNAVAILABLE,UNAVAILABLE,SOURCE_DOWNLOAD_OR_SCHEMA_FAILURE,False,False,World Bank published intentional-homicide count.,
70d5a804-6a54-4910-aa61-1f9bcc158340,HARM,IND,INTENTIONAL_HOMICIDE_COUNT,,PERSONS,1996-12-31,,2026-10-05T21:30:26.233569+00:00,NO_SOURCE_VALUE,,No source value retrieved,,UNAVAILABLE,UNAVAILABLE,SOURCE_DOWNLOAD_OR_SCHEMA_FAILURE,False,False,World Bank published intentional-homicide count.,
62d37065-30dd-4a49-bccb-9e084b783693,HARM,IND,INTENTIONAL_HOMICIDE_COUNT,,PERSONS,1997-12-31,,2026-10-05T21:30:26.233569+00:00,NO_SOURCE_VALUE,,No source value retrieved,,UNAVAILABLE,UNAVAILABLE,SOURCE_DOWNLOAD_OR_SCHEMA_FAILURE,False,False,World Bank published intentional-homicide count.,
cb9d90fd-104d-487e-88ee-47e40b79a983,HARM,IND,INTENTIONAL_HOMICIDE_COUNT,,PERSONS,1998-12-31,,2026-10-05T21:30:26.233569+00:00,NO_SOURCE_VALUE,,No source value retrieved,,UNAVAILABLE,UNAVAILABLE,SOURCE_DOWNLOAD_OR_SCHEMA_FAILURE,False,False,World Bank published intentional-homicide count.,
37409603-1ce8-4598-a689-a0425ebd7f07,HARM,IND,INTENTIONAL_HOMICIDE_COUNT,,PERSONS,1999-12-31,,2026-10-05T21:30:26.233569+00:00,NO_SOURCE_VALUE,,No source value retrieved,,UNAVAILABLE,UNAVAILABLE,SOURCE_DOWNLOAD_OR_SCHEMA_FAILURE,False,False,World Bank published intentional-homicide count.,
779250b3-add6-4947-bbb2-cd353df7a7a2,HARM,IND,INTENTIONAL_HOMICIDE_COUNT,,PERSONS,2000-12-31,,2026-10-05T21:30:26.233569+00:00,NO_SOURCE_VALUE,,No source value retrieved,,UNAVAILABLE,UNAVAILABLE,SOURCE_DOWNLOAD_OR_SCHEMA_FAILURE,False,False,World Bank published intentional-homicide count.,
0afd23bb-f474-45d2-95d2-4b0f81343349,HARM,IND,INTENTIONAL_HOMICIDE_COUNT,,PERSONS,2001-12-31,,2026-10-05T21:30:26.233569+00:00,NO_SOURCE_VALUE,,No source value retrieved,,UNAVAILABLE,UNAVAILABLE,SOURCE_DOWNLOAD_OR_SCHEMA_FAILURE,False,False,World Bank published intentional-homicide count.,
29ea40f4-8d4e-40cc-bc05-d6e174d928a1,HARM,IND,INTENTIONAL_HOMICIDE_COUNT,,PERSONS,2002-12-31,,2026-10-05T21:30:26.233569+00:00,NO_SOURCE_VALUE,,No source value retrieved,,UNAVAILABLE,UNAVAILABLE,SOURCE_DOWNLOAD_OR_SCHEMA_FAILURE,False,False,World Bank published intentional-homicide count.,
1e217dd3-bf63-4d7b-b3e6-d27a14e93fcf,HARM,IND,INTENTIONAL_HOMICIDE_COUNT,,PERSONS,2003-12-31,,2026-10-05T21:30:26.233569+00:00,NO_SOURCE_VALUE,,No source value retrieved,,UNAVAILABLE,UNAVAILABLE,SOURCE_DOWNLOAD_OR_SCHEMA_FAILURE,False,False,World Bank published intentional-homicide count.,
9f43dc45-8ef2-4ec2-8b9f-e68f994d0d71,HARM,IND,INTENTIONAL_HOMICIDE_COUNT,,PERSONS,2004-12-31,,2026-10-05T21:30:26.233569+00:00,NO_SOURCE_VALUE,,No source value retrieved,,UNAVAILABLE,UNAVAILABLE,SOURCE_DOWNLOAD_OR_SCHEMA_FAILURE,False,False,World Bank published intentional-homicide count.,
0654fa9f-4641-4fc6-843d-359d16eef84f,HARM,IND,INTENTIONAL_HOMICIDE_COUNT,,PERSONS,2005-12-31,,2026-10-05T21:30:26.233569+00:00,NO_SOURCE_VALUE,,No source value retrieved,,UNAVAILABLE,UNAVAILABLE,SOURCE_DOWNLOAD_OR_SCHEMA_FAILURE,False,False,World Bank published intentional-homicide count.,
15a363fa-9279-4217-9810-a3573734bafb,HARM,IND,INTENTIONAL_HOMICIDE_COUNT,,PERSONS,2006-12-31,,2026-10-05T21:30:26.233569+00:00,NO_SOURCE_VALUE,,No source value retrieved,,UNAVAILABLE,UNAVAILABLE,SOURCE_DOWNLOAD_OR_SCHEMA_FAILURE,False,False,World Bank published intentional-homicide count.,
7b287eb4-c542-4dfe-9c11-488fbb707f51,HARM,IND,INTENTIONAL_HOMICIDE_COUNT,,PERSONS,2007-12-31,,2026-10-05T21:30:26.233569+00:00,NO_SOURCE_VALUE,,No source value retrieved,,UNAVAILABLE,UNAVAILABLE,SOURCE_DOWNLOAD_OR_SCHEMA_FAILURE,False,False,World Bank published intentional-homicide count.,
cc4e75e1-c9ff-4854-88d1-6cb0d02db35d,HARM,IND,INTENTIONAL_HOMICIDE_COUNT,,PERSONS,2008-12-31,,2026-10-05T21:30:26.233569+00:00,NO_SOURCE_VALUE,,No source value retrieved,,UNAVAILABLE,UNAVAILABLE,SOURCE_DOWNLOAD_OR_SCHEMA_FAILURE,False,False,World Bank published intentional-homicide count.,
fa182bab-b120-4bbd-9b7e-8e3e66678ebb,HARM,IND,INTENTIONAL_HOMICIDE_COUNT,,PERSONS,2009-12-31,,2026-10-05T21:30:26.233569+00:00,NO_SOURCE_VALUE,,No source value retrieved,,UNAVAILABLE,UNAVAILABLE,SOURCE_DOWNLOAD_OR_SCHEMA_FAILURE,False,False,World Bank published intentional-homicide count.,
b20565c5-79ed-4bde-8d6c-589548b33e99,HARM,IND,INTENTIONAL_HOMICIDE_COUNT,,PERSONS,2010-12-31,,2026-10-05T21:30:26.233569+00:00,NO_SOURCE_VALUE,,No source value retrieved,,UNAVAILABLE,UNAVAILABLE,SOURCE_DOWNLOAD_OR_SCHEMA_FAILURE,False,False,World Bank published intentional-homicide count.,
0c5b2ba0-bac0-454e-9e6a-3680e18a8a3e,HARM,IND,INTENTIONAL_HOMICIDE_COUNT,,PERSONS,2011-12-31,,2026-10-05T21:30:26.233569+00:00,NO_SOURCE_VALUE,,No source value retrieved,,UNAVAILABLE,UNAVAILABLE,SOURCE_DOWNLOAD_OR_SCHEMA_FAILURE,False,False,World Bank published intentional-homicide count.,
f13f38d0-e507-4435-9b8b-29426eba9b25,HARM,IND,INTENTIONAL_HOMICIDE_COUNT,,PERSONS,2012-12-31,,2026-10-05T21:30:26.233569+00:00,NO_SOURCE_VALUE,,No source value retrieved,,UNAVAILABLE,UNAVAILABLE,SOURCE_DOWNLOAD_OR_SCHEMA_FAILURE,False,False,World Bank published intentional-homicide count.,
6dd0f255-cf2d-4abb-9383-2e09312b7b0b,HARM,IND,INTENTIONAL_HOMICIDE_COUNT,,PERSONS,2013-12-31,,2026-10-05T21:30:26.233569+00:00,NO_SOURCE_VALUE,,No source value retrieved,,UNAVAILABLE,UNAVAILABLE,SOURCE_DOWNLOAD_OR_SCHEMA_FAILURE,False,False,World Bank published intentional-homicide count.,
6c9230d0-782e-42a3-b27b-a9e81b1b9189,HARM,IND,INTENTIONAL_HOMICIDE_COUNT,,PERSONS,2014-12-31,,2026-10-05T21:30:26.233569+00:00,NO_SOURCE_VALUE,,No source value retrieved,,UNAVAILABLE,UNAVAILABLE,SOURCE_DOWNLOAD_OR_SCHEMA_FAILURE,False,False,World Bank published intentional-homicide count.,
9c8ecb4b-59e0-4249-9dd1-fa41029d2db4,HARM,IND,INTENTIONAL_HOMICIDE_COUNT,,PERSONS,2015-12-31,,2026-10-05T21:30:26.233569+00:00,NO_SOURCE_VALUE,,No source value retrieved,,UNAVAILABLE,UNAVAILABLE,SOURCE_DOWNLOAD_OR_SCHEMA_FAILURE,False,False,World Bank published intentional-homicide count.,
98a3c977-cd69-4928-8069-8f06883da412,HARM,IND,INTENTIONAL_HOMICIDE_COUNT,,PERSONS,2016-12-31,,2026-10-05T21:30:26.233569+00:00,NO_SOURCE_VALUE,,No source value retrieved,,UNAVAILABLE,UNAVAILABLE,SOURCE_DOWNLOAD_OR_SCHEMA_FAILURE,False,False,World Bank published intentional-homicide count.,
310116f6-c234-4b83-afee-f0700bf879a8,HARM,IND,INTENTIONAL_HOMICIDE_COUNT,,PERSONS,2017-12-31,,2026-10-05T21:30:26.233569+00:00,NO_SOURCE_VALUE,,No source value retrieved,,UNAVAILABLE,UNAVAILABLE,SOURCE_DOWNLOAD_OR_SCHEMA_FAILURE,False,False,World Bank published intentional-homicide count.,
1858adb0-1949-4474-a749-6bfefb1dea18,HARM,IND,INTENTIONAL_HOMICIDE_COUNT,,PERSONS,2018-12-31,,2026-10-05T21:30:26.233569+00:00,NO_SOURCE_VALUE,,No source value retrieved,,UNAVAILABLE,UNAVAILABLE,SOURCE_DOWNLOAD_OR_SCHEMA_FAILURE,False,False,World Bank published intentional-homicide count.,
71ca05db-ddff-4b6b-956e-f8e22155f53d,HARM,IND,INTENTIONAL_HOMICIDE_COUNT,,PERSONS,2019-12-31,,2026-10-05T21:30:26.233569+00:00,NO_SOURCE_VALUE,,No source value retrieved,,UNAVAILABLE,UNAVAILABLE,SOURCE_DOWNLOAD_OR_SCHEMA_FAILURE,False,False,World Bank published intentional-homicide count.,
3f6efbf4-c768-4c8a-bbe7-ba36ef7283b7,HARM,IND,INTENTIONAL_HOMICIDE_COUNT,,PERSONS,2020-12-31,,2026-10-05T21:30:26.233569+00:00,NO_SOURCE_VALUE,,No source value retrieved,,UNAVAILABLE,UNAVAILABLE,SOURCE_DOWNLOAD_OR_SCHEMA_FAILURE,False,False,World Bank published intentional-homicide count.,
65a06447-8b10-4817-89b5-04a14ac0cb5d,HARM,IND,INTENTIONAL_HOMICIDE_COUNT,,PERSONS,2021-12-31,,2026-10-05T21:30:26.233569+00:00,NO_SOURCE_VALUE,,No source value retrieved,,UNAVAILABLE,UNAVAILABLE,SOURCE_DOWNLOAD_OR_SCHEMA_FAILURE,False,False,World Bank published intentional-homicide count.,
4def9c8f-d44c-4733-98b9-9b406b5459fd,HARM,IND,INTENTIONAL_HOMICIDE_COUNT,,PERSONS,2022-12-31,,2026-10-05T21:30:26.233569+00:00,NO_SOURCE_VALUE,,No source value retrieved,,UNAVAILABLE,UNAVAILABLE,SOURCE_DOWNLOAD_OR_SCHEMA_FAILURE,False,False,World Bank published intentional-homicide count.,
44323254-b156-4e9f-91b7-fc8b9ff2126a,HARM,IND,INTENTIONAL_HOMICIDE_COUNT,,PERSONS,2023-12-31,,2026-10-05T21:30:26.233569+00:00,NO_SOURCE_VALUE,,No source value retrieved,,UNAVAILABLE,UNAVAILABLE,SOURCE_DOWNLOAD_OR_SCHEMA_FAILURE,False,False,World Bank published intentional-homicide count.,
a6c9529f-6993-4390-b256-a30c541bde7f,HARM,IND,INTENTIONAL_HOMICIDE_COUNT,,PERSONS,2024-12-31,,2026-10-05T21:30:26.233569+00:00,NO_SOURCE_VALUE,,No source value retrieved,,UNAVAILABLE,UNAVAILABLE,SOURCE_DOWNLOAD_OR_SCHEMA_FAILURE,False,False,World Bank published intentional-homicide count.,
8eac6717-0392-4188-922c-0f1bcf0c7b9e,HARM,ITA,INTENTIONAL_HOMICIDE_COUNT,,PERSONS,1996-12-31,,2026-10-05T21:30:26.236569+00:00,NO_SOURCE_VALUE,,No source value retrieved,,UNAVAILABLE,UNAVAILABLE,SOURCE_DOWNLOAD_OR_SCHEMA_FAILURE,False,False,World Bank published intentional-homicide count.,
42dbbecc-4479-47dd-9ad4-7294d0db1635,HARM,ITA,INTENTIONAL_HOMICIDE_COUNT,,PERSONS,1997-12-31,,2026-10-05T21:30:26.236569+00:00,NO_SOURCE_VALUE,,No source value retrieved,,UNAVAILABLE,UNAVAILABLE,SOURCE_DOWNLOAD_OR_SCHEMA_FAILURE,False,False,World Bank published intentional-homicide count.,
e5dcf535-6bf2-4395-8cc4-fcc6cce19c1e,HARM,ITA,INTENTIONAL_HOMICIDE_COUNT,,PERSONS,1998-12-31,,2026-10-05T21:30:26.236569+00:00,NO_SOURCE_VALUE,,No source value retrieved,,UNAVAILABLE,UNAVAILABLE,SOURCE_DOWNLOAD_OR_SCHEMA_FAILURE,False,False,World Bank published intentional-homicide count.,
d9cc4974-9552-4a56-8c56-88c5da616069,HARM,ITA,INTENTIONAL_HOMICIDE_COUNT,,PERSONS,1999-12-31,,2026-10-05T21:30:26.236569+00:00,NO_SOURCE_VALUE,,No source value retrieved,,UNAVAILABLE,UNAVAILABLE,SOURCE_DOWNLOAD_OR_SCHEMA_FAILURE,False,False,World Bank published intentional-homicide count.,
97a7b406-653c-4e63-8aa2-841d0676a780,HARM,ITA,INTENTIONAL_HOMICIDE_COUNT,,PERSONS,2000-12-31,,2026-10-05T21:30:26.236569+00:00,NO_SOURCE_VALUE,,No source value retrieved,,UNAVAILABLE,UNAVAILABLE,SOURCE_DOWNLOAD_OR_SCHEMA_FAILURE,False,False,World Bank published intentional-homicide count.,
1401537e-2b3e-40e5-9563-adb7c84037cc,HARM,ITA,INTENTIONAL_HOMICIDE_COUNT,,PERSONS,2001-12-31,,2026-10-05T21:30:26.236569+00:00,NO_SOURCE_VALUE,,No source value retrieved,,UNAVAILABLE,UNAVAILABLE,SOURCE_DOWNLOAD_OR_SCHEMA_FAILURE,False,False,World Bank published intentional-homicide count.,
519842aa-58b9-414e-b7bf-bb66c9aecd96,HARM,ITA,INTENTIONAL_HOMICIDE_COUNT,,PERSONS,2002-12-31,,2026-10-05T21:30:26.236569+00:00,NO_SOURCE_VALUE,,No source value retrieved,,UNAVAILABLE,UNAVAILABLE,SOURCE_DOWNLOAD_OR_SCHEMA_FAILURE,False,False,World Bank published intentional-homicide count.,
3af123e6-a570-4e1e-a7e4-513cfd225c24,HARM,ITA,INTENTIONAL_HOMICIDE_COUNT,,PERSONS,2003-12-31,,2026-10-05T21:30:26.236569+00:00,NO_SOURCE_VALUE,,No source value retrieved,,UNAVAILABLE,UNAVAILABLE,SOURCE_DOWNLOAD_OR_SCHEMA_FAILURE,False,False,World Bank published intentional-homicide count.,
6e16e93c-9b65-4332-8132-14c5f63e960d,HARM,ITA,INTENTIONAL_HOMICIDE_COUNT,,PERSONS,2004-12-31,,2026-10-05T21:30:26.236569+00:00,NO_SOURCE_VALUE,,No source value retrieved,,UNAVAILABLE,UNAVAILABLE,SOURCE_DOWNLOAD_OR_SCHEMA_FAILURE,False,False,World Bank published intentional-homicide count.,
ec9fd835-1e9b-44bc-8ba6-f03bbc4398cb,HARM,ITA,INTENTIONAL_HOMICIDE_COUNT,,PERSONS,2005-12-31,,2026-10-05T21:30:26.236569+00:00,NO_SOURCE_VALUE,,No source value retrieved,,UNAVAILABLE,UNAVAILABLE,SOURCE_DOWNLOAD_OR_SCHEMA_FAILURE,False,False,World Bank published intentional-homicide count.,
514eb5b8-63ba-48b5-bffc-7bfa1dae2ec9,HARM,ITA,INTENTIONAL_HOMICIDE_COUNT,,PERSONS,2006-12-31,,2026-10-05T21:30:26.236569+00:00,NO_SOURCE_VALUE,,No source value retrieved,,UNAVAILABLE,UNAVAILABLE,SOURCE_DOWNLOAD_OR_SCHEMA_FAILURE,False,False,World Bank published intentional-homicide count.,
225e1145-3d7f-4fe0-8831-1d5c2982853d,HARM,ITA,INTENTIONAL_HOMICIDE_COUNT,,PERSONS,2007-12-31,,2026-10-05T21:30:26.236569+00:00,NO_SOURCE_VALUE,,No source value retrieved,,UNAVAILABLE,UNAVAILABLE,SOURCE_DOWNLOAD_OR_SCHEMA_FAILURE,False,False,World Bank published intentional-homicide count.,
5036d19e-8dae-46f3-bf7f-12d31e96ad9e,HARM,ITA,INTENTIONAL_HOMICIDE_COUNT,,PERSONS,2008-12-31,,2026-10-05T21:30:26.236569+00:00,NO_SOURCE_VALUE,,No source value retrieved,,UNAVAILABLE,UNAVAILABLE,SOURCE_DOWNLOAD_OR_SCHEMA_FAILURE,False,False,World Bank published intentional-homicide count.,
fc58ab33-ed49-4c46-807c-e3fa9849f501,HARM,ITA,INTENTIONAL_HOMICIDE_COUNT,,PERSONS,2009-12-31,,2026-10-05T21:30:26.236569+00:00,NO_SOURCE_VALUE,,No source value retrieved,,UNAVAILABLE,UNAVAILABLE,SOURCE_DOWNLOAD_OR_SCHEMA_FAILURE,False,False,World Bank published intentional-homicide count.,
b295061a-3bd1-40e9-975a-e745b9b2cc2b,HARM,ITA,INTENTIONAL_HOMICIDE_COUNT,,PERSONS,2010-12-31,,2026-10-05T21:30:26.236569+00:00,NO_SOURCE_VALUE,,No source value retrieved,,UNAVAILABLE,UNAVAILABLE,SOURCE_DOWNLOAD_OR_SCHEMA_FAILURE,False,False,World Bank published intentional-homicide count.,
381ffdd8-7a6b-470a-9885-e805609a24eb,HARM,ITA,INTENTIONAL_HOMICIDE_COUNT,,PERSONS,2011-12-31,,2026-10-05T21:30:26.236569+00:00,NO_SOURCE_VALUE,,No source value retrieved,,UNAVAILABLE,UNAVAILABLE,SOURCE_DOWNLOAD_OR_SCHEMA_FAILURE,False,False,World Bank published intentional-homicide count.,
a61752b0-9562-44eb-b458-d8ee6fb147b5,HARM,ITA,INTENTIONAL_HOMICIDE_COUNT,,PERSONS,2012-12-31,,2026-10-05T21:30:26.236569+00:00,NO_SOURCE_VALUE,,No source value retrieved,,UNAVAILABLE,UNAVAILABLE,SOURCE_DOWNLOAD_OR_SCHEMA_FAILURE,False,False,World Bank published intentional-homicide count.,
b6b4bdd7-ab15-46ab-a30a-1d473d21c902,HARM,ITA,INTENTIONAL_HOMICIDE_COUNT,,PERSONS,2013-12-31,,2026-10-05T21:30:26.236569+00:00,NO_SOURCE_VALUE,,No source value retrieved,,UNAVAILABLE,UNAVAILABLE,SOURCE_DOWNLOAD_OR_SCHEMA_FAILURE,False,False,World Bank published intentional-homicide count.,
7e370d47-30a5-4e68-a8a5-162b871fc799,HARM,ITA,INTENTIONAL_HOMICIDE_COUNT,,PERSONS,2014-12-31,,2026-10-05T21:30:26.236569+00:00,NO_SOURCE_VALUE,,No source value retrieved,,UNAVAILABLE,UNAVAILABLE,SOURCE_DOWNLOAD_OR_SCHEMA_FAILURE,False,False,World Bank published intentional-homicide count.,
fca79a15-3af2-44d4-b614-f6645d49b744,HARM,ITA,INTENTIONAL_HOMICIDE_COUNT,,PERSONS,2015-12-31,,2026-10-05T21:30:26.236569+00:00,NO_SOURCE_VALUE,,No source value retrieved,,UNAVAILABLE,UNAVAILABLE,SOURCE_DOWNLOAD_OR_SCHEMA_FAILURE,False,False,World Bank published intentional-homicide count.,
c52454d7-e26c-4c0d-a80b-15eb2f64f6cc,HARM,ITA,INTENTIONAL_HOMICIDE_COUNT,,PERSONS,2016-12-31,,2026-10-05T21:30:26.236569+00:00,NO_SOURCE_VALUE,,No source value retrieved,,UNAVAILABLE,UNAVAILABLE,SOURCE_DOWNLOAD_OR_SCHEMA_FAILURE,False,False,World Bank published intentional-homicide count.,
4d947a72-008a-407e-a297-8adebdea2f5c,HARM,ITA,INTENTIONAL_HOMICIDE_COUNT,,PERSONS,2017-12-31,,2026-10-05T21:30:26.236569+00:00,NO_SOURCE_VALUE,,No source value retrieved,,UNAVAILABLE,UNAVAILABLE,SOURCE_DOWNLOAD_OR_SCHEMA_FAILURE,False,False,World Bank published intentional-homicide count.,
7b8c2c2a-e4d4-4c98-9caa-3d6511355739,HARM,ITA,INTENTIONAL_HOMICIDE_COUNT,,PERSONS,2018-12-31,,2026-10-05T21:30:26.236569+00:00,NO_SOURCE_VALUE,,No source value retrieved,,UNAVAILABLE,UNAVAILABLE,SOURCE_DOWNLOAD_OR_SCHEMA_FAILURE,False,False,World Bank published intentional-homicide count.,
9601c3e9-d642-4f93-be8a-cf1abad2a68d,HARM,ITA,INTENTIONAL_HOMICIDE_COUNT,,PERSONS,2019-12-31,,2026-10-05T21:30:26.236569+00:00,NO_SOURCE_VALUE,,No source value retrieved,,UNAVAILABLE,UNAVAILABLE,SOURCE_DOWNLOAD_OR_SCHEMA_FAILURE,False,False,World Bank published intentional-homicide count.,
ef41f283-477b-42d2-8e18-28fe34686dbb,HARM,ITA,INTENTIONAL_HOMICIDE_COUNT,,PERSONS,2020-12-31,,2026-10-05T21:30:26.236569+00:00,NO_SOURCE_VALUE,,No source value retrieved,,UNAVAILABLE,UNAVAILABLE,SOURCE_DOWNLOAD_OR_SCHEMA_FAILURE,False,False,World Bank published intentional-homicide count.,
c550eb4f-25e9-45be-ad80-7f25161a653e,HARM,ITA,INTENTIONAL_HOMICIDE_COUNT,,PERSONS,2021-12-31,,2026-10-05T21:30:26.236569+00:00,NO_SOURCE_VALUE,,No source value retrieved,,UNAVAILABLE,UNAVAILABLE,SOURCE_DOWNLOAD_OR_SCHEMA_FAILURE,False,False,World Bank published intentional-homicide count.,
ef271067-72d3-48ee-87b4-7eefe5bd3b09,HARM,ITA,INTENTIONAL_HOMICIDE_COUNT,,PERSONS,2022-12-31,,2026-10-05T21:30:26.236569+00:00,NO_SOURCE_VALUE,,No source value retrieved,,UNAVAILABLE,UNAVAILABLE,SOURCE_DOWNLOAD_OR_SCHEMA_FAILURE,False,False,World Bank published intentional-homicide count.,
5b744fc1-3b0a-4552-94e8-587c095793e4,HARM,ITA,INTENTIONAL_HOMICIDE_COUNT,,PERSONS,2023-12-31,,2026-10-05T21:30:26.236569+00:00,NO_SOURCE_VALUE,,No source value retrieved,,UNAVAILABLE,UNAVAILABLE,SOURCE_DOWNLOAD_OR_SCHEMA_FAILURE,False,False,World Bank published intentional-homicide count.,
1c82e168-19e7-4d90-af5b-d10432402046,HARM,ITA,INTENTIONAL_HOMICIDE_COUNT,,PERSONS,2024-12-31,,2026-10-05T21:30:26.236569+00:00,NO_SOURCE_VALUE,,No source value retrieved,,UNAVAILABLE,UNAVAILABLE,SOURCE_DOWNLOAD_OR_SCHEMA_FAILURE,False,False,World Bank published intentional-homicide count.,
b666921e-619a-415a-aa8f-864d48374c2a,HARM,JPN,INTENTIONAL_HOMICIDE_COUNT,,PERSONS,1996-12-31,,2026-10-05T21:30:26.240794+00:00,NO_SOURCE_VALUE,,No source value retrieved,,UNAVAILABLE,UNAVAILABLE,SOURCE_DOWNLOAD_OR_SCHEMA_FAILURE,False,False,World Bank published intentional-homicide count.,
f0da0c34-6277-4577-9359-44889d7eaecb,HARM,JPN,INTENTIONAL_HOMICIDE_COUNT,,PERSONS,1997-12-31,,2026-10-05T21:30:26.240794+00:00,NO_SOURCE_VALUE,,No source value retrieved,,UNAVAILABLE,UNAVAILABLE,SOURCE_DOWNLOAD_OR_SCHEMA_FAILURE,False,False,World Bank published intentional-homicide count.,
d80f880c-b35d-47e4-b856-4c8a4407bd29,HARM,JPN,INTENTIONAL_HOMICIDE_COUNT,,PERSONS,1998-12-31,,2026-10-05T21:30:26.240794+00:00,NO_SOURCE_VALUE,,No source value retrieved,,UNAVAILABLE,UNAVAILABLE,SOURCE_DOWNLOAD_OR_SCHEMA_FAILURE,False,False,World Bank published intentional-homicide count.,
2812af07-2996-4f72-b0c0-4e49a432c5f6,HARM,JPN,INTENTIONAL_HOMICIDE_COUNT,,PERSONS,1999-12-31,,2026-10-05T21:30:26.240794+00:00,NO_SOURCE_VALUE,,No source value retrieved,,UNAVAILABLE,UNAVAILABLE,SOURCE_DOWNLOAD_OR_SCHEMA_FAILURE,False,False,World Bank published intentional-homicide count.,
19e0cea8-4bd6-4117-8bdd-62b86af2a1b7,HARM,JPN,INTENTIONAL_HOMICIDE_COUNT,,PERSONS,2000-12-31,,2026-10-05T21:30:26.240794+00:00,NO_SOURCE_VALUE,,No source value retrieved,,UNAVAILABLE,UNAVAILABLE,SOURCE_DOWNLOAD_OR_SCHEMA_FAILURE,False,False,World Bank published intentional-homicide count.,
94df6f61-8613-48e8-b8df-307ee14f0395,HARM,JPN,INTENTIONAL_HOMICIDE_COUNT,,PERSONS,2001-12-31,,2026-10-05T21:30:26.240794+00:00,NO_SOURCE_VALUE,,No source value retrieved,,UNAVAILABLE,UNAVAILABLE,SOURCE_DOWNLOAD_OR_SCHEMA_FAILURE,False,False,World Bank published intentional-homicide count.,
03a74b59-a800-4efa-a626-85b9f2f6dc06,HARM,JPN,INTENTIONAL_HOMICIDE_COUNT,,PERSONS,2002-12-31,,2026-10-05T21:30:26.240794+00:00,NO_SOURCE_VALUE,,No source value retrieved,,UNAVAILABLE,UNAVAILABLE,SOURCE_DOWNLOAD_OR_SCHEMA_FAILURE,False,False,World Bank published intentional-homicide count.,
465ce2cb-7f3f-4400-9296-b75e96d648da,HARM,JPN,INTENTIONAL_HOMICIDE_COUNT,,PERSONS,2003-12-31,,2026-10-05T21:30:26.240794+00:00,NO_SOURCE_VALUE,,No source value retrieved,,UNAVAILABLE,UNAVAILABLE,SOURCE_DOWNLOAD_OR_SCHEMA_FAILURE,False,False,World Bank published intentional-homicide count.,
97a03bf2-b7b4-4508-a952-5f04b6747691,HARM,JPN,INTENTIONAL_HOMICIDE_COUNT,,PERSONS,2004-12-31,,2026-10-05T21:30:26.240794+00:00,NO_SOURCE_VALUE,,No source value retrieved,,UNAVAILABLE,UNAVAILABLE,SOURCE_DOWNLOAD_OR_SCHEMA_FAILURE,False,False,World Bank published intentional-homicide count.,
75ab0a43-63c3-49ee-85a5-cd57aa1fc619,HARM,JPN,INTENTIONAL_HOMICIDE_COUNT,,PERSONS,2005-12-31,,2026-10-05T21:30:26.240794+00:00,NO_SOURCE_VALUE,,No source value retrieved,,UNAVAILABLE,UNAVAILABLE,SOURCE_DOWNLOAD_OR_SCHEMA_FAILURE,False,False,World Bank published intentional-homicide count.,
5900b765-7fce-4c56-9f0f-2a7eb1ec34a2,HARM,JPN,INTENTIONAL_HOMICIDE_COUNT,,PERSONS,2006-12-31,,2026-10-05T21:30:26.240794+00:00,NO_SOURCE_VALUE,,No source value retrieved,,UNAVAILABLE,UNAVAILABLE,SOURCE_DOWNLOAD_OR_SCHEMA_FAILURE,False,False,World Bank published intentional-homicide count.,
4374b6e4-8812-47b1-abfe-00fbe76b83b6,HARM,JPN,INTENTIONAL_HOMICIDE_COUNT,,PERSONS,2007-12-31,,2026-10-05T21:30:26.240794+00:00,NO_SOURCE_VALUE,,No source value retrieved,,UNAVAILABLE,UNAVAILABLE,SOURCE_DOWNLOAD_OR_SCHEMA_FAILURE,False,False,World Bank published intentional-homicide count.,
2866e80d-2fb8-4913-a52e-fc7691ddfaa6,HARM,JPN,INTENTIONAL_HOMICIDE_COUNT,,PERSONS,2008-12-31,,2026-10-05T21:30:26.240794+00:00,NO_SOURCE_VALUE,,No source value retrieved,,UNAVAILABLE,UNAVAILABLE,SOURCE_DOWNLOAD_OR_SCHEMA_FAILURE,False,False,World Bank published intentional-homicide count.,
3ee07fac-a5a9-4133-b63a-d2e44d05f639,HARM,JPN,INTENTIONAL_HOMICIDE_COUNT,,PERSONS,2009-12-31,,2026-10-05T21:30:26.240794+00:00,NO_SOURCE_VALUE,,No source value retrieved,,UNAVAILABLE,UNAVAILABLE,SOURCE_DOWNLOAD_OR_SCHEMA_FAILURE,False,False,World Bank published intentional-homicide count.,
e19d742b-33b5-4fbe-81ba-800b6bc697d9,HARM,JPN,INTENTIONAL_HOMICIDE_COUNT,,PERSONS,2010-12-31,,2026-10-05T21:30:26.240794+00:00,NO_SOURCE_VALUE,,No source value retrieved,,UNAVAILABLE,UNAVAILABLE,SOURCE_DOWNLOAD_OR_SCHEMA_FAILURE,False,False,World Bank published intentional-homicide count.,
302b2b81-94d2-4e51-9f85-3778102ead74,HARM,JPN,INTENTIONAL_HOMICIDE_COUNT,,PERSONS,2011-12-31,,2026-10-05T21:30:26.240794+00:00,NO_SOURCE_VALUE,,No source value retrieved,,UNAVAILABLE,UNAVAILABLE,SOURCE_DOWNLOAD_OR_SCHEMA_FAILURE,False,False,World Bank published intentional-homicide count.,
853363ab-3608-4c8c-ad3b-4e4367070c7c,HARM,JPN,INTENTIONAL_HOMICIDE_COUNT,,PERSONS,2012-12-31,,2026-10-05T21:30:26.240794+00:00,NO_SOURCE_VALUE,,No source value retrieved,,UNAVAILABLE,UNAVAILABLE,SOURCE_DOWNLOAD_OR_SCHEMA_FAILURE,False,False,World Bank published intentional-homicide count.,
7832971c-12c8-4576-9cbb-cc8bb249206b,HARM,JPN,INTENTIONAL_HOMICIDE_COUNT,,PERSONS,2013-12-31,,2026-10-05T21:30:26.240794+00:00,NO_SOURCE_VALUE,,No source value retrieved,,UNAVAILABLE,UNAVAILABLE,SOURCE_DOWNLOAD_OR_SCHEMA_FAILURE,False,False,World Bank published intentional-homicide count.,
78838da4-3264-4ec6-9461-c31f59d3fefa,HARM,JPN,INTENTIONAL_HOMICIDE_COUNT,,PERSONS,2014-12-31,,2026-10-05T21:30:26.240794+00:00,NO_SOURCE_VALUE,,No source value retrieved,,UNAVAILABLE,UNAVAILABLE,SOURCE_DOWNLOAD_OR_SCHEMA_FAILURE,False,False,World Bank published intentional-homicide count.,
2996ac49-9c19-4c07-9bb9-46e8be0551ce,HARM,JPN,INTENTIONAL_HOMICIDE_COUNT,,PERSONS,2015-12-31,,2026-10-05T21:30:26.240794+00:00,NO_SOURCE_VALUE,,No source value retrieved,,UNAVAILABLE,UNAVAILABLE,SOURCE_DOWNLOAD_OR_SCHEMA_FAILURE,False,False,World Bank published intentional-homicide count.,
6c306547-f13c-4d5a-84de-3e38f649b7c7,HARM,JPN,INTENTIONAL_HOMICIDE_COUNT,,PERSONS,2016-12-31,,2026-10-05T21:30:26.240794+00:00,NO_SOURCE_VALUE,,No source value retrieved,,UNAVAILABLE,UNAVAILABLE,SOURCE_DOWNLOAD_OR_SCHEMA_FAILURE,False,False,World Bank published intentional-homicide count.,
8b9a9e13-2c3b-47ab-ad4a-d1b0439a9ce4,HARM,JPN,INTENTIONAL_HOMICIDE_COUNT,,PERSONS,2017-12-31,,2026-10-05T21:30:26.240794+00:00,NO_SOURCE_VALUE,,No source value retrieved,,UNAVAILABLE,UNAVAILABLE,SOURCE_DOWNLOAD_OR_SCHEMA_FAILURE,False,False,World Bank published intentional-homicide count.,
4e417804-caa3-4223-a9ca-b2d98c7e2802,HARM,JPN,INTENTIONAL_HOMICIDE_COUNT,,PERSONS,2018-12-31,,2026-10-05T21:30:26.240794+00:00,NO_SOURCE_VALUE,,No source value retrieved,,UNAVAILABLE,UNAVAILABLE,SOURCE_DOWNLOAD_OR_SCHEMA_FAILURE,False,False,World Bank published intentional-homicide count.,
551f4f50-78c3-41c8-b74c-b0d2752f757e,HARM,JPN,INTENTIONAL_HOMICIDE_COUNT,,PERSONS,2019-12-31,,2026-10-05T21:30:26.240794+00:00,NO_SOURCE_VALUE,,No source value retrieved,,UNAVAILABLE,UNAVAILABLE,SOURCE_DOWNLOAD_OR_SCHEMA_FAILURE,False,False,World Bank published intentional-homicide count.,
14b898b0-a807-4684-829e-ab95da25ef3a,HARM,JPN,INTENTIONAL_HOMICIDE_COUNT,,PERSONS,2020-12-31,,2026-10-05T21:30:26.240794+00:00,NO_SOURCE_VALUE,,No source value retrieved,,UNAVAILABLE,UNAVAILABLE,SOURCE_DOWNLOAD_OR_SCHEMA_FAILURE,False,False,World Bank published intentional-homicide count.,
c77a599b-e2fe-4f37-9727-987653564a33,HARM,JPN,INTENTIONAL_HOMICIDE_COUNT,,PERSONS,2021-12-31,,2026-10-05T21:30:26.240794+00:00,NO_SOURCE_VALUE,,No source value retrieved,,UNAVAILABLE,UNAVAILABLE,SOURCE_DOWNLOAD_OR_SCHEMA_FAILURE,False,False,World Bank published intentional-homicide count.,
d8bd4568-479f-4202-a5ff-cf8b26d6c825,HARM,JPN,INTENTIONAL_HOMICIDE_COUNT,,PERSONS,2022-12-31,,2026-10-05T21:30:26.240794+00:00,NO_SOURCE_VALUE,,No source value retrieved,,UNAVAILABLE,UNAVAILABLE,SOURCE_DOWNLOAD_OR_SCHEMA_FAILURE,False,False,World Bank published intentional-homicide count.,
1561efba-286f-41f5-8545-ccf2593ba1ec,HARM,JPN,INTENTIONAL_HOMICIDE_COUNT,,PERSONS,2023-12-31,,2026-10-05T21:30:26.240794+00:00,NO_SOURCE_VALUE,,No source value retrieved,,UNAVAILABLE,UNAVAILABLE,SOURCE_DOWNLOAD_OR_SCHEMA_FAILURE,False,False,World Bank published intentional-homicide count.,
0d324677-6fc9-4abc-b95c-270fa46764ee,HARM,JPN,INTENTIONAL_HOMICIDE_COUNT,,PERSONS,2024-12-31,,2026-10-05T21:30:26.240794+00:00,NO_SOURCE_VALUE,,No source value retrieved,,UNAVAILABLE,UNAVAILABLE,SOURCE_DOWNLOAD_OR_SCHEMA_FAILURE,False,False,World Bank published intentional-homicide count.,
1840390a-267b-4bb8-9c7e-a03d15da61ff,HARM,KOR,INTENTIONAL_HOMICIDE_COUNT,,PERSONS,1996-12-31,,2026-10-05T21:30:26.244800+00:00,NO_SOURCE_VALUE,,No source value retrieved,,UNAVAILABLE,UNAVAILABLE,SOURCE_DOWNLOAD_OR_SCHEMA_FAILURE,False,False,World Bank published intentional-homicide count.,
afce11d5-abcf-4ce8-ad51-98443c5b91ff,HARM,KOR,INTENTIONAL_HOMICIDE_COUNT,,PERSONS,1997-12-31,,2026-10-05T21:30:26.244800+00:00,NO_SOURCE_VALUE,,No source value retrieved,,UNAVAILABLE,UNAVAILABLE,SOURCE_DOWNLOAD_OR_SCHEMA_FAILURE,False,False,World Bank published intentional-homicide count.,
50c4e9b1-a8ad-4642-a8b7-09ccd170d284,HARM,KOR,INTENTIONAL_HOMICIDE_COUNT,,PERSONS,1998-12-31,,2026-10-05T21:30:26.244800+00:00,NO_SOURCE_VALUE,,No source value retrieved,,UNAVAILABLE,UNAVAILABLE,SOURCE_DOWNLOAD_OR_SCHEMA_FAILURE,False,False,World Bank published intentional-homicide count.,
a8e4ebcc-bd4b-4720-b151-f1cbde1655d1,HARM,KOR,INTENTIONAL_HOMICIDE_COUNT,,PERSONS,1999-12-31,,2026-10-05T21:30:26.244800+00:00,NO_SOURCE_VALUE,,No source value retrieved,,UNAVAILABLE,UNAVAILABLE,SOURCE_DOWNLOAD_OR_SCHEMA_FAILURE,False,False,World Bank published intentional-homicide count.,
c8e76abc-f1f1-4623-a1b3-fa66fee3eb2e,HARM,KOR,INTENTIONAL_HOMICIDE_COUNT,,PERSONS,2000-12-31,,2026-10-05T21:30:26.244800+00:00,NO_SOURCE_VALUE,,No source value retrieved,,UNAVAILABLE,UNAVAILABLE,SOURCE_DOWNLOAD_OR_SCHEMA_FAILURE,False,False,World Bank published intentional-homicide count.,
4e4bfcc0-732c-44b8-bdc8-a9bd02e2891a,HARM,KOR,INTENTIONAL_HOMICIDE_COUNT,,PERSONS,2001-12-31,,2026-10-05T21:30:26.244800+00:00,NO_SOURCE_VALUE,,No source value retrieved,,UNAVAILABLE,UNAVAILABLE,SOURCE_DOWNLOAD_OR_SCHEMA_FAILURE,False,False,World Bank published intentional-homicide count.,
370365e7-043c-453c-996c-86fceea225ab,HARM,KOR,INTENTIONAL_HOMICIDE_COUNT,,PERSONS,2002-12-31,,2026-10-05T21:30:26.244800+00:00,NO_SOURCE_VALUE,,No source value retrieved,,UNAVAILABLE,UNAVAILABLE,SOURCE_DOWNLOAD_OR_SCHEMA_FAILURE,False,False,World Bank published intentional-homicide count.,
3ae278c5-afb0-45d4-a312-32b461978f84,HARM,KOR,INTENTIONAL_HOMICIDE_COUNT,,PERSONS,2003-12-31,,2026-10-05T21:30:26.244800+00:00,NO_SOURCE_VALUE,,No source value retrieved,,UNAVAILABLE,UNAVAILABLE,SOURCE_DOWNLOAD_OR_SCHEMA_FAILURE,False,False,World Bank published intentional-homicide count.,
c40b9a9a-9d02-4a20-ab11-a8b36e7de7df,HARM,KOR,INTENTIONAL_HOMICIDE_COUNT,,PERSONS,2004-12-31,,2026-10-05T21:30:26.244800+00:00,NO_SOURCE_VALUE,,No source value retrieved,,UNAVAILABLE,UNAVAILABLE,SOURCE_DOWNLOAD_OR_SCHEMA_FAILURE,False,False,World Bank published intentional-homicide count.,
dc24e1bf-1c2a-4df0-a2b2-0430b4e2b31f,HARM,KOR,INTENTIONAL_HOMICIDE_COUNT,,PERSONS,2005-12-31,,2026-10-05T21:30:26.244800+00:00,NO_SOURCE_VALUE,,No source value retrieved,,UNAVAILABLE,UNAVAILABLE,SOURCE_DOWNLOAD_OR_SCHEMA_FAILURE,False,False,World Bank published intentional-homicide count.,
216bbb9c-33de-4cdc-a639-c39909cc06f1,HARM,KOR,INTENTIONAL_HOMICIDE_COUNT,,PERSONS,2006-12-31,,2026-10-05T21:30:26.244800+00:00,NO_SOURCE_VALUE,,No source value retrieved,,UNAVAILABLE,UNAVAILABLE,SOURCE_DOWNLOAD_OR_SCHEMA_FAILURE,False,False,World Bank published intentional-homicide count.,
f4cf8422-76f4-4942-bfc0-19d968e912cf,HARM,KOR,INTENTIONAL_HOMICIDE_COUNT,,PERSONS,2007-12-31,,2026-10-05T21:30:26.244800+00:00,NO_SOURCE_VALUE,,No source value retrieved,,UNAVAILABLE,UNAVAILABLE,SOURCE_DOWNLOAD_OR_SCHEMA_FAILURE,False,False,World Bank published intentional-homicide count.,
1b9ba623-d339-4c0c-8435-590caf7a676d,HARM,KOR,INTENTIONAL_HOMICIDE_COUNT,,PERSONS,2008-12-31,,2026-10-05T21:30:26.244800+00:00,NO_SOURCE_VALUE,,No source value retrieved,,UNAVAILABLE,UNAVAILABLE,SOURCE_DOWNLOAD_OR_SCHEMA_FAILURE,False,False,World Bank published intentional-homicide count.,
89d6d96d-f7d5-4bfe-9f8b-43b34667d83c,HARM,KOR,INTENTIONAL_HOMICIDE_COUNT,,PERSONS,2009-12-31,,2026-10-05T21:30:26.244800+00:00,NO_SOURCE_VALUE,,No source value retrieved,,UNAVAILABLE,UNAVAILABLE,SOURCE_DOWNLOAD_OR_SCHEMA_FAILURE,False,False,World Bank published intentional-homicide count.,
fff6c2a1-fa69-42e8-95c2-46015a984623,HARM,KOR,INTENTIONAL_HOMICIDE_COUNT,,PERSONS,2010-12-31,,2026-10-05T21:30:26.244800+00:00,NO_SOURCE_VALUE,,No source value retrieved,,UNAVAILABLE,UNAVAILABLE,SOURCE_DOWNLOAD_OR_SCHEMA_FAILURE,False,False,World Bank published intentional-homicide count.,
dac4ce7f-3929-4f2e-b427-349d69e1fed9,HARM,KOR,INTENTIONAL_HOMICIDE_COUNT,,PERSONS,2011-12-31,,2026-10-05T21:30:26.244800+00:00,NO_SOURCE_VALUE,,No source value retrieved,,UNAVAILABLE,UNAVAILABLE,SOURCE_DOWNLOAD_OR_SCHEMA_FAILURE,False,False,World Bank published intentional-homicide count.,
0d99c101-4e39-45c3-bb0b-0eb5a97e8430,HARM,KOR,INTENTIONAL_HOMICIDE_COUNT,,PERSONS,2012-12-31,,2026-10-05T21:30:26.244800+00:00,NO_SOURCE_VALUE,,No source value retrieved,,UNAVAILABLE,UNAVAILABLE,SOURCE_DOWNLOAD_OR_SCHEMA_FAILURE,False,False,World Bank published intentional-homicide count.,
857bdffd-4ae4-402e-8f61-47da14731d32,HARM,KOR,INTENTIONAL_HOMICIDE_COUNT,,PERSONS,2013-12-31,,2026-10-05T21:30:26.244800+00:00,NO_SOURCE_VALUE,,No source value retrieved,,UNAVAILABLE,UNAVAILABLE,SOURCE_DOWNLOAD_OR_SCHEMA_FAILURE,False,False,World Bank published intentional-homicide count.,
9627296b-ecb3-4a5a-8b55-643bfb2ba625,HARM,KOR,INTENTIONAL_HOMICIDE_COUNT,,PERSONS,2014-12-31,,2026-10-05T21:30:26.244800+00:00,NO_SOURCE_VALUE,,No source value retrieved,,UNAVAILABLE,UNAVAILABLE,SOURCE_DOWNLOAD_OR_SCHEMA_FAILURE,False,False,World Bank published intentional-homicide count.,
b7f5ccae-086b-4626-942e-3c037379a57d,HARM,KOR,INTENTIONAL_HOMICIDE_COUNT,,PERSONS,2015-12-31,,2026-10-05T21:30:26.244800+00:00,NO_SOURCE_VALUE,,No source value retrieved,,UNAVAILABLE,UNAVAILABLE,SOURCE_DOWNLOAD_OR_SCHEMA_FAILURE,False,False,World Bank published intentional-homicide count.,
85c69450-0ffe-4490-b79f-4ba44598c371,HARM,KOR,INTENTIONAL_HOMICIDE_COUNT,,PERSONS,2016-12-31,,2026-10-05T21:30:26.244800+00:00,NO_SOURCE_VALUE,,No source value retrieved,,UNAVAILABLE,UNAVAILABLE,SOURCE_DOWNLOAD_OR_SCHEMA_FAILURE,False,False,World Bank published intentional-homicide count.,
1746101e-6846-4d2d-880e-8737eca7eb8e,HARM,KOR,INTENTIONAL_HOMICIDE_COUNT,,PERSONS,2017-12-31,,2026-10-05T21:30:26.244800+00:00,NO_SOURCE_VALUE,,No source value retrieved,,UNAVAILABLE,UNAVAILABLE,SOURCE_DOWNLOAD_OR_SCHEMA_FAILURE,False,False,World Bank published intentional-homicide count.,
3499b1f1-7ed2-4680-8f92-0677727759b1,HARM,KOR,INTENTIONAL_HOMICIDE_COUNT,,PERSONS,2018-12-31,,2026-10-05T21:30:26.244800+00:00,NO_SOURCE_VALUE,,No source value retrieved,,UNAVAILABLE,UNAVAILABLE,SOURCE_DOWNLOAD_OR_SCHEMA_FAILURE,False,False,World Bank published intentional-homicide count.,
9ec0b0a7-e1d8-4753-a84c-aa09d1f6e22f,HARM,KOR,INTENTIONAL_HOMICIDE_COUNT,,PERSONS,2019-12-31,,2026-10-05T21:30:26.244800+00:00,NO_SOURCE_VALUE,,No source value retrieved,,UNAVAILABLE,UNAVAILABLE,SOURCE_DOWNLOAD_OR_SCHEMA_FAILURE,False,False,World Bank published intentional-homicide count.,
ffbf875c-9561-44e6-b83f-5f1fb5069027,HARM,KOR,INTENTIONAL_HOMICIDE_COUNT,,PERSONS,2020-12-31,,2026-10-05T21:30:26.244800+00:00,NO_SOURCE_VALUE,,No source value retrieved,,UNAVAILABLE,UNAVAILABLE,SOURCE_DOWNLOAD_OR_SCHEMA_FAILURE,False,False,World Bank published intentional-homicide count.,
889a7d6d-3d28-4fe3-8b80-c927d88debb7,HARM,KOR,INTENTIONAL_HOMICIDE_COUNT,,PERSONS,2021-12-31,,2026-10-05T21:30:26.244800+00:00,NO_SOURCE_VALUE,,No source value retrieved,,UNAVAILABLE,UNAVAILABLE,SOURCE_DOWNLOAD_OR_SCHEMA_FAILURE,False,False,World Bank published intentional-homicide count.,
9fe686b2-702a-478d-b5c0-6264f7a9423b,HARM,KOR,INTENTIONAL_HOMICIDE_COUNT,,PERSONS,2022-12-31,,2026-10-05T21:30:26.244800+00:00,NO_SOURCE_VALUE,,No source value retrieved,,UNAVAILABLE,UNAVAILABLE,SOURCE_DOWNLOAD_OR_SCHEMA_FAILURE,False,False,World Bank published intentional-homicide count.,
3f42ee82-80b1-4f77-bf00-d5f1e4cb6d80,HARM,KOR,INTENTIONAL_HOMICIDE_COUNT,,PERSONS,2023-12-31,,2026-10-05T21:30:26.244800+00:00,NO_SOURCE_VALUE,,No source value retrieved,,UNAVAILABLE,UNAVAILABLE,SOURCE_DOWNLOAD_OR_SCHEMA_FAILURE,False,False,World Bank published intentional-homicide count.,
5b506453-432d-452d-af26-fe03ea320a13,HARM,KOR,INTENTIONAL_HOMICIDE_COUNT,,PERSONS,2024-12-31,,2026-10-05T21:30:26.244800+00:00,NO_SOURCE_VALUE,,No source value retrieved,,UNAVAILABLE,UNAVAILABLE,SOURCE_DOWNLOAD_OR_SCHEMA_FAILURE,False,False,World Bank published intentional-homicide count.,
2d23a340-65bb-4ec4-9cf2-04521f2ed0d3,HARM,MEX,INTENTIONAL_HOMICIDE_COUNT,,PERSONS,1996-12-31,,2026-10-05T21:30:26.247800+00:00,NO_SOURCE_VALUE,,No source value retrieved,,UNAVAILABLE,UNAVAILABLE,SOURCE_DOWNLOAD_OR_SCHEMA_FAILURE,False,False,World Bank published intentional-homicide count.,
81812fba-2872-4f95-9ff4-57e4fbd461d4,HARM,MEX,INTENTIONAL_HOMICIDE_COUNT,,PERSONS,1997-12-31,,2026-10-05T21:30:26.247800+00:00,NO_SOURCE_VALUE,,No source value retrieved,,UNAVAILABLE,UNAVAILABLE,SOURCE_DOWNLOAD_OR_SCHEMA_FAILURE,False,False,World Bank published intentional-homicide count.,
34554871-b39a-47aa-b8be-bb8ef66268bb,HARM,MEX,INTENTIONAL_HOMICIDE_COUNT,,PERSONS,1998-12-31,,2026-10-05T21:30:26.247800+00:00,NO_SOURCE_VALUE,,No source value retrieved,,UNAVAILABLE,UNAVAILABLE,SOURCE_DOWNLOAD_OR_SCHEMA_FAILURE,False,False,World Bank published intentional-homicide count.,
555ce1d5-456c-4cf8-ac00-4965352e9f93,HARM,MEX,INTENTIONAL_HOMICIDE_COUNT,,PERSONS,1999-12-31,,2026-10-05T21:30:26.247800+00:00,NO_SOURCE_VALUE,,No source value retrieved,,UNAVAILABLE,UNAVAILABLE,SOURCE_DOWNLOAD_OR_SCHEMA_FAILURE,False,False,World Bank published intentional-homicide count.,
586b6ce8-0e34-4bce-8c98-65afaef117fa,HARM,MEX,INTENTIONAL_HOMICIDE_COUNT,,PERSONS,2000-12-31,,2026-10-05T21:30:26.247800+00:00,NO_SOURCE_VALUE,,No source value retrieved,,UNAVAILABLE,UNAVAILABLE,SOURCE_DOWNLOAD_OR_SCHEMA_FAILURE,False,False,World Bank published intentional-homicide count.,
1c8ea476-f5f1-4737-a5b1-fb375dd61daf,HARM,MEX,INTENTIONAL_HOMICIDE_COUNT,,PERSONS,2001-12-31,,2026-10-05T21:30:26.247800+00:00,NO_SOURCE_VALUE,,No source value retrieved,,UNAVAILABLE,UNAVAILABLE,SOURCE_DOWNLOAD_OR_SCHEMA_FAILURE,False,False,World Bank published intentional-homicide count.,
5e0692f9-7a04-487f-926e-8a757b4b7d4c,HARM,MEX,INTENTIONAL_HOMICIDE_COUNT,,PERSONS,2002-12-31,,2026-10-05T21:30:26.247800+00:00,NO_SOURCE_VALUE,,No source value retrieved,,UNAVAILABLE,UNAVAILABLE,SOURCE_DOWNLOAD_OR_SCHEMA_FAILURE,False,False,World Bank published intentional-homicide count.,
86b058c7-018b-4662-a470-ff5bcad5e0ac,HARM,MEX,INTENTIONAL_HOMICIDE_COUNT,,PERSONS,2003-12-31,,2026-10-05T21:30:26.247800+00:00,NO_SOURCE_VALUE,,No source value retrieved,,UNAVAILABLE,UNAVAILABLE,SOURCE_DOWNLOAD_OR_SCHEMA_FAILURE,False,False,World Bank published intentional-homicide count.,
cf48eedb-0040-4391-8da5-f3a24286e84a,HARM,MEX,INTENTIONAL_HOMICIDE_COUNT,,PERSONS,2004-12-31,,2026-10-05T21:30:26.247800+00:00,NO_SOURCE_VALUE,,No source value retrieved,,UNAVAILABLE,UNAVAILABLE,SOURCE_DOWNLOAD_OR_SCHEMA_FAILURE,False,False,World Bank published intentional-homicide count.,
43b882f5-6789-42b3-9b92-81e9070b5af6,HARM,MEX,INTENTIONAL_HOMICIDE_COUNT,,PERSONS,2005-12-31,,2026-10-05T21:30:26.247800+00:00,NO_SOURCE_VALUE,,No source value retrieved,,UNAVAILABLE,UNAVAILABLE,SOURCE_DOWNLOAD_OR_SCHEMA_FAILURE,False,False,World Bank published intentional-homicide count.,
1d2d8817-93cb-4f38-99ae-2415edf32d58,HARM,MEX,INTENTIONAL_HOMICIDE_COUNT,,PERSONS,2006-12-31,,2026-10-05T21:30:26.247800+00:00,NO_SOURCE_VALUE,,No source value retrieved,,UNAVAILABLE,UNAVAILABLE,SOURCE_DOWNLOAD_OR_SCHEMA_FAILURE,False,False,World Bank published intentional-homicide count.,
fe7a34b6-72e3-45aa-8a7b-e446df7dfcc6,HARM,MEX,INTENTIONAL_HOMICIDE_COUNT,,PERSONS,2007-12-31,,2026-10-05T21:30:26.247800+00:00,NO_SOURCE_VALUE,,No source value retrieved,,UNAVAILABLE,UNAVAILABLE,SOURCE_DOWNLOAD_OR_SCHEMA_FAILURE,False,False,World Bank published intentional-homicide count.,
36c40e41-92b0-4a19-b317-3b5a9c8cd2e4,HARM,MEX,INTENTIONAL_HOMICIDE_COUNT,,PERSONS,2008-12-31,,2026-10-05T21:30:26.247800+00:00,NO_SOURCE_VALUE,,No source value retrieved,,UNAVAILABLE,UNAVAILABLE,SOURCE_DOWNLOAD_OR_SCHEMA_FAILURE,False,False,World Bank published intentional-homicide count.,
bca78eb5-1301-40af-b44e-9dda81baa0ea,HARM,MEX,INTENTIONAL_HOMICIDE_COUNT,,PERSONS,2009-12-31,,2026-10-05T21:30:26.247800+00:00,NO_SOURCE_VALUE,,No source value retrieved,,UNAVAILABLE,UNAVAILABLE,SOURCE_DOWNLOAD_OR_SCHEMA_FAILURE,False,False,World Bank published intentional-homicide count.,
b2af65b4-f69c-4f48-b22a-7f20a370b91d,HARM,MEX,INTENTIONAL_HOMICIDE_COUNT,,PERSONS,2010-12-31,,2026-10-05T21:30:26.247800+00:00,NO_SOURCE_VALUE,,No source value retrieved,,UNAVAILABLE,UNAVAILABLE,SOURCE_DOWNLOAD_OR_SCHEMA_FAILURE,False,False,World Bank published intentional-homicide count.,
e468542a-9eb6-42a9-8d7b-a3c059dd851b,HARM,MEX,INTENTIONAL_HOMICIDE_COUNT,,PERSONS,2011-12-31,,2026-10-05T21:30:26.247800+00:00,NO_SOURCE_VALUE,,No source value retrieved,,UNAVAILABLE,UNAVAILABLE,SOURCE_DOWNLOAD_OR_SCHEMA_FAILURE,False,False,World Bank published intentional-homicide count.,
b75ac898-7aa0-4b99-8675-ee77e55cafb9,HARM,MEX,INTENTIONAL_HOMICIDE_COUNT,,PERSONS,2012-12-31,,2026-10-05T21:30:26.247800+00:00,NO_SOURCE_VALUE,,No source value retrieved,,UNAVAILABLE,UNAVAILABLE,SOURCE_DOWNLOAD_OR_SCHEMA_FAILURE,False,False,World Bank published intentional-homicide count.,
d2cbc791-8b31-426e-9075-f0075a17425e,HARM,MEX,INTENTIONAL_HOMICIDE_COUNT,,PERSONS,2013-12-31,,2026-10-05T21:30:26.247800+00:00,NO_SOURCE_VALUE,,No source value retrieved,,UNAVAILABLE,UNAVAILABLE,SOURCE_DOWNLOAD_OR_SCHEMA_FAILURE,False,False,World Bank published intentional-homicide count.,
4aa550db-ed4c-4f41-91e9-34cc3e8505dc,HARM,MEX,INTENTIONAL_HOMICIDE_COUNT,,PERSONS,2014-12-31,,2026-10-05T21:30:26.247800+00:00,NO_SOURCE_VALUE,,No source value retrieved,,UNAVAILABLE,UNAVAILABLE,SOURCE_DOWNLOAD_OR_SCHEMA_FAILURE,False,False,World Bank published intentional-homicide count.,
6f52f4c3-e92f-4036-ab79-ed76253b9270,HARM,MEX,INTENTIONAL_HOMICIDE_COUNT,,PERSONS,2015-12-31,,2026-10-05T21:30:26.247800+00:00,NO_SOURCE_VALUE,,No source value retrieved,,UNAVAILABLE,UNAVAILABLE,SOURCE_DOWNLOAD_OR_SCHEMA_FAILURE,False,False,World Bank published intentional-homicide count.,
53d4dc13-2b03-4a27-a96c-8168659770fa,HARM,MEX,INTENTIONAL_HOMICIDE_COUNT,,PERSONS,2016-12-31,,2026-10-05T21:30:26.247800+00:00,NO_SOURCE_VALUE,,No source value retrieved,,UNAVAILABLE,UNAVAILABLE,SOURCE_DOWNLOAD_OR_SCHEMA_FAILURE,False,False,World Bank published intentional-homicide count.,
30ef190a-486f-4be3-9ee4-ae82b0ea3d49,HARM,MEX,INTENTIONAL_HOMICIDE_COUNT,,PERSONS,2017-12-31,,2026-10-05T21:30:26.247800+00:00,NO_SOURCE_VALUE,,No source value retrieved,,UNAVAILABLE,UNAVAILABLE,SOURCE_DOWNLOAD_OR_SCHEMA_FAILURE,False,False,World Bank published intentional-homicide count.,
d3d069b5-c7e8-4ddf-9284-aa7cff615bbf,HARM,MEX,INTENTIONAL_HOMICIDE_COUNT,,PERSONS,2018-12-31,,2026-10-05T21:30:26.247800+00:00,NO_SOURCE_VALUE,,No source value retrieved,,UNAVAILABLE,UNAVAILABLE,SOURCE_DOWNLOAD_OR_SCHEMA_FAILURE,False,False,World Bank published intentional-homicide count.,
0b147504-1d42-49e5-ae00-8701fd5846b6,HARM,MEX,INTENTIONAL_HOMICIDE_COUNT,,PERSONS,2019-12-31,,2026-10-05T21:30:26.247800+00:00,NO_SOURCE_VALUE,,No source value retrieved,,UNAVAILABLE,UNAVAILABLE,SOURCE_DOWNLOAD_OR_SCHEMA_FAILURE,False,False,World Bank published intentional-homicide count.,
60d398cd-cad7-4dbd-8c15-daadf9363f40,HARM,MEX,INTENTIONAL_HOMICIDE_COUNT,,PERSONS,2020-12-31,,2026-10-05T21:30:26.247800+00:00,NO_SOURCE_VALUE,,No source value retrieved,,UNAVAILABLE,UNAVAILABLE,SOURCE_DOWNLOAD_OR_SCHEMA_FAILURE,False,False,World Bank published intentional-homicide count.,
a462c2be-8191-4855-812b-29cf2f280b5f,HARM,MEX,INTENTIONAL_HOMICIDE_COUNT,,PERSONS,2021-12-31,,2026-10-05T21:30:26.247800+00:00,NO_SOURCE_VALUE,,No source value retrieved,,UNAVAILABLE,UNAVAILABLE,SOURCE_DOWNLOAD_OR_SCHEMA_FAILURE,False,False,World Bank published intentional-homicide count.,
c5f1c78f-d37a-48c0-97ef-7de686287353,HARM,MEX,INTENTIONAL_HOMICIDE_COUNT,,PERSONS,2022-12-31,,2026-10-05T21:30:26.247800+00:00,NO_SOURCE_VALUE,,No source value retrieved,,UNAVAILABLE,UNAVAILABLE,SOURCE_DOWNLOAD_OR_SCHEMA_FAILURE,False,False,World Bank published intentional-homicide count.,
1697f963-bb40-4fcd-a3e6-ec5e47006817,HARM,MEX,INTENTIONAL_HOMICIDE_COUNT,,PERSONS,2023-12-31,,2026-10-05T21:30:26.247800+00:00,NO_SOURCE_VALUE,,No source value retrieved,,UNAVAILABLE,UNAVAILABLE,SOURCE_DOWNLOAD_OR_SCHEMA_FAILURE,False,False,World Bank published intentional-homicide count.,
70168376-656a-42e8-831e-910efd27e066,HARM,MEX,INTENTIONAL_HOMICIDE_COUNT,,PERSONS,2024-12-31,,2026-10-05T21:30:26.247800+00:00,NO_SOURCE_VALUE,,No source value retrieved,,UNAVAILABLE,UNAVAILABLE,SOURCE_DOWNLOAD_OR_SCHEMA_FAILURE,False,False,World Bank published intentional-homicide count.,
7baf3a08-38f6-4387-a9a6-c3bf8935c2b6,HARM,NLD,INTENTIONAL_HOMICIDE_COUNT,,PERSONS,1996-12-31,,2026-10-05T21:30:26.252310+00:00,NO_SOURCE_VALUE,,No source value retrieved,,UNAVAILABLE,UNAVAILABLE,SOURCE_DOWNLOAD_OR_SCHEMA_FAILURE,False,False,World Bank published intentional-homicide count.,
348ef799-a7b0-4b07-85a0-401967822095,HARM,NLD,INTENTIONAL_HOMICIDE_COUNT,,PERSONS,1997-12-31,,2026-10-05T21:30:26.252310+00:00,NO_SOURCE_VALUE,,No source value retrieved,,UNAVAILABLE,UNAVAILABLE,SOURCE_DOWNLOAD_OR_SCHEMA_FAILURE,False,False,World Bank published intentional-homicide count.,
6b01a649-6051-42b6-b172-2f18846836a8,HARM,NLD,INTENTIONAL_HOMICIDE_COUNT,,PERSONS,1998-12-31,,2026-10-05T21:30:26.252310+00:00,NO_SOURCE_VALUE,,No source value retrieved,,UNAVAILABLE,UNAVAILABLE,SOURCE_DOWNLOAD_OR_SCHEMA_FAILURE,False,False,World Bank published intentional-homicide count.,
a3fc84b1-fa55-4963-8c58-8649e058f662,HARM,NLD,INTENTIONAL_HOMICIDE_COUNT,,PERSONS,1999-12-31,,2026-10-05T21:30:26.252310+00:00,NO_SOURCE_VALUE,,No source value retrieved,,UNAVAILABLE,UNAVAILABLE,SOURCE_DOWNLOAD_OR_SCHEMA_FAILURE,False,False,World Bank published intentional-homicide count.,
91ca846f-0c72-4ca5-a5e1-a0d28d70b413,HARM,NLD,INTENTIONAL_HOMICIDE_COUNT,,PERSONS,2000-12-31,,2026-10-05T21:30:26.252310+00:00,NO_SOURCE_VALUE,,No source value retrieved,,UNAVAILABLE,UNAVAILABLE,SOURCE_DOWNLOAD_OR_SCHEMA_FAILURE,False,False,World Bank published intentional-homicide count.,
f0eb249c-9605-4047-9430-bc3267c229c0,HARM,NLD,INTENTIONAL_HOMICIDE_COUNT,,PERSONS,2001-12-31,,2026-10-05T21:30:26.252310+00:00,NO_SOURCE_VALUE,,No source value retrieved,,UNAVAILABLE,UNAVAILABLE,SOURCE_DOWNLOAD_OR_SCHEMA_FAILURE,False,False,World Bank published intentional-homicide count.,
9835b8a2-9d65-4d82-8bf5-4f4029ed9442,HARM,NLD,INTENTIONAL_HOMICIDE_COUNT,,PERSONS,2002-12-31,,2026-10-05T21:30:26.252310+00:00,NO_SOURCE_VALUE,,No source value retrieved,,UNAVAILABLE,UNAVAILABLE,SOURCE_DOWNLOAD_OR_SCHEMA_FAILURE,False,False,World Bank published intentional-homicide count.,
0d09eda8-f4d6-426c-950a-214827e07eed,HARM,NLD,INTENTIONAL_HOMICIDE_COUNT,,PERSONS,2003-12-31,,2026-10-05T21:30:26.252310+00:00,NO_SOURCE_VALUE,,No source value retrieved,,UNAVAILABLE,UNAVAILABLE,SOURCE_DOWNLOAD_OR_SCHEMA_FAILURE,False,False,World Bank published intentional-homicide count.,
77b157ec-ede0-4303-94a1-2b93361cc9e9,HARM,NLD,INTENTIONAL_HOMICIDE_COUNT,,PERSONS,2004-12-31,,2026-10-05T21:30:26.252310+00:00,NO_SOURCE_VALUE,,No source value retrieved,,UNAVAILABLE,UNAVAILABLE,SOURCE_DOWNLOAD_OR_SCHEMA_FAILURE,False,False,World Bank published intentional-homicide count.,
9432b409-03a7-413c-b853-d0e2f399a401,HARM,NLD,INTENTIONAL_HOMICIDE_COUNT,,PERSONS,2005-12-31,,2026-10-05T21:30:26.252310+00:00,NO_SOURCE_VALUE,,No source value retrieved,,UNAVAILABLE,UNAVAILABLE,SOURCE_DOWNLOAD_OR_SCHEMA_FAILURE,False,False,World Bank published intentional-homicide count.,
54650b14-1b93-4887-a542-2ea233ebce2c,HARM,NLD,INTENTIONAL_HOMICIDE_COUNT,,PERSONS,2006-12-31,,2026-10-05T21:30:26.252310+00:00,NO_SOURCE_VALUE,,No source value retrieved,,UNAVAILABLE,UNAVAILABLE,SOURCE_DOWNLOAD_OR_SCHEMA_FAILURE,False,False,World Bank published intentional-homicide count.,
23e3e9e7-9cd5-430d-9748-bcee4e5bd085,HARM,NLD,INTENTIONAL_HOMICIDE_COUNT,,PERSONS,2007-12-31,,2026-10-05T21:30:26.252310+00:00,NO_SOURCE_VALUE,,No source value retrieved,,UNAVAILABLE,UNAVAILABLE,SOURCE_DOWNLOAD_OR_SCHEMA_FAILURE,False,False,World Bank published intentional-homicide count.,
e6e3c930-ee22-468b-9e6e-f53d9972216f,HARM,NLD,INTENTIONAL_HOMICIDE_COUNT,,PERSONS,2008-12-31,,2026-10-05T21:30:26.252310+00:00,NO_SOURCE_VALUE,,No source value retrieved,,UNAVAILABLE,UNAVAILABLE,SOURCE_DOWNLOAD_OR_SCHEMA_FAILURE,False,False,World Bank published intentional-homicide count.,
9500f94e-2ec5-4782-a9d5-9c6f1bfc9c64,HARM,NLD,INTENTIONAL_HOMICIDE_COUNT,,PERSONS,2009-12-31,,2026-10-05T21:30:26.252310+00:00,NO_SOURCE_VALUE,,No source value retrieved,,UNAVAILABLE,UNAVAILABLE,SOURCE_DOWNLOAD_OR_SCHEMA_FAILURE,False,False,World Bank published intentional-homicide count.,
dd7af194-b847-4868-be57-7b9655881c1f,HARM,NLD,INTENTIONAL_HOMICIDE_COUNT,,PERSONS,2010-12-31,,2026-10-05T21:30:26.252310+00:00,NO_SOURCE_VALUE,,No source value retrieved,,UNAVAILABLE,UNAVAILABLE,SOURCE_DOWNLOAD_OR_SCHEMA_FAILURE,False,False,World Bank published intentional-homicide count.,
a53a059a-35a3-42d4-bde9-d55a4709cd1d,HARM,NLD,INTENTIONAL_HOMICIDE_COUNT,,PERSONS,2011-12-31,,2026-10-05T21:30:26.252310+00:00,NO_SOURCE_VALUE,,No source value retrieved,,UNAVAILABLE,UNAVAILABLE,SOURCE_DOWNLOAD_OR_SCHEMA_FAILURE,False,False,World Bank published intentional-homicide count.,
0ed279cf-1fa9-4b42-888a-64ab40f8fedb,HARM,NLD,INTENTIONAL_HOMICIDE_COUNT,,PERSONS,2012-12-31,,2026-10-05T21:30:26.252310+00:00,NO_SOURCE_VALUE,,No source value retrieved,,UNAVAILABLE,UNAVAILABLE,SOURCE_DOWNLOAD_OR_SCHEMA_FAILURE,False,False,World Bank published intentional-homicide count.,
1850cfff-6fab-45f5-bc55-af176cd46997,HARM,NLD,INTENTIONAL_HOMICIDE_COUNT,,PERSONS,2013-12-31,,2026-10-05T21:30:26.252310+00:00,NO_SOURCE_VALUE,,No source value retrieved,,UNAVAILABLE,UNAVAILABLE,SOURCE_DOWNLOAD_OR_SCHEMA_FAILURE,False,False,World Bank published intentional-homicide count.,
d09e4cc0-e1a3-44ac-9566-2f10794ed487,HARM,NLD,INTENTIONAL_HOMICIDE_COUNT,,PERSONS,2014-12-31,,2026-10-05T21:30:26.252310+00:00,NO_SOURCE_VALUE,,No source value retrieved,,UNAVAILABLE,UNAVAILABLE,SOURCE_DOWNLOAD_OR_SCHEMA_FAILURE,False,False,World Bank published intentional-homicide count.,
2e3d2b1e-292b-482e-9e58-0b914b2dccd7,HARM,NLD,INTENTIONAL_HOMICIDE_COUNT,,PERSONS,2015-12-31,,2026-10-05T21:30:26.252310+00:00,NO_SOURCE_VALUE,,No source value retrieved,,UNAVAILABLE,UNAVAILABLE,SOURCE_DOWNLOAD_OR_SCHEMA_FAILURE,False,False,World Bank published intentional-homicide count.,
d0365eff-dbb7-4f1c-92be-8778f00e9cdf,HARM,NLD,INTENTIONAL_HOMICIDE_COUNT,,PERSONS,2016-12-31,,2026-10-05T21:30:26.252310+00:00,NO_SOURCE_VALUE,,No source value retrieved,,UNAVAILABLE,UNAVAILABLE,SOURCE_DOWNLOAD_OR_SCHEMA_FAILURE,False,False,World Bank published intentional-homicide count.,
571dfc98-1fc2-4abf-9438-3d188627cfe6,HARM,NLD,INTENTIONAL_HOMICIDE_COUNT,,PERSONS,2017-12-31,,2026-10-05T21:30:26.252310+00:00,NO_SOURCE_VALUE,,No source value retrieved,,UNAVAILABLE,UNAVAILABLE,SOURCE_DOWNLOAD_OR_SCHEMA_FAILURE,False,False,World Bank published intentional-homicide count.,
3a54f376-7f9b-4e64-bacd-ab19a753f7c7,HARM,NLD,INTENTIONAL_HOMICIDE_COUNT,,PERSONS,2018-12-31,,2026-10-05T21:30:26.252310+00:00,NO_SOURCE_VALUE,,No source value retrieved,,UNAVAILABLE,UNAVAILABLE,SOURCE_DOWNLOAD_OR_SCHEMA_FAILURE,False,False,World Bank published intentional-homicide count.,
a4f523e3-812d-4342-802d-0e43485ab867,HARM,NLD,INTENTIONAL_HOMICIDE_COUNT,,PERSONS,2019-12-31,,2026-10-05T21:30:26.252310+00:00,NO_SOURCE_VALUE,,No source value retrieved,,UNAVAILABLE,UNAVAILABLE,SOURCE_DOWNLOAD_OR_SCHEMA_FAILURE,False,False,World Bank published intentional-homicide count.,
510b6bd0-2a6e-4b49-be3e-41e7524bd83f,HARM,NLD,INTENTIONAL_HOMICIDE_COUNT,,PERSONS,2020-12-31,,2026-10-05T21:30:26.252310+00:00,NO_SOURCE_VALUE,,No source value retrieved,,UNAVAILABLE,UNAVAILABLE,SOURCE_DOWNLOAD_OR_SCHEMA_FAILURE,False,False,World Bank published intentional-homicide count.,
981f7a83-c0b9-45ce-8d07-87a864a8e10e,HARM,NLD,INTENTIONAL_HOMICIDE_COUNT,,PERSONS,2021-12-31,,2026-10-05T21:30:26.252310+00:00,NO_SOURCE_VALUE,,No source value retrieved,,UNAVAILABLE,UNAVAILABLE,SOURCE_DOWNLOAD_OR_SCHEMA_FAILURE,False,False,World Bank published intentional-homicide count.,
67033a18-d246-46a8-833d-a2fbbe7e76b0,HARM,NLD,INTENTIONAL_HOMICIDE_COUNT,,PERSONS,2022-12-31,,2026-10-05T21:30:26.252310+00:00,NO_SOURCE_VALUE,,No source value retrieved,,UNAVAILABLE,UNAVAILABLE,SOURCE_DOWNLOAD_OR_SCHEMA_FAILURE,False,False,World Bank published intentional-homicide count.,
da3528b2-e1fc-4af7-9e48-93305ba7c6d4,HARM,NLD,INTENTIONAL_HOMICIDE_COUNT,,PERSONS,2023-12-31,,2026-10-05T21:30:26.252310+00:00,NO_SOURCE_VALUE,,No source value retrieved,,UNAVAILABLE,UNAVAILABLE,SOURCE_DOWNLOAD_OR_SCHEMA_FAILURE,False,False,World Bank published intentional-homicide count.,
0dc68640-27c9-44ed-844e-fcd3628c3bb0,HARM,NLD,INTENTIONAL_HOMICIDE_COUNT,,PERSONS,2024-12-31,,2026-10-05T21:30:26.252310+00:00,NO_SOURCE_VALUE,,No source value retrieved,,UNAVAILABLE,UNAVAILABLE,SOURCE_DOWNLOAD_OR_SCHEMA_FAILURE,False,False,World Bank published intentional-homicide count.,
b51cc888-13a4-44a8-8c79-7694be323fc6,HARM,NOR,INTENTIONAL_HOMICIDE_COUNT,,PERSONS,1996-12-31,,2026-10-05T21:30:26.256310+00:00,NO_SOURCE_VALUE,,No source value retrieved,,UNAVAILABLE,UNAVAILABLE,SOURCE_DOWNLOAD_OR_SCHEMA_FAILURE,False,False,World Bank published intentional-homicide count.,
020b7161-5bcd-4cdb-8a30-9911e8292603,HARM,NOR,INTENTIONAL_HOMICIDE_COUNT,,PERSONS,1997-12-31,,2026-10-05T21:30:26.256310+00:00,NO_SOURCE_VALUE,,No source value retrieved,,UNAVAILABLE,UNAVAILABLE,SOURCE_DOWNLOAD_OR_SCHEMA_FAILURE,False,False,World Bank published intentional-homicide count.,
b9051c9d-4616-4bb1-b944-97cd0b8f6090,HARM,NOR,INTENTIONAL_HOMICIDE_COUNT,,PERSONS,1998-12-31,,2026-10-05T21:30:26.256310+00:00,NO_SOURCE_VALUE,,No source value retrieved,,UNAVAILABLE,UNAVAILABLE,SOURCE_DOWNLOAD_OR_SCHEMA_FAILURE,False,False,World Bank published intentional-homicide count.,
dc709146-cc0e-474a-abb9-3aaea1cbb51b,HARM,NOR,INTENTIONAL_HOMICIDE_COUNT,,PERSONS,1999-12-31,,2026-10-05T21:30:26.256310+00:00,NO_SOURCE_VALUE,,No source value retrieved,,UNAVAILABLE,UNAVAILABLE,SOURCE_DOWNLOAD_OR_SCHEMA_FAILURE,False,False,World Bank published intentional-homicide count.,
eb8adda3-311f-47e9-8203-026dc03bd5bc,HARM,NOR,INTENTIONAL_HOMICIDE_COUNT,,PERSONS,2000-12-31,,2026-10-05T21:30:26.256310+00:00,NO_SOURCE_VALUE,,No source value retrieved,,UNAVAILABLE,UNAVAILABLE,SOURCE_DOWNLOAD_OR_SCHEMA_FAILURE,False,False,World Bank published intentional-homicide count.,
23141610-92f5-4486-b76c-eedb42102752,HARM,NOR,INTENTIONAL_HOMICIDE_COUNT,,PERSONS,2001-12-31,,2026-10-05T21:30:26.256310+00:00,NO_SOURCE_VALUE,,No source value retrieved,,UNAVAILABLE,UNAVAILABLE,SOURCE_DOWNLOAD_OR_SCHEMA_FAILURE,False,False,World Bank published intentional-homicide count.,
282f7f77-5aba-4999-85cf-7b3afa4ac7e7,HARM,NOR,INTENTIONAL_HOMICIDE_COUNT,,PERSONS,2002-12-31,,2026-10-05T21:30:26.256310+00:00,NO_SOURCE_VALUE,,No source value retrieved,,UNAVAILABLE,UNAVAILABLE,SOURCE_DOWNLOAD_OR_SCHEMA_FAILURE,False,False,World Bank published intentional-homicide count.,
6e3fd3d4-8811-41a7-9fc7-288320fdd555,HARM,NOR,INTENTIONAL_HOMICIDE_COUNT,,PERSONS,2003-12-31,,2026-10-05T21:30:26.256310+00:00,NO_SOURCE_VALUE,,No source value retrieved,,UNAVAILABLE,UNAVAILABLE,SOURCE_DOWNLOAD_OR_SCHEMA_FAILURE,False,False,World Bank published intentional-homicide count.,
adf9550a-dca8-4e40-b90d-7749aec2b54b,HARM,NOR,INTENTIONAL_HOMICIDE_COUNT,,PERSONS,2004-12-31,,2026-10-05T21:30:26.256310+00:00,NO_SOURCE_VALUE,,No source value retrieved,,UNAVAILABLE,UNAVAILABLE,SOURCE_DOWNLOAD_OR_SCHEMA_FAILURE,False,False,World Bank published intentional-homicide count.,
b8af1633-f2e2-4eed-880a-7ae7573c02af,HARM,NOR,INTENTIONAL_HOMICIDE_COUNT,,PERSONS,2005-12-31,,2026-10-05T21:30:26.256310+00:00,NO_SOURCE_VALUE,,No source value retrieved,,UNAVAILABLE,UNAVAILABLE,SOURCE_DOWNLOAD_OR_SCHEMA_FAILURE,False,False,World Bank published intentional-homicide count.,
20b2bedd-a90b-4c1c-910c-435a7c47539d,HARM,NOR,INTENTIONAL_HOMICIDE_COUNT,,PERSONS,2006-12-31,,2026-10-05T21:30:26.256310+00:00,NO_SOURCE_VALUE,,No source value retrieved,,UNAVAILABLE,UNAVAILABLE,SOURCE_DOWNLOAD_OR_SCHEMA_FAILURE,False,False,World Bank published intentional-homicide count.,
1c49050f-8a03-4d27-82db-2b332444716e,HARM,NOR,INTENTIONAL_HOMICIDE_COUNT,,PERSONS,2007-12-31,,2026-10-05T21:30:26.256310+00:00,NO_SOURCE_VALUE,,No source value retrieved,,UNAVAILABLE,UNAVAILABLE,SOURCE_DOWNLOAD_OR_SCHEMA_FAILURE,False,False,World Bank published intentional-homicide count.,
60d539eb-7d7a-486d-926a-03cfef610596,HARM,NOR,INTENTIONAL_HOMICIDE_COUNT,,PERSONS,2008-12-31,,2026-10-05T21:30:26.256310+00:00,NO_SOURCE_VALUE,,No source value retrieved,,UNAVAILABLE,UNAVAILABLE,SOURCE_DOWNLOAD_OR_SCHEMA_FAILURE,False,False,World Bank published intentional-homicide count.,
2937046d-d594-453e-83da-92ebdcebdfda,HARM,NOR,INTENTIONAL_HOMICIDE_COUNT,,PERSONS,2009-12-31,,2026-10-05T21:30:26.256310+00:00,NO_SOURCE_VALUE,,No source value retrieved,,UNAVAILABLE,UNAVAILABLE,SOURCE_DOWNLOAD_OR_SCHEMA_FAILURE,False,False,World Bank published intentional-homicide count.,
e0060305-41c8-404b-a495-c5bcbde90a8f,HARM,NOR,INTENTIONAL_HOMICIDE_COUNT,,PERSONS,2010-12-31,,2026-10-05T21:30:26.256310+00:00,NO_SOURCE_VALUE,,No source value retrieved,,UNAVAILABLE,UNAVAILABLE,SOURCE_DOWNLOAD_OR_SCHEMA_FAILURE,False,False,World Bank published intentional-homicide count.,
cd59aae4-e9fd-4fc2-8e55-e059dd2c2cc5,HARM,NOR,INTENTIONAL_HOMICIDE_COUNT,,PERSONS,2011-12-31,,2026-10-05T21:30:26.256310+00:00,NO_SOURCE_VALUE,,No source value retrieved,,UNAVAILABLE,UNAVAILABLE,SOURCE_DOWNLOAD_OR_SCHEMA_FAILURE,False,False,World Bank published intentional-homicide count.,
bcf8b1d3-2868-4ae2-93ec-5d2be560bd81,HARM,NOR,INTENTIONAL_HOMICIDE_COUNT,,PERSONS,2012-12-31,,2026-10-05T21:30:26.256310+00:00,NO_SOURCE_VALUE,,No source value retrieved,,UNAVAILABLE,UNAVAILABLE,SOURCE_DOWNLOAD_OR_SCHEMA_FAILURE,False,False,World Bank published intentional-homicide count.,
6fbfb83b-b582-4503-be53-572f63ee36c2,HARM,NOR,INTENTIONAL_HOMICIDE_COUNT,,PERSONS,2013-12-31,,2026-10-05T21:30:26.256310+00:00,NO_SOURCE_VALUE,,No source value retrieved,,UNAVAILABLE,UNAVAILABLE,SOURCE_DOWNLOAD_OR_SCHEMA_FAILURE,False,False,World Bank published intentional-homicide count.,
94405aa9-e588-4dfa-9c0f-ab3879807288,HARM,NOR,INTENTIONAL_HOMICIDE_COUNT,,PERSONS,2014-12-31,,2026-10-05T21:30:26.256310+00:00,NO_SOURCE_VALUE,,No source value retrieved,,UNAVAILABLE,UNAVAILABLE,SOURCE_DOWNLOAD_OR_SCHEMA_FAILURE,False,False,World Bank published intentional-homicide count.,
e4b549a1-bbd8-446c-ae9a-def4d0629b03,HARM,NOR,INTENTIONAL_HOMICIDE_COUNT,,PERSONS,2015-12-31,,2026-10-05T21:30:26.256310+00:00,NO_SOURCE_VALUE,,No source value retrieved,,UNAVAILABLE,UNAVAILABLE,SOURCE_DOWNLOAD_OR_SCHEMA_FAILURE,False,False,World Bank published intentional-homicide count.,
4c9d7b9b-0c76-4513-8668-3ac777b4c02c,HARM,NOR,INTENTIONAL_HOMICIDE_COUNT,,PERSONS,2016-12-31,,2026-10-05T21:30:26.256310+00:00,NO_SOURCE_VALUE,,No source value retrieved,,UNAVAILABLE,UNAVAILABLE,SOURCE_DOWNLOAD_OR_SCHEMA_FAILURE,False,False,World Bank published intentional-homicide count.,
97e006a2-6c4d-407e-ad22-39a640839c1a,HARM,NOR,INTENTIONAL_HOMICIDE_COUNT,,PERSONS,2017-12-31,,2026-10-05T21:30:26.256310+00:00,NO_SOURCE_VALUE,,No source value retrieved,,UNAVAILABLE,UNAVAILABLE,SOURCE_DOWNLOAD_OR_SCHEMA_FAILURE,False,False,World Bank published intentional-homicide count.,
9d91ba5c-b612-467e-847b-1e81025045c3,HARM,NOR,INTENTIONAL_HOMICIDE_COUNT,,PERSONS,2018-12-31,,2026-10-05T21:30:26.256310+00:00,NO_SOURCE_VALUE,,No source value retrieved,,UNAVAILABLE,UNAVAILABLE,SOURCE_DOWNLOAD_OR_SCHEMA_FAILURE,False,False,World Bank published intentional-homicide count.,
0bdcafe8-585b-4ac3-9bc2-962307aeadad,HARM,NOR,INTENTIONAL_HOMICIDE_COUNT,,PERSONS,2019-12-31,,2026-10-05T21:30:26.256310+00:00,NO_SOURCE_VALUE,,No source value retrieved,,UNAVAILABLE,UNAVAILABLE,SOURCE_DOWNLOAD_OR_SCHEMA_FAILURE,False,False,World Bank published intentional-homicide count.,
0153c39c-bb9b-4b89-a66d-54a76ea368e5,HARM,NOR,INTENTIONAL_HOMICIDE_COUNT,,PERSONS,2020-12-31,,2026-10-05T21:30:26.256310+00:00,NO_SOURCE_VALUE,,No source value retrieved,,UNAVAILABLE,UNAVAILABLE,SOURCE_DOWNLOAD_OR_SCHEMA_FAILURE,False,False,World Bank published intentional-homicide count.,
e926796f-e835-4746-b145-8c5639a5c4bd,HARM,NOR,INTENTIONAL_HOMICIDE_COUNT,,PERSONS,2021-12-31,,2026-10-05T21:30:26.256310+00:00,NO_SOURCE_VALUE,,No source value retrieved,,UNAVAILABLE,UNAVAILABLE,SOURCE_DOWNLOAD_OR_SCHEMA_FAILURE,False,False,World Bank published intentional-homicide count.,
74dec80c-d607-4a2f-b3fc-bf4bd13e7301,HARM,NOR,INTENTIONAL_HOMICIDE_COUNT,,PERSONS,2022-12-31,,2026-10-05T21:30:26.256310+00:00,NO_SOURCE_VALUE,,No source value retrieved,,UNAVAILABLE,UNAVAILABLE,SOURCE_DOWNLOAD_OR_SCHEMA_FAILURE,False,False,World Bank published intentional-homicide count.,
705c31df-8486-44af-a499-f49559193a96,HARM,NOR,INTENTIONAL_HOMICIDE_COUNT,,PERSONS,2023-12-31,,2026-10-05T21:30:26.256310+00:00,NO_SOURCE_VALUE,,No source value retrieved,,UNAVAILABLE,UNAVAILABLE,SOURCE_DOWNLOAD_OR_SCHEMA_FAILURE,False,False,World Bank published intentional-homicide count.,
b2514c56-2da2-483b-8bec-67f3cca2a5d5,HARM,NOR,INTENTIONAL_HOMICIDE_COUNT,,PERSONS,2024-12-31,,2026-10-05T21:30:26.256310+00:00,NO_SOURCE_VALUE,,No source value retrieved,,UNAVAILABLE,UNAVAILABLE,SOURCE_DOWNLOAD_OR_SCHEMA_FAILURE,False,False,World Bank published intentional-homicide count.,
e0a006b0-6748-4694-956f-41e798d5ca2f,HARM,TUR,INTENTIONAL_HOMICIDE_COUNT,,PERSONS,1996-12-31,,2026-10-05T21:30:26.259817+00:00,NO_SOURCE_VALUE,,No source value retrieved,,UNAVAILABLE,UNAVAILABLE,SOURCE_DOWNLOAD_OR_SCHEMA_FAILURE,False,False,World Bank published intentional-homicide count.,
9155a2f8-00a5-477f-889c-5f27abc91740,HARM,TUR,INTENTIONAL_HOMICIDE_COUNT,,PERSONS,1997-12-31,,2026-10-05T21:30:26.259817+00:00,NO_SOURCE_VALUE,,No source value retrieved,,UNAVAILABLE,UNAVAILABLE,SOURCE_DOWNLOAD_OR_SCHEMA_FAILURE,False,False,World Bank published intentional-homicide count.,
5ab5a3d8-8748-4e3a-bfec-7a5b38e289db,HARM,TUR,INTENTIONAL_HOMICIDE_COUNT,,PERSONS,1998-12-31,,2026-10-05T21:30:26.259817+00:00,NO_SOURCE_VALUE,,No source value retrieved,,UNAVAILABLE,UNAVAILABLE,SOURCE_DOWNLOAD_OR_SCHEMA_FAILURE,False,False,World Bank published intentional-homicide count.,
e32ab64a-bd89-45b3-9ea8-29c3e39c176e,HARM,TUR,INTENTIONAL_HOMICIDE_COUNT,,PERSONS,1999-12-31,,2026-10-05T21:30:26.259817+00:00,NO_SOURCE_VALUE,,No source value retrieved,,UNAVAILABLE,UNAVAILABLE,SOURCE_DOWNLOAD_OR_SCHEMA_FAILURE,False,False,World Bank published intentional-homicide count.,
9749b3cf-9bd6-44c3-9ab0-d6201875b3d9,HARM,TUR,INTENTIONAL_HOMICIDE_COUNT,,PERSONS,2000-12-31,,2026-10-05T21:30:26.259817+00:00,NO_SOURCE_VALUE,,No source value retrieved,,UNAVAILABLE,UNAVAILABLE,SOURCE_DOWNLOAD_OR_SCHEMA_FAILURE,False,False,World Bank published intentional-homicide count.,
6e12c2df-d9a0-4f64-aaa3-c9b932f85157,HARM,TUR,INTENTIONAL_HOMICIDE_COUNT,,PERSONS,2001-12-31,,2026-10-05T21:30:26.259817+00:00,NO_SOURCE_VALUE,,No source value retrieved,,UNAVAILABLE,UNAVAILABLE,SOURCE_DOWNLOAD_OR_SCHEMA_FAILURE,False,False,World Bank published intentional-homicide count.,
bdee8e8f-63fc-4e45-a7b0-e0993d461891,HARM,TUR,INTENTIONAL_HOMICIDE_COUNT,,PERSONS,2002-12-31,,2026-10-05T21:30:26.259817+00:00,NO_SOURCE_VALUE,,No source value retrieved,,UNAVAILABLE,UNAVAILABLE,SOURCE_DOWNLOAD_OR_SCHEMA_FAILURE,False,False,World Bank published intentional-homicide count.,
7449c5cb-7c28-4e1c-ac0b-faa91741146f,HARM,TUR,INTENTIONAL_HOMICIDE_COUNT,,PERSONS,2003-12-31,,2026-10-05T21:30:26.259817+00:00,NO_SOURCE_VALUE,,No source value retrieved,,UNAVAILABLE,UNAVAILABLE,SOURCE_DOWNLOAD_OR_SCHEMA_FAILURE,False,False,World Bank published intentional-homicide count.,
faa0380f-94ee-464b-ad93-ae3d861b907c,HARM,TUR,INTENTIONAL_HOMICIDE_COUNT,,PERSONS,2004-12-31,,2026-10-05T21:30:26.259817+00:00,NO_SOURCE_VALUE,,No source value retrieved,,UNAVAILABLE,UNAVAILABLE,SOURCE_DOWNLOAD_OR_SCHEMA_FAILURE,False,False,World Bank published intentional-homicide count.,
4fcdd837-bc89-468e-bd19-abaa55f5e022,HARM,TUR,INTENTIONAL_HOMICIDE_COUNT,,PERSONS,2005-12-31,,2026-10-05T21:30:26.259817+00:00,NO_SOURCE_VALUE,,No source value retrieved,,UNAVAILABLE,UNAVAILABLE,SOURCE_DOWNLOAD_OR_SCHEMA_FAILURE,False,False,World Bank published intentional-homicide count.,
c891578c-4dd5-42ab-ae14-ed685a955daa,HARM,TUR,INTENTIONAL_HOMICIDE_COUNT,,PERSONS,2006-12-31,,2026-10-05T21:30:26.259817+00:00,NO_SOURCE_VALUE,,No source value retrieved,,UNAVAILABLE,UNAVAILABLE,SOURCE_DOWNLOAD_OR_SCHEMA_FAILURE,False,False,World Bank published intentional-homicide count.,
f190f01d-84df-4487-a106-de36c2e3bcbd,HARM,TUR,INTENTIONAL_HOMICIDE_COUNT,,PERSONS,2007-12-31,,2026-10-05T21:30:26.259817+00:00,NO_SOURCE_VALUE,,No source value retrieved,,UNAVAILABLE,UNAVAILABLE,SOURCE_DOWNLOAD_OR_SCHEMA_FAILURE,False,False,World Bank published intentional-homicide count.,
b7b9a79f-cd46-4c52-9bbd-4b793313465f,HARM,TUR,INTENTIONAL_HOMICIDE_COUNT,,PERSONS,2008-12-31,,2026-10-05T21:30:26.259817+00:00,NO_SOURCE_VALUE,,No source value retrieved,,UNAVAILABLE,UNAVAILABLE,SOURCE_DOWNLOAD_OR_SCHEMA_FAILURE,False,False,World Bank published intentional-homicide count.,
f6a53390-3777-4b2c-ba75-92a75a38932b,HARM,TUR,INTENTIONAL_HOMICIDE_COUNT,,PERSONS,2009-12-31,,2026-10-05T21:30:26.259817+00:00,NO_SOURCE_VALUE,,No source value retrieved,,UNAVAILABLE,UNAVAILABLE,SOURCE_DOWNLOAD_OR_SCHEMA_FAILURE,False,False,World Bank published intentional-homicide count.,
ef61c485-ac6a-4313-b2a2-96de25f50bce,HARM,TUR,INTENTIONAL_HOMICIDE_COUNT,,PERSONS,2010-12-31,,2026-10-05T21:30:26.259817+00:00,NO_SOURCE_VALUE,,No source value retrieved,,UNAVAILABLE,UNAVAILABLE,SOURCE_DOWNLOAD_OR_SCHEMA_FAILURE,False,False,World Bank published intentional-homicide count.,
ffb90fc9-9deb-4b3c-93cb-06e4a045e1e2,HARM,TUR,INTENTIONAL_HOMICIDE_COUNT,,PERSONS,2011-12-31,,2026-10-05T21:30:26.259817+00:00,NO_SOURCE_VALUE,,No source value retrieved,,UNAVAILABLE,UNAVAILABLE,SOURCE_DOWNLOAD_OR_SCHEMA_FAILURE,False,False,World Bank published intentional-homicide count.,
7aca0e02-d07e-4de5-a928-92d116d322ca,HARM,TUR,INTENTIONAL_HOMICIDE_COUNT,,PERSONS,2012-12-31,,2026-10-05T21:30:26.259817+00:00,NO_SOURCE_VALUE,,No source value retrieved,,UNAVAILABLE,UNAVAILABLE,SOURCE_DOWNLOAD_OR_SCHEMA_FAILURE,False,False,World Bank published intentional-homicide count.,
df157b51-f46c-4380-8535-dcddd6537481,HARM,TUR,INTENTIONAL_HOMICIDE_COUNT,,PERSONS,2013-12-31,,2026-10-05T21:30:26.259817+00:00,NO_SOURCE_VALUE,,No source value retrieved,,UNAVAILABLE,UNAVAILABLE,SOURCE_DOWNLOAD_OR_SCHEMA_FAILURE,False,False,World Bank published intentional-homicide count.,
fbf2e3d3-595a-4e3d-9ab9-a2858c2175b8,HARM,TUR,INTENTIONAL_HOMICIDE_COUNT,,PERSONS,2014-12-31,,2026-10-05T21:30:26.259817+00:00,NO_SOURCE_VALUE,,No source value retrieved,,UNAVAILABLE,UNAVAILABLE,SOURCE_DOWNLOAD_OR_SCHEMA_FAILURE,False,False,World Bank published intentional-homicide count.,
d5cb7468-caf2-4eaf-9940-7b274c48d81b,HARM,TUR,INTENTIONAL_HOMICIDE_COUNT,,PERSONS,2015-12-31,,2026-10-05T21:30:26.259817+00:00,NO_SOURCE_VALUE,,No source value retrieved,,UNAVAILABLE,UNAVAILABLE,SOURCE_DOWNLOAD_OR_SCHEMA_FAILURE,False,False,World Bank published intentional-homicide count.,
a1ea66fa-1107-446b-a984-c72f994460fc,HARM,TUR,INTENTIONAL_HOMICIDE_COUNT,,PERSONS,2016-12-31,,2026-10-05T21:30:26.259817+00:00,NO_SOURCE_VALUE,,No source value retrieved,,UNAVAILABLE,UNAVAILABLE,SOURCE_DOWNLOAD_OR_SCHEMA_FAILURE,False,False,World Bank published intentional-homicide count.,
5d243962-a346-4279-945d-97598df04e0d,HARM,TUR,INTENTIONAL_HOMICIDE_COUNT,,PERSONS,2017-12-31,,2026-10-05T21:30:26.259817+00:00,NO_SOURCE_VALUE,,No source value retrieved,,UNAVAILABLE,UNAVAILABLE,SOURCE_DOWNLOAD_OR_SCHEMA_FAILURE,False,False,World Bank published intentional-homicide count.,
135012b2-dc66-4f7a-9e33-9ce061af5c1c,HARM,TUR,INTENTIONAL_HOMICIDE_COUNT,,PERSONS,2018-12-31,,2026-10-05T21:30:26.259817+00:00,NO_SOURCE_VALUE,,No source value retrieved,,UNAVAILABLE,UNAVAILABLE,SOURCE_DOWNLOAD_OR_SCHEMA_FAILURE,False,False,World Bank published intentional-homicide count.,
c6f55a1c-cc16-447e-b9c7-bd150ee469ac,HARM,TUR,INTENTIONAL_HOMICIDE_COUNT,,PERSONS,2019-12-31,,2026-10-05T21:30:26.259817+00:00,NO_SOURCE_VALUE,,No source value retrieved,,UNAVAILABLE,UNAVAILABLE,SOURCE_DOWNLOAD_OR_SCHEMA_FAILURE,False,False,World Bank published intentional-homicide count.,
9351a5ea-ba35-4cab-9459-21ff8d474c53,HARM,TUR,INTENTIONAL_HOMICIDE_COUNT,,PERSONS,2020-12-31,,2026-10-05T21:30:26.259817+00:00,NO_SOURCE_VALUE,,No source value retrieved,,UNAVAILABLE,UNAVAILABLE,SOURCE_DOWNLOAD_OR_SCHEMA_FAILURE,False,False,World Bank published intentional-homicide count.,
dc145dc5-4964-48fe-bfc7-c89d08514c10,HARM,TUR,INTENTIONAL_HOMICIDE_COUNT,,PERSONS,2021-12-31,,2026-10-05T21:30:26.259817+00:00,NO_SOURCE_VALUE,,No source value retrieved,,UNAVAILABLE,UNAVAILABLE,SOURCE_DOWNLOAD_OR_SCHEMA_FAILURE,False,False,World Bank published intentional-homicide count.,
d995fafa-0ddb-458d-843e-7d5a11bf7ba8,HARM,TUR,INTENTIONAL_HOMICIDE_COUNT,,PERSONS,2022-12-31,,2026-10-05T21:30:26.259817+00:00,NO_SOURCE_VALUE,,No source value retrieved,,UNAVAILABLE,UNAVAILABLE,SOURCE_DOWNLOAD_OR_SCHEMA_FAILURE,False,False,World Bank published intentional-homicide count.,
6bfc0e28-d512-4ba4-8c58-95633484c150,HARM,TUR,INTENTIONAL_HOMICIDE_COUNT,,PERSONS,2023-12-31,,2026-10-05T21:30:26.259817+00:00,NO_SOURCE_VALUE,,No source value retrieved,,UNAVAILABLE,UNAVAILABLE,SOURCE_DOWNLOAD_OR_SCHEMA_FAILURE,False,False,World Bank published intentional-homicide count.,
b380af70-07a8-4e17-b031-cfa2e6bad70f,HARM,TUR,INTENTIONAL_HOMICIDE_COUNT,,PERSONS,2024-12-31,,2026-10-05T21:30:26.259817+00:00,NO_SOURCE_VALUE,,No source value retrieved,,UNAVAILABLE,UNAVAILABLE,SOURCE_DOWNLOAD_OR_SCHEMA_FAILURE,False,False,World Bank published intentional-homicide count.,
3d199b07-c5c2-4212-a60d-ff6e8af4d842,HARM,USA,INTENTIONAL_HOMICIDE_COUNT,,PERSONS,1996-12-31,,2026-10-05T21:30:26.263819+00:00,NO_SOURCE_VALUE,,No source value retrieved,,UNAVAILABLE,UNAVAILABLE,SOURCE_DOWNLOAD_OR_SCHEMA_FAILURE,False,False,World Bank published intentional-homicide count.,
45a59a82-e915-4e3e-8130-fa74bbaf480d,HARM,USA,INTENTIONAL_HOMICIDE_COUNT,,PERSONS,1997-12-31,,2026-10-05T21:30:26.263819+00:00,NO_SOURCE_VALUE,,No source value retrieved,,UNAVAILABLE,UNAVAILABLE,SOURCE_DOWNLOAD_OR_SCHEMA_FAILURE,False,False,World Bank published intentional-homicide count.,
078b1860-167a-423a-8d06-9e0c628466a0,HARM,USA,INTENTIONAL_HOMICIDE_COUNT,,PERSONS,1998-12-31,,2026-10-05T21:30:26.263819+00:00,NO_SOURCE_VALUE,,No source value retrieved,,UNAVAILABLE,UNAVAILABLE,SOURCE_DOWNLOAD_OR_SCHEMA_FAILURE,False,False,World Bank published intentional-homicide count.,
2926d42f-e9a0-4b39-9432-2b25f035ac0b,HARM,USA,INTENTIONAL_HOMICIDE_COUNT,,PERSONS,1999-12-31,,2026-10-05T21:30:26.263819+00:00,NO_SOURCE_VALUE,,No source value retrieved,,UNAVAILABLE,UNAVAILABLE,SOURCE_DOWNLOAD_OR_SCHEMA_FAILURE,False,False,World Bank published intentional-homicide count.,
5693c7ec-1154-42d1-b9bc-6d4a0d87adc0,HARM,USA,INTENTIONAL_HOMICIDE_COUNT,,PERSONS,2000-12-31,,2026-10-05T21:30:26.263819+00:00,NO_SOURCE_VALUE,,No source value retrieved,,UNAVAILABLE,UNAVAILABLE,SOURCE_DOWNLOAD_OR_SCHEMA_FAILURE,False,False,World Bank published intentional-homicide count.,
eca3404f-7d2d-41e7-924e-ee35df55ae63,HARM,USA,INTENTIONAL_HOMICIDE_COUNT,,PERSONS,2001-12-31,,2026-10-05T21:30:26.263819+00:00,NO_SOURCE_VALUE,,No source value retrieved,,UNAVAILABLE,UNAVAILABLE,SOURCE_DOWNLOAD_OR_SCHEMA_FAILURE,False,False,World Bank published intentional-homicide count.,
ea2498bf-c5b9-415b-87d6-915cdd30f2bc,HARM,USA,INTENTIONAL_HOMICIDE_COUNT,,PERSONS,2002-12-31,,2026-10-05T21:30:26.263819+00:00,NO_SOURCE_VALUE,,No source value retrieved,,UNAVAILABLE,UNAVAILABLE,SOURCE_DOWNLOAD_OR_SCHEMA_FAILURE,False,False,World Bank published intentional-homicide count.,
1a46fa95-99c9-4a55-8c5e-78859d8f79d3,HARM,USA,INTENTIONAL_HOMICIDE_COUNT,,PERSONS,2003-12-31,,2026-10-05T21:30:26.263819+00:00,NO_SOURCE_VALUE,,No source value retrieved,,UNAVAILABLE,UNAVAILABLE,SOURCE_DOWNLOAD_OR_SCHEMA_FAILURE,False,False,World Bank published intentional-homicide count.,
6f6f2682-703e-4f0e-9fd7-9d96b9b60519,HARM,USA,INTENTIONAL_HOMICIDE_COUNT,,PERSONS,2004-12-31,,2026-10-05T21:30:26.263819+00:00,NO_SOURCE_VALUE,,No source value retrieved,,UNAVAILABLE,UNAVAILABLE,SOURCE_DOWNLOAD_OR_SCHEMA_FAILURE,False,False,World Bank published intentional-homicide count.,
b75f8610-b63e-4fc7-87f0-23fe83f527c4,HARM,USA,INTENTIONAL_HOMICIDE_COUNT,,PERSONS,2005-12-31,,2026-10-05T21:30:26.263819+00:00,NO_SOURCE_VALUE,,No source value retrieved,,UNAVAILABLE,UNAVAILABLE,SOURCE_DOWNLOAD_OR_SCHEMA_FAILURE,False,False,World Bank published intentional-homicide count.,
2039af48-faae-42dc-8574-460f7affca1b,HARM,USA,INTENTIONAL_HOMICIDE_COUNT,,PERSONS,2006-12-31,,2026-10-05T21:30:26.263819+00:00,NO_SOURCE_VALUE,,No source value retrieved,,UNAVAILABLE,UNAVAILABLE,SOURCE_DOWNLOAD_OR_SCHEMA_FAILURE,False,False,World Bank published intentional-homicide count.,
82442e96-e56a-4fd0-8d30-3f140b5c14df,HARM,USA,INTENTIONAL_HOMICIDE_COUNT,,PERSONS,2007-12-31,,2026-10-05T21:30:26.263819+00:00,NO_SOURCE_VALUE,,No source value retrieved,,UNAVAILABLE,UNAVAILABLE,SOURCE_DOWNLOAD_OR_SCHEMA_FAILURE,False,False,World Bank published intentional-homicide count.,
21c76b61-a3d0-4ad4-a059-b3af4544b802,HARM,USA,INTENTIONAL_HOMICIDE_COUNT,,PERSONS,2008-12-31,,2026-10-05T21:30:26.263819+00:00,NO_SOURCE_VALUE,,No source value retrieved,,UNAVAILABLE,UNAVAILABLE,SOURCE_DOWNLOAD_OR_SCHEMA_FAILURE,False,False,World Bank published intentional-homicide count.,
8db7812a-c7e4-48ae-b919-39d73a485d27,HARM,USA,INTENTIONAL_HOMICIDE_COUNT,,PERSONS,2009-12-31,,2026-10-05T21:30:26.263819+00:00,NO_SOURCE_VALUE,,No source value retrieved,,UNAVAILABLE,UNAVAILABLE,SOURCE_DOWNLOAD_OR_SCHEMA_FAILURE,False,False,World Bank published intentional-homicide count.,
10f8892e-8192-4331-843f-2493979461b3,HARM,USA,INTENTIONAL_HOMICIDE_COUNT,,PERSONS,2010-12-31,,2026-10-05T21:30:26.263819+00:00,NO_SOURCE_VALUE,,No source value retrieved,,UNAVAILABLE,UNAVAILABLE,SOURCE_DOWNLOAD_OR_SCHEMA_FAILURE,False,False,World Bank published intentional-homicide count.,
b4886a62-0292-452a-8ab1-832540c69bf4,HARM,USA,INTENTIONAL_HOMICIDE_COUNT,,PERSONS,2011-12-31,,2026-10-05T21:30:26.263819+00:00,NO_SOURCE_VALUE,,No source value retrieved,,UNAVAILABLE,UNAVAILABLE,SOURCE_DOWNLOAD_OR_SCHEMA_FAILURE,False,False,World Bank published intentional-homicide count.,
b49bd94e-f01e-4160-92d0-eaac94072589,HARM,USA,INTENTIONAL_HOMICIDE_COUNT,,PERSONS,2012-12-31,,2026-10-05T21:30:26.263819+00:00,NO_SOURCE_VALUE,,No source value retrieved,,UNAVAILABLE,UNAVAILABLE,SOURCE_DOWNLOAD_OR_SCHEMA_FAILURE,False,False,World Bank published intentional-homicide count.,
04d2b18c-09bf-4ddc-a591-4cc91f4b1cc0,HARM,USA,INTENTIONAL_HOMICIDE_COUNT,,PERSONS,2013-12-31,,2026-10-05T21:30:26.263819+00:00,NO_SOURCE_VALUE,,No source value retrieved,,UNAVAILABLE,UNAVAILABLE,SOURCE_DOWNLOAD_OR_SCHEMA_FAILURE,False,False,World Bank published intentional-homicide count.,
de0659e4-3177-421f-a7fa-520f6b1cae42,HARM,USA,INTENTIONAL_HOMICIDE_COUNT,,PERSONS,2014-12-31,,2026-10-05T21:30:26.263819+00:00,NO_SOURCE_VALUE,,No source value retrieved,,UNAVAILABLE,UNAVAILABLE,SOURCE_DOWNLOAD_OR_SCHEMA_FAILURE,False,False,World Bank published intentional-homicide count.,
d402e887-4c5c-49eb-9a43-da3e32de441e,HARM,USA,INTENTIONAL_HOMICIDE_COUNT,,PERSONS,2015-12-31,,2026-10-05T21:30:26.263819+00:00,NO_SOURCE_VALUE,,No source value retrieved,,UNAVAILABLE,UNAVAILABLE,SOURCE_DOWNLOAD_OR_SCHEMA_FAILURE,False,False,World Bank published intentional-homicide count.,
2b62ada2-d6e5-40ed-874e-8f02c2de8dbc,HARM,USA,INTENTIONAL_HOMICIDE_COUNT,,PERSONS,2016-12-31,,2026-10-05T21:30:26.263819+00:00,NO_SOURCE_VALUE,,No source value retrieved,,UNAVAILABLE,UNAVAILABLE,SOURCE_DOWNLOAD_OR_SCHEMA_FAILURE,False,False,World Bank published intentional-homicide count.,
51550b77-0c45-41c3-89db-802577399c92,HARM,USA,INTENTIONAL_HOMICIDE_COUNT,,PERSONS,2017-12-31,,2026-10-05T21:30:26.263819+00:00,NO_SOURCE_VALUE,,No source value retrieved,,UNAVAILABLE,UNAVAILABLE,SOURCE_DOWNLOAD_OR_SCHEMA_FAILURE,False,False,World Bank published intentional-homicide count.,
88a44f2f-0380-480f-9e34-fc5da3d0e9db,HARM,USA,INTENTIONAL_HOMICIDE_COUNT,,PERSONS,2018-12-31,,2026-10-05T21:30:26.263819+00:00,NO_SOURCE_VALUE,,No source value retrieved,,UNAVAILABLE,UNAVAILABLE,SOURCE_DOWNLOAD_OR_SCHEMA_FAILURE,False,False,World Bank published intentional-homicide count.,
e6bf05f4-7ec8-49b4-a42b-8ef530b076ee,HARM,USA,INTENTIONAL_HOMICIDE_COUNT,,PERSONS,2019-12-31,,2026-10-05T21:30:26.263819+00:00,NO_SOURCE_VALUE,,No source value retrieved,,UNAVAILABLE,UNAVAILABLE,SOURCE_DOWNLOAD_OR_SCHEMA_FAILURE,False,False,World Bank published intentional-homicide count.,
9de0b0f7-7a63-4013-a2c7-1aa4cdc9d185,HARM,USA,INTENTIONAL_HOMICIDE_COUNT,,PERSONS,2020-12-31,,2026-10-05T21:30:26.263819+00:00,NO_SOURCE_VALUE,,No source value retrieved,,UNAVAILABLE,UNAVAILABLE,SOURCE_DOWNLOAD_OR_SCHEMA_FAILURE,False,False,World Bank published intentional-homicide count.,
f566fe2b-8b4a-4f2b-a780-970bc6561383,HARM,USA,INTENTIONAL_HOMICIDE_COUNT,,PERSONS,2021-12-31,,2026-10-05T21:30:26.263819+00:00,NO_SOURCE_VALUE,,No source value retrieved,,UNAVAILABLE,UNAVAILABLE,SOURCE_DOWNLOAD_OR_SCHEMA_FAILURE,False,False,World Bank published intentional-homicide count.,
64bb16bf-4c50-40bb-8427-fe472ebf5c52,HARM,USA,INTENTIONAL_HOMICIDE_COUNT,,PERSONS,2022-12-31,,2026-10-05T21:30:26.263819+00:00,NO_SOURCE_VALUE,,No source value retrieved,,UNAVAILABLE,UNAVAILABLE,SOURCE_DOWNLOAD_OR_SCHEMA_FAILURE,False,False,World Bank published intentional-homicide count.,
4927d1a6-d562-437f-98f1-7e42bca95093,HARM,USA,INTENTIONAL_HOMICIDE_COUNT,,PERSONS,2023-12-31,,2026-10-05T21:30:26.263819+00:00,NO_SOURCE_VALUE,,No source value retrieved,,UNAVAILABLE,UNAVAILABLE,SOURCE_DOWNLOAD_OR_SCHEMA_FAILURE,False,False,World Bank published intentional-homicide count.,
66d3893b-dcd5-4297-83ac-235b59561474,HARM,USA,INTENTIONAL_HOMICIDE_COUNT,,PERSONS,2024-12-31,,2026-10-05T21:30:26.263819+00:00,NO_SOURCE_VALUE,,No source value retrieved,,UNAVAILABLE,UNAVAILABLE,SOURCE_DOWNLOAD_OR_SCHEMA_FAILURE,False,False,World Bank published intentional-homicide count.,
65c70677-3f6f-4fdb-bee2-6f2113b69e9c,HARM,ZAF,INTENTIONAL_HOMICIDE_COUNT,,PERSONS,1996-12-31,,2026-10-05T21:30:26.267329+00:00,NO_SOURCE_VALUE,,No source value retrieved,,UNAVAILABLE,UNAVAILABLE,SOURCE_DOWNLOAD_OR_SCHEMA_FAILURE,False,False,World Bank published intentional-homicide count.,
bc174d22-aadb-475d-9e69-5601c66a2a7c,HARM,ZAF,INTENTIONAL_HOMICIDE_COUNT,,PERSONS,1997-12-31,,2026-10-05T21:30:26.267329+00:00,NO_SOURCE_VALUE,,No source value retrieved,,UNAVAILABLE,UNAVAILABLE,SOURCE_DOWNLOAD_OR_SCHEMA_FAILURE,False,False,World Bank published intentional-homicide count.,
e3031be0-efb3-40ba-ba22-d4bac2b9af39,HARM,ZAF,INTENTIONAL_HOMICIDE_COUNT,,PERSONS,1998-12-31,,2026-10-05T21:30:26.267329+00:00,NO_SOURCE_VALUE,,No source value retrieved,,UNAVAILABLE,UNAVAILABLE,SOURCE_DOWNLOAD_OR_SCHEMA_FAILURE,False,False,World Bank published intentional-homicide count.,
708c6d83-fea7-486d-963b-7f6509796e38,HARM,ZAF,INTENTIONAL_HOMICIDE_COUNT,,PERSONS,1999-12-31,,2026-10-05T21:30:26.267329+00:00,NO_SOURCE_VALUE,,No source value retrieved,,UNAVAILABLE,UNAVAILABLE,SOURCE_DOWNLOAD_OR_SCHEMA_FAILURE,False,False,World Bank published intentional-homicide count.,
0e201ede-eed9-48d0-8dbf-a41d35028b9c,HARM,ZAF,INTENTIONAL_HOMICIDE_COUNT,,PERSONS,2000-12-31,,2026-10-05T21:30:26.267329+00:00,NO_SOURCE_VALUE,,No source value retrieved,,UNAVAILABLE,UNAVAILABLE,SOURCE_DOWNLOAD_OR_SCHEMA_FAILURE,False,False,World Bank published intentional-homicide count.,
bf587175-be74-4067-8da9-96c964d86f3b,HARM,ZAF,INTENTIONAL_HOMICIDE_COUNT,,PERSONS,2001-12-31,,2026-10-05T21:30:26.267329+00:00,NO_SOURCE_VALUE,,No source value retrieved,,UNAVAILABLE,UNAVAILABLE,SOURCE_DOWNLOAD_OR_SCHEMA_FAILURE,False,False,World Bank published intentional-homicide count.,
1beb4d86-21bb-4111-ba74-4efe43f5b1f2,HARM,ZAF,INTENTIONAL_HOMICIDE_COUNT,,PERSONS,2002-12-31,,2026-10-05T21:30:26.267329+00:00,NO_SOURCE_VALUE,,No source value retrieved,,UNAVAILABLE,UNAVAILABLE,SOURCE_DOWNLOAD_OR_SCHEMA_FAILURE,False,False,World Bank published intentional-homicide count.,
8cc7500b-d743-46dd-ad85-6c1083db85b0,HARM,ZAF,INTENTIONAL_HOMICIDE_COUNT,,PERSONS,2003-12-31,,2026-10-05T21:30:26.267329+00:00,NO_SOURCE_VALUE,,No source value retrieved,,UNAVAILABLE,UNAVAILABLE,SOURCE_DOWNLOAD_OR_SCHEMA_FAILURE,False,False,World Bank published intentional-homicide count.,
648cfd81-ad40-48fe-b143-0e7b0931124e,HARM,ZAF,INTENTIONAL_HOMICIDE_COUNT,,PERSONS,2004-12-31,,2026-10-05T21:30:26.267329+00:00,NO_SOURCE_VALUE,,No source value retrieved,,UNAVAILABLE,UNAVAILABLE,SOURCE_DOWNLOAD_OR_SCHEMA_FAILURE,False,False,World Bank published intentional-homicide count.,
d14d935d-a223-48b8-8eaa-b8f71ae03f0c,HARM,ZAF,INTENTIONAL_HOMICIDE_COUNT,,PERSONS,2005-12-31,,2026-10-05T21:30:26.267329+00:00,NO_SOURCE_VALUE,,No source value retrieved,,UNAVAILABLE,UNAVAILABLE,SOURCE_DOWNLOAD_OR_SCHEMA_FAILURE,False,False,World Bank published intentional-homicide count.,
8bfd8439-11ec-4c38-b322-51bad026c6cf,HARM,ZAF,INTENTIONAL_HOMICIDE_COUNT,,PERSONS,2006-12-31,,2026-10-05T21:30:26.267329+00:00,NO_SOURCE_VALUE,,No source value retrieved,,UNAVAILABLE,UNAVAILABLE,SOURCE_DOWNLOAD_OR_SCHEMA_FAILURE,False,False,World Bank published intentional-homicide count.,
1b33d18d-d45b-4ef4-b3c3-b8a75b10daca,HARM,ZAF,INTENTIONAL_HOMICIDE_COUNT,,PERSONS,2007-12-31,,2026-10-05T21:30:26.267329+00:00,NO_SOURCE_VALUE,,No source value retrieved,,UNAVAILABLE,UNAVAILABLE,SOURCE_DOWNLOAD_OR_SCHEMA_FAILURE,False,False,World Bank published intentional-homicide count.,
0b721159-7ad6-4065-b726-76aeb9367cf3,HARM,ZAF,INTENTIONAL_HOMICIDE_COUNT,,PERSONS,2008-12-31,,2026-10-05T21:30:26.267329+00:00,NO_SOURCE_VALUE,,No source value retrieved,,UNAVAILABLE,UNAVAILABLE,SOURCE_DOWNLOAD_OR_SCHEMA_FAILURE,False,False,World Bank published intentional-homicide count.,
fcd2a92d-e4c8-4100-b55a-26878f4b7bfb,HARM,ZAF,INTENTIONAL_HOMICIDE_COUNT,,PERSONS,2009-12-31,,2026-10-05T21:30:26.267329+00:00,NO_SOURCE_VALUE,,No source value retrieved,,UNAVAILABLE,UNAVAILABLE,SOURCE_DOWNLOAD_OR_SCHEMA_FAILURE,False,False,World Bank published intentional-homicide count.,
bd7f4bd4-cb4f-4d05-b869-46c5363e24ba,HARM,ZAF,INTENTIONAL_HOMICIDE_COUNT,,PERSONS,2010-12-31,,2026-10-05T21:30:26.267329+00:00,NO_SOURCE_VALUE,,No source value retrieved,,UNAVAILABLE,UNAVAILABLE,SOURCE_DOWNLOAD_OR_SCHEMA_FAILURE,False,False,World Bank published intentional-homicide count.,
41402d46-e085-4adf-b23c-04c74a423b07,HARM,ZAF,INTENTIONAL_HOMICIDE_COUNT,,PERSONS,2011-12-31,,2026-10-05T21:30:26.267329+00:00,NO_SOURCE_VALUE,,No source value retrieved,,UNAVAILABLE,UNAVAILABLE,SOURCE_DOWNLOAD_OR_SCHEMA_FAILURE,False,False,World Bank published intentional-homicide count.,
446696f7-93cf-4d65-b11b-b3831227b9c4,HARM,ZAF,INTENTIONAL_HOMICIDE_COUNT,,PERSONS,2012-12-31,,2026-10-05T21:30:26.267329+00:00,NO_SOURCE_VALUE,,No source value retrieved,,UNAVAILABLE,UNAVAILABLE,SOURCE_DOWNLOAD_OR_SCHEMA_FAILURE,False,False,World Bank published intentional-homicide count.,
3620d4ba-d583-41a3-b84f-9911f9b87ca5,HARM,ZAF,INTENTIONAL_HOMICIDE_COUNT,,PERSONS,2013-12-31,,2026-10-05T21:30:26.267329+00:00,NO_SOURCE_VALUE,,No source value retrieved,,UNAVAILABLE,UNAVAILABLE,SOURCE_DOWNLOAD_OR_SCHEMA_FAILURE,False,False,World Bank published intentional-homicide count.,
6e40a1cb-ada0-4f96-a7bc-6083aa851afe,HARM,ZAF,INTENTIONAL_HOMICIDE_COUNT,,PERSONS,2014-12-31,,2026-10-05T21:30:26.267329+00:00,NO_SOURCE_VALUE,,No source value retrieved,,UNAVAILABLE,UNAVAILABLE,SOURCE_DOWNLOAD_OR_SCHEMA_FAILURE,False,False,World Bank published intentional-homicide count.,
645d74a5-1849-4ef5-9e96-92d64196a0a7,HARM,ZAF,INTENTIONAL_HOMICIDE_COUNT,,PERSONS,2015-12-31,,2026-10-05T21:30:26.267329+00:00,NO_SOURCE_VALUE,,No source value retrieved,,UNAVAILABLE,UNAVAILABLE,SOURCE_DOWNLOAD_OR_SCHEMA_FAILURE,False,False,World Bank published intentional-homicide count.,
cc6d5988-e694-4225-80a1-54c0fcc0e432,HARM,ZAF,INTENTIONAL_HOMICIDE_COUNT,,PERSONS,2016-12-31,,2026-10-05T21:30:26.267329+00:00,NO_SOURCE_VALUE,,No source value retrieved,,UNAVAILABLE,UNAVAILABLE,SOURCE_DOWNLOAD_OR_SCHEMA_FAILURE,False,False,World Bank published intentional-homicide count.,
0d4a422b-9452-4398-8629-53257cb4ca3a,HARM,ZAF,INTENTIONAL_HOMICIDE_COUNT,,PERSONS,2017-12-31,,2026-10-05T21:30:26.267329+00:00,NO_SOURCE_VALUE,,No source value retrieved,,UNAVAILABLE,UNAVAILABLE,SOURCE_DOWNLOAD_OR_SCHEMA_FAILURE,False,False,World Bank published intentional-homicide count.,
9ea2541a-181a-48ca-bf64-6830799957ad,HARM,ZAF,INTENTIONAL_HOMICIDE_COUNT,,PERSONS,2018-12-31,,2026-10-05T21:30:26.267329+00:00,NO_SOURCE_VALUE,,No source value retrieved,,UNAVAILABLE,UNAVAILABLE,SOURCE_DOWNLOAD_OR_SCHEMA_FAILURE,False,False,World Bank published intentional-homicide count.,
04abbe78-dae4-4dd9-a95e-cf7b9c9d872d,HARM,ZAF,INTENTIONAL_HOMICIDE_COUNT,,PERSONS,2019-12-31,,2026-10-05T21:30:26.267329+00:00,NO_SOURCE_VALUE,,No source value retrieved,,UNAVAILABLE,UNAVAILABLE,SOURCE_DOWNLOAD_OR_SCHEMA_FAILURE,False,False,World Bank published intentional-homicide count.,
cef6cc8d-00d6-4fd4-a87e-583036dbb7df,HARM,ZAF,INTENTIONAL_HOMICIDE_COUNT,,PERSONS,2020-12-31,,2026-10-05T21:30:26.267329+00:00,NO_SOURCE_VALUE,,No source value retrieved,,UNAVAILABLE,UNAVAILABLE,SOURCE_DOWNLOAD_OR_SCHEMA_FAILURE,False,False,World Bank published intentional-homicide count.,
143b32bd-9c33-462b-87e5-3a54b545bc34,HARM,ZAF,INTENTIONAL_HOMICIDE_COUNT,,PERSONS,2021-12-31,,2026-10-05T21:30:26.267329+00:00,NO_SOURCE_VALUE,,No source value retrieved,,UNAVAILABLE,UNAVAILABLE,SOURCE_DOWNLOAD_OR_SCHEMA_FAILURE,False,False,World Bank published intentional-homicide count.,
9885cd16-5411-485a-8a72-0fa873ed1ead,HARM,ZAF,INTENTIONAL_HOMICIDE_COUNT,,PERSONS,2022-12-31,,2026-10-05T21:30:26.267329+00:00,NO_SOURCE_VALUE,,No source value retrieved,,UNAVAILABLE,UNAVAILABLE,SOURCE_DOWNLOAD_OR_SCHEMA_FAILURE,False,False,World Bank published intentional-homicide count.,
6a52789e-3e5e-4c08-b869-52a48d735c67,HARM,ZAF,INTENTIONAL_HOMICIDE_COUNT,,PERSONS,2023-12-31,,2026-10-05T21:30:26.267329+00:00,NO_SOURCE_VALUE,,No source value retrieved,,UNAVAILABLE,UNAVAILABLE,SOURCE_DOWNLOAD_OR_SCHEMA_FAILURE,False,False,World Bank published intentional-homicide count.,
5f640e5a-3f5a-4e8b-baaa-402a2535d1b2,HARM,ZAF,INTENTIONAL_HOMICIDE_COUNT,,PERSONS,2024-12-31,,2026-10-05T21:30:26.267329+00:00,NO_SOURCE_VALUE,,No source value retrieved,,UNAVAILABLE,UNAVAILABLE,SOURCE_DOWNLOAD_OR_SCHEMA_FAILURE,False,False,World Bank published intentional-homicide count.,
